chid,pid,purpose,firstclass,tickettype,whopaid,luggage,age,male,income,seasonalticket,oricanton,descanton,TRAIN_TT,TRAIN_CO,TRAIN_HE,SM_TT,SM_CO,SM_HE,SM_SEATS,CAR_TT,CAR_CO,CHOICE
1,1,1,0,1,1,0,3,0,2,0,2,1,112,48,120,63,52,20,0,117,65,2
2,1,1,0,1,1,0,3,0,2,0,2,1,103,48,30,60,49,10,0,117,84,2
3,1,1,0,1,1,0,3,0,2,0,2,1,130,48,60,67,58,30,0,117,52,2
4,1,1,0,1,1,0,3,0,2,0,2,1,103,40,30,63,52,20,0,72,52,2
5,1,1,0,1,1,0,3,0,2,0,2,1,130,36,60,63,42,20,0,90,84,2
6,1,1,0,1,1,0,3,0,2,0,2,1,112,36,120,60,49,10,0,90,52,2
7,1,1,0,1,1,0,3,0,2,0,2,1,103,48,120,67,58,10,0,72,65,2
8,1,1,0,1,1,0,3,0,2,0,2,1,103,36,30,67,43,30,0,90,65,1
9,1,1,0,1,1,0,3,0,2,0,2,1,130,40,60,60,46,10,0,72,65,2
10,3,1,0,1,1,1,2,1,2,0,10,25,58,32,30,29,35,10,0,105,40,2
11,3,1,0,1,1,1,2,1,2,0,10,25,58,29,30,25,38,20,0,136,50,2
12,3,1,0,1,1,1,2,1,2,0,10,25,58,32,120,27,40,10,1,136,65,2
13,3,1,0,1,1,1,2,1,2,0,10,25,47,29,60,25,38,30,1,84,65,2
14,3,1,0,1,1,1,2,1,2,0,10,25,51,32,30,25,36,30,1,136,40,2
15,3,1,0,1,1,1,2,1,2,0,10,25,51,38,60,25,42,20,0,84,40,2
16,3,1,0,1,1,1,2,1,2,0,10,25,51,29,30,27,32,10,1,84,50,2
17,3,1,0,1,1,1,2,1,2,0,10,25,51,32,60,27,40,30,0,105,50,2
18,3,1,0,1,1,1,2,1,2,0,10,25,58,38,30,27,42,30,0,84,65,2
19,4,1,0,1,1,1,2,1,3,0,19,2,138,40,30,65,45,10,0,135,80,2
20,4,1,0,1,1,1,2,1,3,0,19,2,138,40,120,61,52,10,1,175,130,2
21,4,1,0,1,1,1,2,1,3,0,19,2,138,36,30,58,49,20,0,175,100,2
22,4,1,0,1,1,1,2,1,3,0,19,2,105,36,60,58,49,30,1,108,130,2
23,4,1,0,1,1,1,2,1,3,0,19,2,116,40,30,58,46,30,1,175,80,2
24,4,1,0,1,1,1,2,1,3,0,19,2,116,36,30,61,42,10,1,108,100,2
25,4,1,0,1,1,1,2,1,3,0,19,2,116,48,60,58,50,20,0,108,80,2
26,4,1,0,1,1,1,2,1,3,0,19,2,138,48,30,61,52,30,0,108,130,2
27,4,1,0,1,1,1,2,1,3,0,19,2,116,40,60,61,52,30,0,135,100,2
28,6,1,0,1,1,1,3,0,3,0,9,17,116,35,120,46,38,30,1,70,35,2
29,6,1,0,1,1,1,3,0,3,0,9,17,95,26,120,49,29,30,0,91,28,2
30,6,1,0,1,1,1,3,0,3,0,9,17,116,26,120,53,32,20,1,56,28,2
31,6,1,0,1,1,1,3,0,3,0,9,17,102,26,60,53,32,10,0,91,45,2
32,6,1,0,1,1,1,3,0,3,0,9,17,102,29,120,53,32,30,0,56,45,2
33,6,1,0,1,1,1,3,0,3,0,9,17,95,29,60,53,32,20,1,91,35,2
34,6,1,0,1,1,1,3,0,3,0,9,17,95,35,60,49,40,10,1,70,28,2
35,6,1,0,1,1,1,3,0,3,0,9,17,95,29,120,46,35,20,0,70,45,2
36,6,1,0,1,1,1,3,0,3,0,9,17,102,35,30,53,46,20,1,70,45,2
37,7,1,0,1,1,1,3,1,1,0,1,2,87,42,120,32,49,20,0,117,140,2
38,7,1,0,1,1,1,3,1,1,0,1,2,80,42,30,29,46,10,0,117,182,2
39,7,1,0,1,1,1,3,1,1,0,1,2,101,42,60,36,56,30,0,117,112,2
40,7,1,0,1,1,1,3,1,1,0,1,2,80,35,30,32,49,20,0,72,112,2
41,7,1,0,1,1,1,3,1,1,0,1,2,101,31,60,32,38,20,0,90,182,2
42,7,1,0,1,1,1,3,1,1,0,1,2,87,31,120,29,46,10,0,90,112,2
43,7,1,0,1,1,1,3,1,1,0,1,2,80,42,120,36,56,10,0,72,140,1
44,7,1,0,1,1,1,3,1,1,0,1,2,80,31,30,36,40,30,0,90,140,2
45,7,1,0,1,1,1,3,1,1,0,1,2,101,35,60,29,43,10,0,72,140,2
46,8,1,0,1,1,1,4,1,3,0,1,17,109,26,120,56,34,20,0,130,30,2
47,8,1,0,1,1,1,4,1,3,0,1,17,100,26,30,53,32,10,0,130,39,2
48,8,1,0,1,1,1,4,1,3,0,1,17,126,26,60,60,40,30,0,130,24,2
49,8,1,0,1,1,1,4,1,3,0,1,17,100,22,30,56,35,20,0,80,24,3
50,8,1,0,1,1,1,4,1,3,0,1,17,126,20,60,56,24,20,0,100,39,2
51,8,1,0,1,1,1,4,1,3,0,1,17,109,20,120,53,32,10,0,100,24,3
52,8,1,0,1,1,1,4,1,3,0,1,17,100,26,120,60,40,10,0,80,30,3
53,8,1,0,1,1,1,4,1,3,0,1,17,100,20,30,60,26,30,0,100,30,2
54,8,1,0,1,1,1,4,1,3,0,1,17,126,22,60,53,28,10,0,80,30,2
55,9,1,0,1,1,1,2,1,2,0,17,1,116,24,30,53,28,10,0,60,32,2
56,9,1,0,1,1,1,2,1,2,0,17,1,116,22,30,46,32,20,0,78,40,2
57,9,1,0,1,1,1,2,1,2,0,17,1,116,24,120,49,36,10,1,78,52,2
58,9,1,0,1,1,1,2,1,2,0,17,1,95,22,60,46,32,30,1,48,52,2
59,9,1,0,1,1,1,2,1,2,0,17,1,102,24,30,46,29,30,1,78,32,2
60,9,1,0,1,1,1,2,1,2,0,17,1,102,29,60,46,32,20,0,48,32,2
61,9,1,0,1,1,1,2,1,2,0,17,1,102,22,30,49,25,10,1,48,40,2
62,9,1,0,1,1,1,2,1,2,0,17,1,102,24,60,49,36,30,0,60,40,2
63,9,1,0,1,1,1,2,1,2,0,17,1,116,29,30,49,35,30,0,48,52,2
64,14,1,0,1,2,1,3,1,2,0,1,17,130,31,120,77,38,20,0,91,100,2
65,14,1,0,1,2,1,3,1,2,0,1,17,118,31,30,74,36,10,0,91,130,2
66,14,1,0,1,2,1,3,1,2,0,1,17,153,31,60,81,43,30,0,91,80,2
67,14,1,0,1,2,1,3,1,2,0,1,17,118,26,30,77,38,20,0,56,80,1
68,14,1,0,1,2,1,3,1,2,0,1,17,153,23,60,77,28,20,0,70,130,2
69,14,1,0,1,2,1,3,1,2,0,1,17,130,23,120,74,35,10,0,70,80,2
70,14,1,0,1,2,1,3,1,2,0,1,17,118,31,120,81,43,10,0,56,100,2
71,14,1,0,1,2,1,3,1,2,0,1,17,118,23,30,81,29,30,0,70,100,1
72,14,1,0,1,2,1,3,1,2,0,1,17,153,26,60,74,32,10,0,56,100,2
73,16,1,0,1,2,1,3,1,2,0,25,1,208,62,30,79,66,10,0,190,80,2
74,16,1,0,1,2,1,3,1,2,0,25,1,208,62,120,71,80,10,1,247,130,2
75,16,1,0,1,2,1,3,1,2,0,25,1,208,56,30,65,74,20,0,247,100,2
76,16,1,0,1,2,1,3,1,2,0,25,1,165,56,60,65,74,30,1,152,130,2
77,16,1,0,1,2,1,3,1,2,0,25,1,179,62,30,65,70,30,1,247,80,2
78,16,1,0,1,2,1,3,1,2,0,25,1,179,56,30,71,62,10,1,152,100,2
79,16,1,0,1,2,1,3,1,2,0,25,1,179,74,60,65,78,20,0,152,80,2
80,16,1,0,1,2,1,3,1,2,0,25,1,208,74,30,71,80,30,0,152,130,2
81,16,1,0,1,2,1,3,1,2,0,25,1,179,62,60,71,80,30,0,190,100,2
82,17,1,0,2,1,0,1,1,2,0,1,2,132,23,30,61,26,10,0,90,20,2
83,17,1,0,2,1,0,1,1,2,0,1,2,132,23,120,57,31,10,1,117,32,2
84,17,1,0,2,1,0,1,1,2,0,1,2,132,21,30,54,28,20,0,117,25,2
85,17,1,0,2,1,0,1,1,2,0,1,2,102,21,60,54,28,30,1,72,32,2
86,17,1,0,2,1,0,1,1,2,0,1,2,112,23,30,54,28,30,1,117,20,2
87,17,1,0,2,1,0,1,1,2,0,1,2,112,21,30,57,24,10,1,72,25,2
88,17,1,0,2,1,0,1,1,2,0,1,2,112,28,60,54,30,20,0,72,20,2
89,17,1,0,2,1,0,1,1,2,0,1,2,132,28,30,57,31,30,0,72,32,2
90,17,1,0,2,1,0,1,1,2,0,1,2,112,23,60,57,31,30,0,90,25,2
91,18,1,0,2,1,0,3,1,3,0,2,25,186,24,30,95,27,10,0,110,32,2
92,18,1,0,2,1,0,3,1,3,0,2,25,186,24,120,89,32,10,1,143,52,2
93,18,1,0,2,1,0,3,1,3,0,2,25,186,22,30,84,30,20,0,143,40,2
94,18,1,0,2,1,0,3,1,3,0,2,25,154,22,60,84,30,30,1,88,52,2
95,18,1,0,2,1,0,3,1,3,0,2,25,165,24,30,84,28,30,1,143,32,2
96,18,1,0,2,1,0,3,1,3,0,2,25,165,22,30,89,25,10,1,88,40,2
97,18,1,0,2,1,0,3,1,3,0,2,25,165,29,60,84,30,20,0,88,32,2
98,18,1,0,2,1,0,3,1,3,0,2,25,186,29,30,89,32,30,0,88,52,2
99,18,1,0,2,1,0,3,1,3,0,2,25,165,24,60,89,32,30,0,110,40,2
100,19,1,0,2,1,1,1,0,1,0,1,17,212,26,120,121,27,30,1,1200,10,3
101,19,1,0,2,1,1,1,0,1,0,1,17,177,20,60,128,23,10,0,1560,13,1
102,19,1,0,2,1,1,1,0,1,0,1,17,159,20,120,124,22,30,0,1560,8,3
103,19,1,0,2,1,1,1,0,1,0,1,17,212,20,120,128,23,20,1,960,8,3
104,19,1,0,2,1,1,1,0,1,0,1,17,177,22,120,128,24,30,0,960,13,1
105,19,1,0,2,1,1,1,0,1,0,1,17,159,22,60,128,24,20,1,1560,10,1
106,19,1,0,2,1,1,1,0,1,0,1,17,159,26,60,124,28,10,1,1200,8,2
107,19,1,0,2,1,1,1,0,1,0,1,17,159,22,120,121,25,20,0,1200,13,2
108,19,1,0,2,1,1,1,0,1,0,1,17,177,26,30,128,31,20,1,1200,13,1
109,20,1,0,2,2,1,2,0,1,0,1,2,179,31,120,96,32,30,1,110,30,2
110,20,1,0,2,2,1,2,0,1,0,1,2,137,23,120,99,27,30,0,143,24,2
111,20,1,0,2,2,1,2,0,1,0,1,2,179,23,120,103,28,20,1,88,24,3
112,20,1,0,2,2,1,2,0,1,0,1,2,151,23,60,103,28,10,0,143,39,2
113,20,1,0,2,2,1,2,0,1,0,1,2,151,26,120,103,28,30,0,88,39,2
114,20,1,0,2,2,1,2,0,1,0,1,2,137,26,60,103,28,20,1,143,30,2
115,20,1,0,2,2,1,2,0,1,0,1,2,137,31,60,99,34,10,1,110,24,2
116,20,1,0,2,2,1,2,0,1,0,1,2,137,26,120,96,30,20,0,110,39,2
117,20,1,0,2,2,1,2,0,1,0,1,2,151,31,30,103,38,20,1,110,39,2
118,22,1,0,3,2,0,5,1,3,0,22,2,108,52,30,43,62,10,0,70,36,3
119,22,1,0,3,2,0,5,1,3,0,22,2,108,52,120,39,80,10,1,91,58,1
120,22,1,0,3,2,0,5,1,3,0,22,2,108,47,30,36,71,20,0,91,45,1
121,22,1,0,3,2,0,5,1,3,0,22,2,87,47,60,36,71,30,1,56,58,1
122,22,1,0,3,2,0,5,1,3,0,22,2,94,52,30,36,65,30,1,91,36,3
123,22,1,0,3,2,0,5,1,3,0,22,2,94,47,30,39,57,10,1,56,45,1
124,22,1,0,3,2,0,5,1,3,0,22,2,94,62,60,36,71,20,0,56,36,3
125,22,1,0,3,2,0,5,1,3,0,22,2,108,62,30,39,76,30,0,56,58,3
126,22,1,0,3,2,0,5,1,3,0,22,2,94,52,60,39,80,30,0,70,45,3
127,23,1,0,3,2,1,2,1,2,0,15,1,102,54,120,49,68,20,0,78,50,2
128,23,1,0,3,2,1,2,1,2,0,15,1,95,54,30,46,63,10,0,78,65,2
129,23,1,0,3,2,1,2,1,2,0,15,1,116,54,60,53,83,30,0,78,40,1
130,23,1,0,3,2,1,2,1,2,0,15,1,95,45,30,49,70,20,0,48,40,1
131,23,1,0,3,2,1,2,1,2,0,15,1,116,40,60,49,50,20,0,60,65,2
132,23,1,0,3,2,1,2,1,2,0,15,1,102,40,120,46,63,10,0,60,40,2
133,23,1,0,3,2,1,2,1,2,0,15,1,95,54,120,53,83,10,0,48,50,1
134,23,1,0,3,2,1,2,1,2,0,15,1,95,40,30,53,52,30,0,60,50,1
135,23,1,0,3,2,1,2,1,2,0,15,1,116,45,60,46,58,10,0,48,50,2
136,25,1,0,3,2,1,3,1,3,0,2,17,179,119,120,66,139,20,0,182,90,3
137,25,1,0,3,2,1,3,1,3,0,2,17,164,99,30,66,139,20,0,112,72,3
138,25,1,0,3,2,1,3,1,3,0,2,17,164,119,30,60,128,10,0,182,117,2
139,25,1,0,3,2,1,3,1,3,0,2,17,210,119,60,74,161,30,0,182,72,2
140,25,1,0,3,2,1,3,1,3,0,2,17,210,89,60,66,106,20,0,140,117,2
141,25,1,0,3,2,1,3,1,3,0,2,17,179,89,120,60,128,10,0,140,72,2
142,25,1,0,3,2,1,3,1,3,0,2,17,164,119,120,74,161,10,0,112,90,3
143,25,1,0,3,2,1,3,1,3,0,2,17,164,89,30,74,111,30,0,140,90,3
144,25,1,0,3,2,1,3,1,3,0,2,17,210,99,60,60,123,10,0,112,90,3
145,26,1,0,4,2,0,3,1,2,0,25,1,233,74,30,77,84,10,0,190,44,2
146,26,1,0,4,2,0,3,1,2,0,25,1,233,74,120,67,104,10,1,247,71,2
147,26,1,0,4,2,0,3,1,2,0,25,1,233,67,30,59,97,20,0,247,55,2
148,26,1,0,4,2,0,3,1,2,0,25,1,177,67,60,59,97,30,1,152,71,2
149,26,1,0,4,2,0,3,1,2,0,25,1,196,74,30,59,87,30,1,247,44,2
150,26,1,0,4,2,0,3,1,2,0,25,1,196,67,30,67,77,10,1,152,55,2
151,26,1,0,4,2,0,3,1,2,0,25,1,196,89,60,59,97,20,0,152,44,2
152,26,1,0,4,2,0,3,1,2,0,25,1,233,89,30,67,100,30,0,152,71,2
153,26,1,0,4,2,0,3,1,2,0,25,1,196,74,60,67,104,30,0,190,55,2
154,29,1,0,5,1,1,3,0,2,0,2,22,110,60,120,55,65,20,0,91,80,1
155,29,1,0,5,1,1,3,0,2,0,2,22,103,60,30,52,60,10,0,91,104,2
156,29,1,0,5,1,1,3,0,2,0,2,22,124,60,60,59,80,30,0,91,64,1
157,29,1,0,5,1,1,3,0,2,0,2,22,103,50,30,55,80,20,0,56,64,1
158,29,1,0,5,1,1,3,0,2,0,2,22,124,45,60,55,60,20,0,70,104,1
159,29,1,0,5,1,1,3,0,2,0,2,22,110,45,120,52,80,10,0,70,64,2
160,29,1,0,5,1,1,3,0,2,0,2,22,103,60,120,59,80,10,0,56,80,2
161,29,1,0,5,1,1,3,0,2,0,2,22,103,45,30,59,65,30,0,70,80,1
162,29,1,0,5,1,1,3,0,2,0,2,22,124,50,60,52,65,10,0,56,80,2
163,30,1,0,5,2,1,2,1,2,0,22,2,118,60,120,46,60,30,1,70,27,2
164,30,1,0,5,2,1,2,1,2,0,22,2,97,45,120,49,60,30,0,91,22,2
165,30,1,0,5,2,1,2,1,2,0,22,2,118,45,120,53,65,20,1,56,22,2
166,30,1,0,5,2,1,2,1,2,0,22,2,104,45,60,53,65,10,0,91,35,2
167,30,1,0,5,2,1,2,1,2,0,22,2,104,50,120,53,60,30,0,56,35,2
168,30,1,0,5,2,1,2,1,2,0,22,2,97,50,60,53,60,20,1,91,27,2
169,30,1,0,5,2,1,2,1,2,0,22,2,97,60,60,49,65,10,1,70,22,2
170,30,1,0,5,2,1,2,1,2,0,22,2,97,50,120,46,65,20,0,70,35,2
171,30,1,0,5,2,1,2,1,2,0,22,2,104,60,30,53,80,20,1,70,35,2
172,31,1,0,5,2,1,3,1,3,0,17,2,182,60,120,69,65,20,0,182,80,2
173,31,1,0,5,2,1,3,1,3,0,17,2,165,60,30,63,60,10,0,182,104,2
174,31,1,0,5,2,1,3,1,3,0,17,2,215,60,60,77,80,30,0,182,64,2
175,31,1,0,5,2,1,3,1,3,0,17,2,165,50,30,69,80,20,0,112,64,2
176,31,1,0,5,2,1,3,1,3,0,17,2,215,45,60,69,60,20,0,140,104,2
177,31,1,0,5,2,1,3,1,3,0,17,2,182,45,120,63,80,10,0,140,64,2
178,31,1,0,5,2,1,3,1,3,0,17,2,165,60,120,77,80,10,0,112,80,3
179,31,1,0,5,2,1,3,1,3,0,17,2,165,45,30,77,65,30,0,140,80,2
180,31,1,0,5,2,1,3,1,3,0,17,2,215,50,60,63,65,10,0,112,80,2
181,37,1,0,6,1,1,2,0,4,1,22,25,66,2600,30,37,3120,10,0,50,32,2
182,37,1,0,6,1,1,2,0,4,1,22,25,66,2600,120,35,4160,10,1,65,52,2
183,37,1,0,6,1,1,2,0,4,1,22,25,66,2340,30,33,4160,20,0,65,40,2
184,37,1,0,6,1,1,2,0,4,1,22,25,56,2340,60,33,4160,30,1,40,52,2
185,37,1,0,6,1,1,2,0,4,1,22,25,59,2600,30,33,3380,30,1,65,32,2
186,37,1,0,6,1,1,2,0,4,1,22,25,59,2340,30,35,3120,10,1,40,40,2
187,37,1,0,6,1,1,2,0,4,1,22,25,59,3120,60,33,3120,20,0,40,32,2
188,37,1,0,6,1,1,2,0,4,1,22,25,66,3120,30,35,3380,30,0,40,52,2
189,37,1,0,6,1,1,2,0,4,1,22,25,59,2600,60,35,4160,30,0,50,40,2
190,41,1,0,6,1,1,3,1,2,1,5,22,274,2600,30,131,3120,10,0,210,48,2
191,41,1,0,6,1,1,3,1,2,1,5,22,274,2600,120,123,4160,10,1,273,78,1
192,41,1,0,6,1,1,3,1,2,1,5,22,274,2340,30,117,4160,20,0,273,60,1
193,41,1,0,6,1,1,3,1,2,1,5,22,209,2340,60,117,4160,30,1,168,78,1
194,41,1,0,6,1,1,3,1,2,1,5,22,231,2600,30,117,3380,30,1,273,48,2
195,41,1,0,6,1,1,3,1,2,1,5,22,231,2340,30,123,3120,10,1,168,60,2
196,41,1,0,6,1,1,3,1,2,1,5,22,231,3120,60,117,3120,20,0,168,48,2
197,41,1,0,6,1,1,3,1,2,1,5,22,274,3120,30,123,3380,30,0,168,78,2
198,41,1,0,6,1,1,3,1,2,1,5,22,231,2600,60,123,4160,30,0,210,60,1
199,42,1,0,6,2,1,2,1,3,1,1,2,109,2600,30,44,3120,10,0,90,40,2
200,42,1,0,6,2,1,2,1,3,1,1,2,109,2600,120,40,4160,10,1,117,65,2
201,42,1,0,6,2,1,2,1,3,1,1,2,109,2340,30,37,4160,20,0,117,50,1
202,42,1,0,6,2,1,2,1,3,1,1,2,88,2340,60,37,4160,30,1,72,65,2
203,42,1,0,6,2,1,2,1,3,1,1,2,95,2600,30,37,3380,30,1,117,40,2
204,42,1,0,6,2,1,2,1,3,1,1,2,95,2340,30,40,3120,10,1,72,50,2
205,42,1,0,6,2,1,2,1,3,1,1,2,95,3120,60,37,3120,20,0,72,40,2
206,42,1,0,6,2,1,2,1,3,1,1,2,109,3120,30,40,3380,30,0,72,65,2
207,42,1,0,6,2,1,2,1,3,1,1,2,95,2600,60,40,4160,30,0,90,50,2
208,44,1,0,6,2,1,3,1,3,1,1,2,141,3120,120,62,3120,30,1,90,55,2
209,44,1,0,6,2,1,3,1,3,1,1,2,109,2340,120,65,3120,30,0,117,44,2
210,44,1,0,6,2,1,3,1,3,1,1,2,141,2340,120,69,3380,20,1,72,44,2
211,44,1,0,6,2,1,3,1,3,1,1,2,120,2340,60,69,3380,10,0,117,71,2
212,44,1,0,6,2,1,3,1,3,1,1,2,120,2600,120,69,3120,30,0,72,71,2
213,44,1,0,6,2,1,3,1,3,1,1,2,109,2600,60,69,3120,20,1,117,55,2
214,44,1,0,6,2,1,3,1,3,1,1,2,109,3120,60,65,3380,10,1,90,44,2
215,44,1,0,6,2,1,3,1,3,1,1,2,109,2600,120,62,3380,20,0,90,71,2
216,44,1,0,6,2,1,3,1,3,1,1,2,120,3120,30,69,4160,20,1,90,71,1
217,45,1,0,6,2,1,3,1,3,1,19,2,173,2600,30,97,3120,10,0,90,48,2
218,45,1,0,6,2,1,3,1,3,1,19,2,173,2600,120,93,4160,10,1,117,78,1
219,45,1,0,6,2,1,3,1,3,1,19,2,173,2340,30,90,4160,20,0,117,60,1
220,45,1,0,6,2,1,3,1,3,1,19,2,136,2340,60,90,4160,30,1,72,78,1
221,45,1,0,6,2,1,3,1,3,1,19,2,148,2600,30,90,3380,30,1,117,48,1
222,45,1,0,6,2,1,3,1,3,1,19,2,148,2340,30,93,3120,10,1,72,60,2
223,45,1,0,6,2,1,3,1,3,1,19,2,148,3120,60,90,3120,20,0,72,48,2
224,45,1,0,6,2,1,3,1,3,1,19,2,173,3120,30,93,3380,30,0,72,78,2
225,45,1,0,6,2,1,3,1,3,1,19,2,148,2600,60,93,4160,30,0,90,60,1
226,47,1,0,6,3,1,2,1,2,1,17,1,92,3120,120,39,3380,20,0,78,30,2
227,47,1,0,6,3,1,2,1,2,1,17,1,85,3120,30,36,3120,10,0,78,39,2
228,47,1,0,6,3,1,2,1,2,1,17,1,106,3120,60,43,4160,30,0,78,24,2
229,47,1,0,6,3,1,2,1,2,1,17,1,85,2600,30,39,4160,20,0,48,24,2
230,47,1,0,6,3,1,2,1,2,1,17,1,106,2340,60,39,3120,20,0,60,39,2
231,47,1,0,6,3,1,2,1,2,1,17,1,92,2340,120,36,4160,10,0,60,24,2
232,47,1,0,6,3,1,2,1,2,1,17,1,85,3120,120,43,4160,10,0,48,30,2
233,47,1,0,6,3,1,2,1,2,1,17,1,85,2340,30,43,3380,30,0,60,30,2
234,47,1,0,6,3,1,2,1,2,1,17,1,106,2600,60,36,3380,10,0,48,30,2
235,48,1,0,6,3,1,3,1,2,1,25,22,54,3120,120,21,3120,30,1,40,84,2
236,48,1,0,6,3,1,3,1,2,1,25,22,54,2340,120,25,3380,20,1,32,67,1
237,48,1,0,6,3,1,3,1,2,1,25,22,44,2340,120,23,3120,30,0,52,67,2
238,48,1,0,6,3,1,3,1,2,1,25,22,47,2340,60,25,3380,10,0,52,109,1
239,48,1,0,6,3,1,3,1,2,1,25,22,47,2600,120,25,3120,30,0,32,109,2
240,48,1,0,6,3,1,3,1,2,1,25,22,44,2600,60,25,3120,20,1,52,84,2
241,48,1,0,6,3,1,3,1,2,1,25,22,44,3120,60,23,3380,10,1,40,67,2
242,48,1,0,6,3,1,3,1,2,1,25,22,47,3120,30,25,4160,20,1,40,109,1
243,48,1,0,6,3,1,3,1,2,1,25,22,44,2600,120,21,3380,20,0,40,109,1
244,49,1,0,6,3,1,3,1,3,1,1,2,133,2600,30,62,3120,10,0,75,40,2
245,49,1,0,6,3,1,3,1,3,1,1,2,133,2600,120,58,4160,10,1,97,65,2
246,49,1,0,6,3,1,3,1,3,1,1,2,133,2340,30,55,4160,20,0,97,50,2
247,49,1,0,6,3,1,3,1,3,1,1,2,103,2340,60,55,4160,30,1,60,65,2
248,49,1,0,6,3,1,3,1,3,1,1,2,113,2600,30,55,3380,30,1,97,40,2
249,49,1,0,6,3,1,3,1,3,1,1,2,113,2340,30,58,3120,10,1,60,50,2
250,49,1,0,6,3,1,3,1,3,1,1,2,113,3120,60,55,3120,20,0,60,40,2
251,49,1,0,6,3,1,3,1,3,1,1,2,133,3120,30,58,3380,30,0,60,65,2
252,49,1,0,6,3,1,3,1,3,1,1,2,113,2600,60,58,4160,30,0,75,50,2
253,50,1,0,6,3,1,4,1,2,1,17,2,263,3120,120,112,3120,30,1,150,75,2
254,50,1,0,6,3,1,4,1,2,1,17,2,203,2340,120,118,3120,30,0,195,60,2
255,50,1,0,6,3,1,4,1,2,1,17,2,263,2340,120,126,3380,20,1,120,60,2
256,50,1,0,6,3,1,4,1,2,1,17,2,223,2340,60,126,3380,10,0,195,97,2
257,50,1,0,6,3,1,4,1,2,1,17,2,223,2600,120,126,3120,30,0,120,97,2
258,50,1,0,6,3,1,4,1,2,1,17,2,203,2600,60,126,3120,20,1,195,75,2
259,50,1,0,6,3,1,4,1,2,1,17,2,203,3120,60,118,3380,10,1,150,60,2
260,50,1,0,6,3,1,4,1,2,1,17,2,203,2600,120,112,3380,20,0,150,97,2
261,50,1,0,6,3,1,4,1,2,1,17,2,223,3120,30,126,4160,20,1,150,97,1
262,51,1,0,6,3,1,4,1,2,1,25,10,107,2600,30,81,3120,10,0,90,44,2
263,51,1,0,6,3,1,4,1,2,1,25,10,107,2600,120,79,4160,10,1,117,71,2
264,51,1,0,6,3,1,4,1,2,1,25,10,107,2340,30,77,4160,20,0,117,55,2
265,51,1,0,6,3,1,4,1,2,1,25,10,82,2340,60,77,4160,30,1,72,71,2
266,51,1,0,6,3,1,4,1,2,1,25,10,90,2600,30,77,3380,30,1,117,44,2
267,51,1,0,6,3,1,4,1,2,1,25,10,90,2340,30,79,3120,10,1,72,55,2
268,51,1,0,6,3,1,4,1,2,1,25,10,90,3120,60,77,3120,20,0,72,44,2
269,51,1,0,6,3,1,4,1,2,1,25,10,107,3120,30,79,3380,30,0,72,71,2
270,51,1,0,6,3,1,4,1,2,1,25,10,90,2600,60,79,4160,30,0,90,55,2
271,53,1,0,6,3,3,2,1,3,1,1,2,138,3120,120,83,3380,20,0,104,160,2
272,53,1,0,6,3,3,2,1,3,1,1,2,126,3120,30,80,3120,10,0,104,208,2
273,53,1,0,6,3,3,2,1,3,1,1,2,163,3120,60,87,4160,30,0,104,128,2
274,53,1,0,6,3,3,2,1,3,1,1,2,126,2600,30,83,4160,20,0,64,128,1
275,53,1,0,6,3,3,2,1,3,1,1,2,163,2340,60,83,3120,20,0,80,208,2
276,53,1,0,6,3,3,2,1,3,1,1,2,138,2340,120,80,4160,10,0,80,128,2
277,53,1,0,6,3,3,2,1,3,1,1,2,126,3120,120,87,4160,10,0,64,160,2
278,53,1,0,6,3,3,2,1,3,1,1,2,126,2340,30,87,3380,30,0,80,160,2
279,53,1,0,6,3,3,2,1,3,1,1,2,163,2600,60,80,3380,10,0,64,160,2
280,56,1,0,8,1,1,2,0,4,0,17,1,97,218,30,39,262,10,0,50,28,2
281,56,1,0,8,1,1,2,0,4,0,17,1,97,218,120,36,349,10,1,65,45,2
282,56,1,0,8,1,1,2,0,4,0,17,1,97,196,30,34,349,20,0,65,35,1
283,56,1,0,8,1,1,2,0,4,0,17,1,79,196,60,34,349,30,1,40,45,1
284,56,1,0,8,1,1,2,0,4,0,17,1,85,218,30,34,283,30,1,65,28,2
285,56,1,0,8,1,1,2,0,4,0,17,1,85,196,30,36,262,10,1,40,35,2
286,56,1,0,8,1,1,2,0,4,0,17,1,85,262,60,34,262,20,0,40,28,2
287,56,1,0,8,1,1,2,0,4,0,17,1,97,262,30,36,283,30,0,40,45,2
288,56,1,0,8,1,1,2,0,4,0,17,1,85,218,60,36,349,30,0,50,35,2
289,57,1,0,8,2,0,3,0,3,0,1,22,257,60,120,102,60,30,1,160,105,2
290,57,1,0,8,2,0,3,0,3,0,1,22,195,45,120,108,60,30,0,208,84,2
291,57,1,0,8,2,0,3,0,3,0,1,22,257,45,120,116,65,20,1,128,84,2
292,57,1,0,8,2,0,3,0,3,0,1,22,216,45,60,116,65,10,0,208,136,2
293,57,1,0,8,2,0,3,0,3,0,1,22,216,50,120,116,60,30,0,128,136,2
294,57,1,0,8,2,0,3,0,3,0,1,22,195,50,60,116,60,20,1,208,105,2
295,57,1,0,8,2,0,3,0,3,0,1,22,195,60,60,108,65,10,1,160,84,2
296,57,1,0,8,2,0,3,0,3,0,1,22,195,50,120,102,65,20,0,160,136,2
297,57,1,0,8,2,0,3,0,3,0,1,22,216,60,30,116,80,20,1,160,136,2
298,58,1,0,8,2,1,1,1,4,0,17,20,92,179,30,34,215,10,0,60,24,2
299,58,1,0,8,2,1,1,1,4,0,17,20,92,179,120,31,286,10,1,78,39,1
300,58,1,0,8,2,1,1,1,4,0,17,20,92,161,30,29,286,20,0,78,30,1
301,58,1,0,8,2,1,1,1,4,0,17,20,74,161,60,29,286,30,1,48,39,1
302,58,1,0,8,2,1,1,1,4,0,17,20,80,179,30,29,233,30,1,78,24,1
303,58,1,0,8,2,1,1,1,4,0,17,20,80,161,30,31,215,10,1,48,30,1
304,58,1,0,8,2,1,1,1,4,0,17,20,80,215,60,29,215,20,0,48,24,2
305,58,1,0,8,2,1,1,1,4,0,17,20,92,215,30,31,233,30,0,48,39,2
306,58,1,0,8,2,1,1,1,4,0,17,20,80,179,60,31,286,30,0,60,30,1
307,59,1,0,8,2,1,3,0,3,0,17,22,292,168,120,71,168,30,1,190,110,2
308,59,1,0,8,2,1,3,0,3,0,17,22,224,126,120,80,168,30,0,247,88,2
309,59,1,0,8,2,1,3,0,3,0,17,22,292,126,120,92,182,20,1,152,88,2
310,59,1,0,8,2,1,3,0,3,0,17,22,247,126,60,92,182,10,0,247,143,2
311,59,1,0,8,2,1,3,0,3,0,17,22,247,140,120,92,168,30,0,152,143,2
312,59,1,0,8,2,1,3,0,3,0,17,22,224,140,60,92,168,20,1,247,110,2
313,59,1,0,8,2,1,3,0,3,0,17,22,224,168,60,80,182,10,1,190,88,2
314,59,1,0,8,2,1,3,0,3,0,17,22,224,140,120,71,182,20,0,190,143,2
315,59,1,0,8,2,1,3,0,3,0,17,22,247,168,30,92,224,20,1,190,143,2
316,60,1,0,8,2,1,4,1,4,0,1,2,132,259,120,54,259,30,1,60,45,3
317,60,1,0,8,2,1,4,1,4,0,1,2,102,194,120,57,259,30,0,78,36,3
318,60,1,0,8,2,1,4,1,4,0,1,2,132,194,120,61,281,20,1,48,36,3
319,60,1,0,8,2,1,4,1,4,0,1,2,112,194,60,61,281,10,0,78,58,3
320,60,1,0,8,2,1,4,1,4,0,1,2,112,216,120,61,259,30,0,48,58,3
321,60,1,0,8,2,1,4,1,4,0,1,2,102,216,60,61,259,20,1,78,45,3
322,60,1,0,8,2,1,4,1,4,0,1,2,102,259,60,57,281,10,1,60,36,3
323,60,1,0,8,2,1,4,1,4,0,1,2,102,216,120,54,281,20,0,60,58,3
324,60,1,0,8,2,1,4,1,4,0,1,2,112,259,30,61,346,20,1,60,58,3
325,61,1,0,10,1,1,3,0,1,0,10,17,240,20,120,84,20,30,1,160,115,2
326,61,1,0,10,1,1,3,0,1,0,10,17,185,15,120,90,20,30,0,208,92,2
327,61,1,0,10,1,1,3,0,1,0,10,17,240,15,120,98,22,20,1,128,92,2
328,61,1,0,10,1,1,3,0,1,0,10,17,203,15,60,98,22,10,0,208,149,2
329,61,1,0,10,1,1,3,0,1,0,10,17,203,17,120,98,20,30,0,128,149,2
330,61,1,0,10,1,1,3,0,1,0,10,17,185,17,60,98,20,20,1,208,115,2
331,61,1,0,10,1,1,3,0,1,0,10,17,185,20,60,90,22,10,1,160,92,2
332,61,1,0,10,1,1,3,0,1,0,10,17,185,17,120,84,22,20,0,160,149,2
333,61,1,0,10,1,1,3,0,1,0,10,17,203,20,30,98,27,20,1,160,149,2
334,62,1,1,1,1,1,2,0,2,0,2,17,186,81,30,123,84,10,0,210,88,2
335,62,1,1,1,1,1,2,0,2,0,2,17,186,81,120,119,92,10,1,273,143,2
336,62,1,1,1,1,1,2,0,2,0,2,17,186,73,30,116,88,20,0,273,110,2
337,62,1,1,1,1,1,2,0,2,0,2,17,165,73,60,116,88,30,1,168,143,2
338,62,1,1,1,1,1,2,0,2,0,2,17,172,81,30,116,88,30,1,273,88,2
339,62,1,1,1,1,1,2,0,2,0,2,17,172,73,30,119,81,10,1,168,110,2
340,62,1,1,1,1,1,2,0,2,0,2,17,172,97,60,116,97,20,0,168,88,2
341,62,1,1,1,1,1,2,0,2,0,2,17,186,97,30,119,99,30,0,168,143,2
342,62,1,1,1,1,1,2,0,2,0,2,17,172,81,60,119,92,30,0,210,110,2
343,63,1,1,1,1,1,3,0,2,0,1,17,120,50,120,67,65,20,0,78,35,2
344,63,1,1,1,1,1,3,0,2,0,1,17,141,50,60,71,74,30,0,78,28,1
345,63,1,1,1,1,1,3,0,2,0,1,17,109,50,30,64,60,10,0,78,45,2
346,63,1,1,1,1,1,3,0,2,0,1,17,109,42,30,67,65,20,0,48,28,2
347,63,1,1,1,1,1,3,0,2,0,1,17,141,38,60,67,46,20,0,60,45,2
348,63,1,1,1,1,1,3,0,2,0,1,17,120,38,120,64,58,10,0,60,28,1
349,63,1,1,1,1,1,3,0,2,0,1,17,109,50,120,71,74,10,0,48,35,1
350,63,1,1,1,1,1,3,0,2,0,1,17,109,38,30,71,48,30,0,60,35,1
351,63,1,1,1,1,1,3,0,2,0,1,17,141,42,60,64,54,10,0,48,35,2
352,64,1,1,1,1,1,3,1,3,0,2,1,113,60,30,48,71,10,0,80,40,2
353,64,1,1,1,1,1,3,1,3,0,2,1,113,60,120,44,84,10,1,104,65,1
354,64,1,1,1,1,1,3,1,3,0,2,1,113,54,30,41,78,20,0,104,50,2
355,64,1,1,1,1,1,3,1,3,0,2,1,92,54,60,41,78,30,1,64,65,2
356,64,1,1,1,1,1,3,1,3,0,2,1,99,60,30,41,74,30,1,104,40,2
357,64,1,1,1,1,1,3,1,3,0,2,1,99,54,30,44,65,10,1,64,50,2
358,64,1,1,1,1,1,3,1,3,0,2,1,99,72,60,41,78,20,0,64,40,2
359,64,1,1,1,1,1,3,1,3,0,2,1,113,72,30,44,84,30,0,64,65,2
360,64,1,1,1,1,1,3,1,3,0,2,1,99,60,60,44,84,30,0,80,50,2
361,65,1,1,1,2,0,4,1,2,0,17,2,215,84,30,79,97,10,0,140,72,2
362,65,1,1,1,2,0,4,1,2,0,17,2,215,76,30,65,109,20,0,182,90,2
363,65,1,1,1,2,0,4,1,2,0,17,2,215,84,120,71,118,10,1,182,117,2
364,65,1,1,1,2,0,4,1,2,0,17,2,169,76,60,65,109,30,1,112,117,2
365,65,1,1,1,2,0,4,1,2,0,17,2,184,84,30,65,105,30,1,182,72,2
366,65,1,1,1,2,0,4,1,2,0,17,2,184,76,30,71,90,10,1,112,90,2
367,65,1,1,1,2,0,4,1,2,0,17,2,184,101,60,65,109,20,0,112,72,2
368,65,1,1,1,2,0,4,1,2,0,17,2,215,101,30,71,118,30,0,112,117,2
369,65,1,1,1,2,0,4,1,2,0,17,2,184,84,60,71,118,30,0,140,90,2
370,66,1,1,1,2,1,2,0,2,0,2,5,206,71,30,122,78,10,0,135,56,2
371,66,1,1,1,2,1,2,0,2,0,2,5,206,71,120,118,92,10,1,175,91,2
372,66,1,1,1,2,1,2,0,2,0,2,5,206,64,30,115,84,20,0,175,70,2
373,66,1,1,1,2,1,2,0,2,0,2,5,157,64,60,115,84,30,1,108,91,2
374,66,1,1,1,2,1,2,0,2,0,2,5,173,71,30,115,81,30,1,175,56,2
375,66,1,1,1,2,1,2,0,2,0,2,5,173,64,30,118,74,10,1,108,70,2
376,66,1,1,1,2,1,2,0,2,0,2,5,173,85,60,115,88,20,0,108,56,2
377,66,1,1,1,2,1,2,0,2,0,2,5,206,85,30,118,92,30,0,108,91,2
378,66,1,1,1,2,1,2,0,2,0,2,5,173,71,60,118,92,30,0,135,70,2
379,67,1,1,1,2,1,2,1,2,0,1,2,140,78,120,62,84,30,1,90,60,2
380,67,1,1,1,2,1,2,1,2,0,1,2,110,58,120,65,68,30,0,117,48,2
381,67,1,1,1,2,1,2,1,2,0,1,2,140,58,120,69,74,20,1,72,48,2
382,67,1,1,1,2,1,2,1,2,0,1,2,120,58,60,69,74,10,0,117,78,2
383,67,1,1,1,2,1,2,1,2,0,1,2,120,65,120,69,74,30,0,72,78,2
384,67,1,1,1,2,1,2,1,2,0,1,2,110,65,60,69,74,20,1,117,60,2
385,67,1,1,1,2,1,2,1,2,0,1,2,110,78,60,65,88,10,1,90,48,1
386,67,1,1,1,2,1,2,1,2,0,1,2,110,65,120,62,78,20,0,90,78,2
387,67,1,1,1,2,1,2,1,2,0,1,2,120,78,30,69,99,20,1,90,78,2
388,68,1,1,1,2,1,2,1,2,0,1,17,147,50,120,70,58,30,1,60,35,2
389,68,1,1,1,2,1,2,1,2,0,1,17,116,38,120,73,44,30,0,78,28,3
390,68,1,1,1,2,1,2,1,2,0,1,17,147,38,120,77,48,20,1,48,28,3
391,68,1,1,1,2,1,2,1,2,0,1,17,126,38,60,77,48,10,0,78,45,2
392,68,1,1,1,2,1,2,1,2,0,1,17,126,42,120,77,48,30,0,48,45,2
393,68,1,1,1,2,1,2,1,2,0,1,17,116,42,60,77,48,20,1,78,35,3
394,68,1,1,1,2,1,2,1,2,0,1,17,116,50,60,73,60,10,1,60,28,3
395,68,1,1,1,2,1,2,1,2,0,1,17,116,42,120,70,53,20,0,60,45,3
396,68,1,1,1,2,1,2,1,2,0,1,17,126,50,30,77,71,20,1,60,45,3
397,69,1,1,1,2,1,2,1,3,0,18,2,202,110,120,113,112,30,1,150,240,2
398,69,1,1,1,2,1,2,1,3,0,18,2,202,83,120,120,94,20,1,120,192,2
399,69,1,1,1,2,1,2,1,3,0,18,2,155,83,120,116,92,30,0,195,192,2
400,69,1,1,1,2,1,2,1,3,0,18,2,171,83,60,120,94,10,0,195,312,2
401,69,1,1,1,2,1,2,1,3,0,18,2,171,92,120,120,99,30,0,120,312,2
402,69,1,1,1,2,1,2,1,3,0,18,2,155,110,60,116,118,10,1,150,192,2
403,69,1,1,1,2,1,2,1,3,0,18,2,155,92,60,120,99,20,1,195,240,2
404,69,1,1,1,2,1,2,1,3,0,18,2,155,92,120,113,105,20,0,150,312,2
405,69,1,1,1,2,1,2,1,3,0,18,2,171,110,30,120,133,20,1,150,312,2
406,70,1,1,1,2,1,3,0,2,0,1,2,116,72,120,44,78,30,1,60,50,2
407,70,1,1,1,2,1,3,0,2,0,1,2,95,54,120,47,65,30,0,78,40,1
408,70,1,1,1,2,1,3,0,2,0,1,2,116,54,120,51,68,20,1,48,40,3
409,70,1,1,1,2,1,3,0,2,0,1,2,102,54,60,51,68,10,0,78,65,2
410,70,1,1,1,2,1,3,0,2,0,1,2,102,60,120,51,71,30,0,48,65,2
411,70,1,1,1,2,1,3,0,2,0,1,2,95,60,60,51,71,20,1,78,50,2
412,70,1,1,1,2,1,3,0,2,0,1,2,95,72,60,47,84,10,1,60,40,2
413,70,1,1,1,2,1,3,0,2,0,1,2,95,60,120,44,74,20,0,60,65,2
414,70,1,1,1,2,1,3,0,2,0,1,2,102,72,30,51,94,20,1,60,65,3
415,71,1,1,1,2,1,3,0,3,0,17,2,177,101,120,64,112,20,0,143,95,2
416,71,1,1,1,2,1,3,0,3,0,17,2,162,101,30,58,109,10,0,143,123,2
417,71,1,1,1,2,1,3,0,3,0,17,2,208,101,60,72,137,30,0,143,76,2
418,71,1,1,1,2,1,3,0,3,0,17,2,162,84,30,64,118,20,0,88,76,2
419,71,1,1,1,2,1,3,0,3,0,17,2,208,76,60,64,88,20,0,110,123,2
420,71,1,1,1,2,1,3,0,3,0,17,2,177,76,120,58,109,10,0,110,76,2
421,71,1,1,1,2,1,3,0,3,0,17,2,162,101,120,72,137,10,0,88,95,2
422,71,1,1,1,2,1,3,0,3,0,17,2,162,76,30,72,92,30,0,110,95,2
423,71,1,1,1,2,1,3,0,3,0,17,2,208,84,60,58,99,10,0,88,95,1
424,72,1,1,1,2,1,3,1,2,0,1,2,127,85,120,78,92,20,0,130,144,2
425,72,1,1,1,2,1,3,1,2,0,1,2,118,85,30,75,88,10,0,130,187,2
426,72,1,1,1,2,1,3,1,2,0,1,2,145,85,60,82,105,30,0,130,115,2
427,72,1,1,1,2,1,3,1,2,0,1,2,118,71,30,78,92,20,0,80,115,2
428,72,1,1,1,2,1,3,1,2,0,1,2,145,64,60,78,74,20,0,100,187,2
429,72,1,1,1,2,1,3,1,2,0,1,2,127,64,120,75,84,10,0,100,115,2
430,72,1,1,1,2,1,3,1,2,0,1,2,118,85,120,82,105,10,0,80,144,2
431,72,1,1,1,2,1,3,1,2,0,1,2,118,64,30,82,76,30,0,100,144,2
432,72,1,1,1,2,1,3,1,2,0,1,2,145,71,60,75,84,10,0,80,144,2
433,74,1,1,1,2,1,2,0,4,0,2,1,102,72,120,28,78,30,1,110,50,2
434,74,1,1,1,2,1,2,0,4,0,2,1,78,54,120,31,65,30,0,143,40,2
435,74,1,1,1,2,1,2,0,4,0,2,1,102,54,120,35,68,20,1,88,40,2
436,74,1,1,1,2,1,2,0,4,0,2,1,86,54,60,35,68,10,0,143,65,2
437,74,1,1,1,2,1,2,0,4,0,2,1,86,60,120,35,71,30,0,88,65,2
438,74,1,1,1,2,1,2,0,4,0,2,1,78,60,60,35,71,20,1,143,50,1
439,74,1,1,1,2,1,2,0,4,0,2,1,78,72,60,31,84,10,1,110,40,1
440,74,1,1,1,2,1,2,0,4,0,2,1,78,60,120,28,74,20,0,110,65,2
441,74,1,1,1,2,1,2,0,4,0,2,1,86,72,30,35,94,20,1,110,65,1
442,75,1,1,2,2,3,2,1,2,0,10,25,98,48,120,87,48,20,0,156,50,2
443,75,1,1,2,2,3,2,1,2,0,10,25,115,48,60,89,51,30,0,156,40,2
444,75,1,1,2,2,3,2,1,2,0,10,25,90,48,30,85,47,10,0,156,65,2
445,75,1,1,2,2,3,2,1,2,0,10,25,90,40,30,87,46,20,0,96,40,2
446,75,1,1,2,2,3,2,1,2,0,10,25,115,36,60,87,40,20,0,120,65,2
447,75,1,1,2,2,3,2,1,2,0,10,25,98,36,120,85,42,10,0,120,40,2
448,75,1,1,2,2,3,2,1,2,0,10,25,90,48,120,89,51,10,0,96,50,2
449,75,1,1,2,2,3,2,1,2,0,10,25,115,40,60,85,42,10,0,96,50,2
450,75,1,1,2,2,3,2,1,2,0,10,25,90,36,30,89,40,30,0,120,50,1
451,77,1,1,3,2,0,4,0,2,0,1,2,126,156,120,71,169,20,0,117,65,2
452,77,1,1,3,2,0,4,0,2,0,1,2,147,156,60,75,194,30,0,117,52,2
453,77,1,1,3,2,0,4,0,2,0,1,2,115,156,30,68,162,10,0,117,84,2
454,77,1,1,3,2,0,4,0,2,0,1,2,115,130,30,71,176,20,0,72,52,1
455,77,1,1,3,2,0,4,0,2,0,1,2,147,117,60,71,136,20,0,90,84,2
456,77,1,1,3,2,0,4,0,2,0,1,2,115,156,120,75,194,10,0,72,65,2
457,77,1,1,3,2,0,4,0,2,0,1,2,126,117,120,68,162,10,0,90,52,2
458,77,1,1,3,2,0,4,0,2,0,1,2,147,130,60,68,153,10,0,72,65,2
459,77,1,1,3,2,0,4,0,2,0,1,2,115,117,30,75,142,30,0,90,65,2
460,79,1,1,3,2,1,3,1,3,0,23,25,122,145,120,78,153,30,1,80,80,2
461,79,1,1,3,2,1,3,1,3,0,23,25,122,109,120,82,130,20,1,64,64,2
462,79,1,1,3,2,1,3,1,3,0,23,25,95,109,120,80,119,30,0,104,64,2
463,79,1,1,3,2,1,3,1,3,0,23,25,104,109,60,82,130,10,0,104,104,2
464,79,1,1,3,2,1,3,1,3,0,23,25,104,121,120,82,136,30,0,64,104,2
465,79,1,1,3,2,1,3,1,3,0,23,25,95,145,60,80,155,10,1,80,64,2
466,79,1,1,3,2,1,3,1,3,0,23,25,95,121,60,82,136,20,1,104,80,2
467,79,1,1,3,2,1,3,1,3,0,23,25,104,145,30,82,167,20,1,80,104,3
468,79,1,1,3,2,1,3,1,3,0,23,25,95,121,120,78,136,20,0,80,104,2
469,81,1,1,4,2,0,2,1,4,0,22,25,72,48,120,37,53,30,1,40,15,2
470,81,1,1,4,2,0,2,1,4,0,22,25,72,36,120,41,43,20,1,32,12,2
471,81,1,1,4,2,0,2,1,4,0,22,25,59,36,120,39,41,30,0,52,12,2
472,81,1,1,4,2,0,2,1,4,0,22,25,63,36,60,41,43,10,0,52,19,2
473,81,1,1,4,2,0,2,1,4,0,22,25,63,40,120,41,45,30,0,32,19,2
474,81,1,1,4,2,0,2,1,4,0,22,25,59,40,60,41,45,20,1,52,15,2
475,81,1,1,4,2,0,2,1,4,0,22,25,59,48,60,39,58,10,1,40,12,1
476,81,1,1,4,2,0,2,1,4,0,22,25,63,48,30,41,67,20,1,40,19,1
477,81,1,1,4,2,0,2,1,4,0,22,25,59,40,120,37,50,20,0,40,19,1
478,82,1,1,5,1,1,3,1,3,0,17,2,169,100,120,56,108,20,0,195,140,2
479,82,1,1,5,1,1,3,1,3,0,17,2,154,100,30,50,100,10,0,195,182,2
480,82,1,1,5,1,1,3,1,3,0,17,2,200,100,60,64,133,30,0,195,112,2
481,82,1,1,5,1,1,3,1,3,0,17,2,154,83,30,56,133,20,0,120,112,2
482,82,1,1,5,1,1,3,1,3,0,17,2,200,75,60,56,100,20,0,150,182,2
483,82,1,1,5,1,1,3,1,3,0,17,2,169,75,120,50,133,10,0,150,112,2
484,82,1,1,5,1,1,3,1,3,0,17,2,154,100,120,64,133,10,0,120,140,2
485,82,1,1,5,1,1,3,1,3,0,17,2,154,75,30,64,108,30,0,150,140,2
486,82,1,1,5,1,1,3,1,3,0,17,2,200,83,60,50,108,10,0,120,140,2
487,83,1,1,5,2,1,2,0,4,0,2,17,199,100,120,86,108,20,0,208,90,2
488,83,1,1,5,2,1,2,0,4,0,2,17,238,100,60,94,133,30,0,208,72,2
489,83,1,1,5,2,1,2,0,4,0,2,17,180,100,30,80,100,10,0,208,117,2
490,83,1,1,5,2,1,2,0,4,0,2,17,180,83,30,86,133,20,0,128,72,1
491,83,1,1,5,2,1,2,0,4,0,2,17,238,75,60,86,100,20,0,160,117,2
492,83,1,1,5,2,1,2,0,4,0,2,17,180,100,120,94,133,10,0,128,90,3
493,83,1,1,5,2,1,2,0,4,0,2,17,199,75,120,80,133,10,0,160,72,1
494,83,1,1,5,2,1,2,0,4,0,2,17,180,75,30,94,108,30,0,160,90,2
495,83,1,1,5,2,1,2,0,4,0,2,17,238,83,60,80,108,10,0,128,90,2
496,84,1,1,5,2,1,2,1,3,0,22,1,209,100,120,63,100,30,1,150,100,2
497,84,1,1,5,2,1,2,1,3,0,22,1,161,75,120,69,100,30,0,195,80,2
498,84,1,1,5,2,1,2,1,3,0,22,1,209,75,120,77,108,20,1,120,80,2
499,84,1,1,5,2,1,2,1,3,0,22,1,177,75,60,77,108,10,0,195,130,2
500,84,1,1,5,2,1,2,1,3,0,22,1,177,83,120,77,100,30,0,120,130,2
501,84,1,1,5,2,1,2,1,3,0,22,1,161,83,60,77,100,20,1,195,100,2
502,84,1,1,5,2,1,2,1,3,0,22,1,161,100,60,69,108,10,1,150,80,2
503,84,1,1,5,2,1,2,1,3,0,22,1,161,83,120,63,108,20,0,150,130,2
504,84,1,1,5,2,1,2,1,3,0,22,1,177,100,30,77,133,20,1,150,130,2
505,85,1,1,5,2,1,3,1,3,0,1,17,111,83,30,48,100,10,0,60,28,3
506,85,1,1,5,2,1,3,1,3,0,1,17,111,83,120,44,133,10,1,78,45,3
507,85,1,1,5,2,1,3,1,3,0,1,17,90,75,60,41,133,30,1,48,45,3
508,85,1,1,5,2,1,3,1,3,0,1,17,111,75,30,41,133,20,0,78,35,3
509,85,1,1,5,2,1,3,1,3,0,1,17,97,83,30,41,108,30,1,78,28,3
510,85,1,1,5,2,1,3,1,3,0,1,17,97,75,30,44,100,10,1,48,35,3
511,85,1,1,5,2,1,3,1,3,0,1,17,97,100,60,41,100,20,0,48,28,3
512,85,1,1,5,2,1,3,1,3,0,1,17,111,100,30,44,108,30,0,48,45,3
513,85,1,1,5,2,1,3,1,3,0,1,17,97,83,60,44,133,30,0,60,35,3
514,86,1,1,5,2,1,3,1,3,0,25,1,249,100,120,76,100,30,1,250,205,2
515,86,1,1,5,2,1,3,1,3,0,25,1,195,75,120,84,100,30,0,325,164,2
516,86,1,1,5,2,1,3,1,3,0,25,1,249,75,120,94,108,20,1,200,164,2
517,86,1,1,5,2,1,3,1,3,0,25,1,213,75,60,94,108,10,0,325,266,2
518,86,1,1,5,2,1,3,1,3,0,25,1,213,83,120,94,100,30,0,200,266,2
519,86,1,1,5,2,1,3,1,3,0,25,1,195,83,60,94,100,20,1,325,205,2
520,86,1,1,5,2,1,3,1,3,0,25,1,195,100,60,84,108,10,1,250,164,2
521,86,1,1,5,2,1,3,1,3,0,25,1,195,83,120,76,108,20,0,250,266,2
522,86,1,1,5,2,1,3,1,3,0,25,1,213,100,30,94,133,20,1,250,266,2
523,87,1,1,5,2,1,2,1,2,0,20,2,181,100,120,126,108,20,0,182,85,2
524,87,1,1,5,2,1,2,1,2,0,20,2,164,100,30,123,100,10,0,182,110,2
525,87,1,1,5,2,1,2,1,2,0,20,2,164,83,30,126,133,20,0,112,68,1
526,87,1,1,5,2,1,2,1,2,0,20,2,214,100,60,130,133,30,0,182,68,2
527,87,1,1,5,2,1,2,1,2,0,20,2,214,75,60,126,100,20,0,140,110,2
528,87,1,1,5,2,1,2,1,2,0,20,2,181,75,120,123,133,10,0,140,68,3
529,87,1,1,5,2,1,2,1,2,0,20,2,164,100,120,130,133,10,0,112,85,2
530,87,1,1,5,2,1,2,1,2,0,20,2,164,75,30,130,108,30,0,140,85,1
531,87,1,1,5,2,1,2,1,2,0,20,2,214,83,60,123,108,10,0,112,85,2
532,88,1,1,6,1,1,3,1,3,1,1,25,207,5040,120,78,5460,20,0,214,165,2
533,88,1,1,6,1,1,3,1,3,1,1,25,189,5040,30,70,5040,10,0,214,214,2
534,88,1,1,6,1,1,3,1,3,1,1,25,243,5040,60,88,6720,30,0,214,132,2
535,88,1,1,6,1,1,3,1,3,1,1,25,189,4200,30,78,6720,20,0,132,132,2
536,88,1,1,6,1,1,3,1,3,1,1,25,243,3780,60,78,5040,20,0,165,214,2
537,88,1,1,6,1,1,3,1,3,1,1,25,207,3780,120,70,6720,10,0,165,132,2
538,88,1,1,6,1,1,3,1,3,1,1,25,189,5040,120,88,6720,10,0,132,165,2
539,88,1,1,6,1,1,3,1,3,1,1,25,189,3780,30,88,5460,30,0,165,165,2
540,88,1,1,6,1,1,3,1,3,1,1,25,243,4200,60,70,5460,10,0,132,165,2
541,89,1,1,6,1,1,3,1,3,1,2,1,133,4200,30,61,5040,10,0,120,60,2
542,89,1,1,6,1,1,3,1,3,1,2,1,133,4200,120,57,6720,10,1,156,97,2
543,89,1,1,6,1,1,3,1,3,1,2,1,133,3780,30,54,6720,20,0,156,75,2
544,89,1,1,6,1,1,3,1,3,1,2,1,102,3780,60,54,6720,30,1,96,97,2
545,89,1,1,6,1,1,3,1,3,1,2,1,112,4200,30,54,5460,30,1,156,60,2
546,89,1,1,6,1,1,3,1,3,1,2,1,112,3780,30,57,5040,10,1,96,75,2
547,89,1,1,6,1,1,3,1,3,1,2,1,112,5040,60,54,5040,20,0,96,60,2
548,89,1,1,6,1,1,3,1,3,1,2,1,133,5040,30,57,5460,30,0,96,97,2
549,89,1,1,6,1,1,3,1,3,1,2,1,112,4200,60,57,6720,30,0,120,75,2
550,91,1,1,6,2,1,1,1,2,1,2,1,77,5040,120,22,5460,20,0,117,120,2
551,91,1,1,6,2,1,1,1,2,1,2,1,70,5040,30,19,5040,10,0,117,156,2
552,91,1,1,6,2,1,1,1,2,1,2,1,91,5040,60,26,6720,30,0,117,96,1
553,91,1,1,6,2,1,1,1,2,1,2,1,70,4200,30,22,6720,20,0,72,96,1
554,91,1,1,6,2,1,1,1,2,1,2,1,91,3780,60,22,5040,20,0,90,156,1
555,91,1,1,6,2,1,1,1,2,1,2,1,77,3780,120,19,6720,10,0,90,96,1
556,91,1,1,6,2,1,1,1,2,1,2,1,70,5040,120,26,6720,10,0,72,120,2
557,91,1,1,6,2,1,1,1,2,1,2,1,70,3780,30,26,5460,30,0,90,120,1
558,91,1,1,6,2,1,1,1,2,1,2,1,91,4200,60,19,5460,10,0,72,120,2
559,92,1,1,6,2,1,2,1,2,1,1,17,117,4200,30,54,5040,10,0,80,24,2
560,92,1,1,6,2,1,2,1,2,1,1,17,117,4200,120,50,6720,10,1,104,39,2
561,92,1,1,6,2,1,2,1,2,1,1,17,117,3780,30,47,6720,20,0,104,30,1
562,92,1,1,6,2,1,2,1,2,1,1,17,96,3780,60,47,6720,30,1,64,39,2
563,92,1,1,6,2,1,2,1,2,1,1,17,103,4200,30,47,5460,30,1,104,24,2
564,92,1,1,6,2,1,2,1,2,1,1,17,103,3780,30,50,5040,10,1,64,30,2
565,92,1,1,6,2,1,2,1,2,1,1,17,103,5040,60,47,5040,20,0,64,24,2
566,92,1,1,6,2,1,2,1,2,1,1,17,117,5040,30,50,5460,30,0,64,39,2
567,92,1,1,6,2,1,2,1,2,1,1,17,103,4200,60,50,6720,30,0,80,30,2
568,93,1,1,6,2,1,3,1,3,1,1,2,136,5040,120,81,5460,20,0,104,50,2
569,93,1,1,6,2,1,3,1,3,1,1,2,125,5040,30,78,5040,10,0,104,65,2
570,93,1,1,6,2,1,3,1,3,1,1,2,158,5040,60,85,6720,30,0,104,40,1
571,93,1,1,6,2,1,3,1,3,1,1,2,125,4200,30,81,6720,20,0,64,40,1
572,93,1,1,6,2,1,3,1,3,1,1,2,158,3780,60,81,5040,20,0,80,65,1
573,93,1,1,6,2,1,3,1,3,1,1,2,136,3780,120,78,6720,10,0,80,40,1
574,93,1,1,6,2,1,3,1,3,1,1,2,125,5040,120,85,6720,10,0,64,50,1
575,93,1,1,6,2,1,3,1,3,1,1,2,125,3780,30,85,5460,30,0,80,50,1
576,93,1,1,6,2,1,3,1,3,1,1,2,158,4200,60,78,5460,10,0,64,50,1
577,94,1,1,6,2,1,3,1,3,1,1,17,102,5040,120,49,5460,20,0,78,100,2
578,94,1,1,6,2,1,3,1,3,1,1,17,93,5040,30,46,5040,10,0,78,130,2
579,94,1,1,6,2,1,3,1,3,1,1,17,120,5040,60,53,6720,30,0,78,80,2
580,94,1,1,6,2,1,3,1,3,1,1,17,93,4200,30,49,6720,20,0,48,80,1
581,94,1,1,6,2,1,3,1,3,1,1,17,120,3780,60,49,5040,20,0,60,130,2
582,94,1,1,6,2,1,3,1,3,1,1,17,102,3780,120,46,6720,10,0,60,80,2
583,94,1,1,6,2,1,3,1,3,1,1,17,93,5040,120,53,6720,10,0,48,100,2
584,94,1,1,6,2,1,3,1,3,1,1,17,93,3780,30,53,5460,30,0,60,100,2
585,94,1,1,6,2,1,3,1,3,1,1,17,120,4200,60,46,5460,10,0,48,100,2
586,95,1,1,6,2,1,3,1,3,1,2,1,107,5040,120,52,5460,20,0,156,80,2
587,95,1,1,6,2,1,3,1,3,1,2,1,100,5040,30,49,5040,10,0,156,104,2
588,95,1,1,6,2,1,3,1,3,1,2,1,121,5040,60,56,6720,30,0,156,64,2
589,95,1,1,6,2,1,3,1,3,1,2,1,100,4200,30,52,6720,20,0,96,64,2
590,95,1,1,6,2,1,3,1,3,1,2,1,121,3780,60,52,5040,20,0,120,104,2
591,95,1,1,6,2,1,3,1,3,1,2,1,107,3780,120,49,6720,10,0,120,64,2
592,95,1,1,6,2,1,3,1,3,1,2,1,100,5040,120,56,6720,10,0,96,80,2
593,95,1,1,6,2,1,3,1,3,1,2,1,100,3780,30,56,5460,30,0,120,80,2
594,95,1,1,6,2,1,3,1,3,1,2,1,121,4200,60,49,5460,10,0,96,80,2
595,96,1,1,6,2,1,3,1,3,1,19,17,126,5040,120,56,5040,30,1,100,150,2
596,96,1,1,6,2,1,3,1,3,1,19,17,105,3780,120,59,5040,30,0,130,120,2
597,96,1,1,6,2,1,3,1,3,1,19,17,126,3780,120,63,5460,20,1,80,120,2
598,96,1,1,6,2,1,3,1,3,1,19,17,112,3780,60,63,5460,10,0,130,195,2
599,96,1,1,6,2,1,3,1,3,1,19,17,112,4200,120,63,5040,30,0,80,195,2
600,96,1,1,6,2,1,3,1,3,1,19,17,105,4200,60,63,5040,20,1,130,150,2
601,96,1,1,6,2,1,3,1,3,1,19,17,105,5040,60,59,5460,10,1,100,120,2
602,96,1,1,6,2,1,3,1,3,1,19,17,105,4200,120,56,5460,20,0,100,195,2
603,96,1,1,6,2,1,3,1,3,1,19,17,112,5040,30,63,6720,20,1,100,195,2
604,97,1,1,6,2,1,4,1,3,1,1,2,132,5040,120,77,5460,20,0,117,65,2
605,97,1,1,6,2,1,4,1,3,1,1,2,122,5040,30,74,5040,10,0,117,84,2
606,97,1,1,6,2,1,4,1,3,1,1,2,122,4200,30,77,6720,20,0,72,52,1
607,97,1,1,6,2,1,4,1,3,1,1,2,152,5040,60,81,6720,30,0,117,52,1
608,97,1,1,6,2,1,4,1,3,1,1,2,152,3780,60,77,5040,20,0,90,84,2
609,97,1,1,6,2,1,4,1,3,1,1,2,132,3780,120,74,6720,10,0,90,52,1
610,97,1,1,6,2,1,4,1,3,1,1,2,122,5040,120,81,6720,10,0,72,65,1
611,97,1,1,6,2,1,4,1,3,1,1,2,122,3780,30,81,5460,30,0,90,65,1
612,97,1,1,6,2,1,4,1,3,1,1,2,152,4200,60,74,5460,10,0,72,65,1
613,98,1,1,6,2,3,2,1,3,1,10,1,167,4200,30,103,5040,10,0,80,120,1
614,98,1,1,6,2,3,2,1,3,1,10,1,167,4200,120,99,6720,10,1,104,195,2
615,98,1,1,6,2,3,2,1,3,1,10,1,167,3780,30,96,6720,20,0,104,150,2
616,98,1,1,6,2,3,2,1,3,1,10,1,126,3780,60,96,6720,30,1,64,195,2
617,98,1,1,6,2,3,2,1,3,1,10,1,140,4200,30,96,5460,30,1,104,120,2
618,98,1,1,6,2,3,2,1,3,1,10,1,140,3780,30,99,5040,10,1,64,150,2
619,98,1,1,6,2,3,2,1,3,1,10,1,140,5040,60,96,5040,20,0,64,120,2
620,98,1,1,6,2,3,2,1,3,1,10,1,167,5040,30,99,5460,30,0,64,195,2
621,98,1,1,6,2,3,2,1,3,1,10,1,140,4200,60,99,6720,30,0,80,150,2
622,99,1,1,6,3,1,3,1,3,1,1,17,136,4200,30,67,5040,10,0,70,36,2
623,99,1,1,6,3,1,3,1,3,1,1,17,136,3780,30,60,6720,20,0,91,45,1
624,99,1,1,6,3,1,3,1,3,1,1,17,136,4200,120,63,6720,10,1,91,58,1
625,99,1,1,6,3,1,3,1,3,1,1,17,106,3780,60,60,6720,30,1,56,58,1
626,99,1,1,6,3,1,3,1,3,1,1,17,116,4200,30,60,5460,30,1,91,36,2
627,99,1,1,6,3,1,3,1,3,1,1,17,116,5040,60,60,5040,20,0,56,36,2
628,99,1,1,6,3,1,3,1,3,1,1,17,116,3780,30,63,5040,10,1,56,45,2
629,99,1,1,6,3,1,3,1,3,1,1,17,136,5040,30,63,5460,30,0,56,58,2
630,99,1,1,6,3,1,3,1,3,1,1,17,116,4200,60,63,6720,30,0,70,45,1
631,101,1,1,6,3,1,4,1,4,1,2,1,94,5040,120,39,5460,20,0,97,25,1
632,101,1,1,6,3,1,4,1,4,1,2,1,86,5040,30,36,5040,10,0,97,32,1
633,101,1,1,6,3,1,4,1,4,1,2,1,111,5040,60,43,6720,30,0,97,20,3
634,101,1,1,6,3,1,4,1,4,1,2,1,86,4200,30,39,6720,20,0,60,20,1
635,101,1,1,6,3,1,4,1,4,1,2,1,111,3780,60,39,5040,20,0,75,32,3
636,101,1,1,6,3,1,4,1,4,1,2,1,94,3780,120,36,6720,10,0,75,20,3
637,101,1,1,6,3,1,4,1,4,1,2,1,86,5040,120,43,6720,10,0,60,25,3
638,101,1,1,6,3,1,4,1,4,1,2,1,86,3780,30,43,5460,30,0,75,25,1
639,101,1,1,6,3,1,4,1,4,1,2,1,111,4200,60,36,5460,10,0,60,25,3
640,102,1,1,8,1,1,3,0,3,0,1,17,103,179,120,33,179,30,1,60,40,2
641,102,1,1,8,1,1,3,0,3,0,1,17,82,134,120,36,179,30,0,78,32,2
642,102,1,1,8,1,1,3,0,3,0,1,17,103,134,120,40,194,20,1,48,32,2
643,102,1,1,8,1,1,3,0,3,0,1,17,89,134,60,40,194,10,0,78,52,1
644,102,1,1,8,1,1,3,0,3,0,1,17,89,149,120,40,179,30,0,48,52,2
645,102,1,1,8,1,1,3,0,3,0,1,17,82,149,60,40,179,20,1,78,40,2
646,102,1,1,8,1,1,3,0,3,0,1,17,82,179,60,36,194,10,1,60,32,2
647,102,1,1,8,1,1,3,0,3,0,1,17,82,149,120,33,194,20,0,60,52,2
648,102,1,1,8,1,1,3,0,3,0,1,17,89,179,30,40,238,20,1,60,52,1
649,104,1,1,8,2,1,3,1,3,0,17,1,97,266,120,44,289,20,0,78,40,2
650,104,1,1,8,2,1,3,1,3,0,17,1,90,266,30,41,266,10,0,78,52,2
651,104,1,1,8,2,1,3,1,3,0,17,1,111,266,60,48,355,30,0,78,32,2
652,104,1,1,8,2,1,3,1,3,0,17,1,90,222,30,44,355,20,0,48,32,2
653,104,1,1,8,2,1,3,1,3,0,17,1,111,200,60,44,266,20,0,60,52,2
654,104,1,1,8,2,1,3,1,3,0,17,1,97,200,120,41,355,10,0,60,32,2
655,104,1,1,8,2,1,3,1,3,0,17,1,90,266,120,48,355,10,0,48,40,2
656,104,1,1,8,2,1,3,1,3,0,17,1,90,200,30,48,289,30,0,60,40,2
657,104,1,1,8,2,1,3,1,3,0,17,1,111,222,60,41,289,10,0,48,40,2
658,105,1,1,10,2,1,2,0,3,0,25,23,115,271,120,91,294,20,0,117,45,2
659,105,1,1,10,2,1,2,0,3,0,25,23,131,271,60,93,362,30,0,117,36,2
660,105,1,1,10,2,1,2,0,3,0,25,23,107,271,30,89,271,10,0,117,58,2
661,105,1,1,10,2,1,2,0,3,0,25,23,107,226,30,91,362,20,0,72,36,3
662,105,1,1,10,2,1,2,0,3,0,25,23,131,203,60,91,271,20,0,90,58,2
663,105,1,1,10,2,1,2,0,3,0,25,23,107,271,120,93,362,10,0,72,45,3
664,105,1,1,10,2,1,2,0,3,0,25,23,115,203,120,89,362,10,0,90,36,2
665,105,1,1,10,2,1,2,0,3,0,25,23,131,226,60,89,294,10,0,72,45,3
666,105,1,1,10,2,1,2,0,3,0,25,23,107,203,30,93,294,30,0,90,45,3
667,106,2,0,1,1,0,3,0,2,0,8,10,215,62,120,135,64,30,1,150,65,2
668,106,2,0,1,1,0,3,0,2,0,8,10,164,47,120,138,52,30,0,195,52,2
669,106,2,0,1,1,0,3,0,2,0,8,10,215,47,120,142,53,20,1,120,52,2
670,106,2,0,1,1,0,3,0,2,0,8,10,181,47,60,142,53,10,0,195,84,2
671,106,2,0,1,1,0,3,0,2,0,8,10,181,52,120,142,56,30,0,120,84,2
672,106,2,0,1,1,0,3,0,2,0,8,10,164,52,60,142,56,20,1,195,65,2
673,106,2,0,1,1,0,3,0,2,0,8,10,164,62,60,138,66,10,1,150,52,2
674,106,2,0,1,1,0,3,0,2,0,8,10,164,52,120,135,57,20,0,150,84,2
675,106,2,0,1,1,0,3,0,2,0,8,10,181,62,30,142,72,20,1,150,84,2
676,107,2,0,1,1,1,2,0,1,0,1,2,162,40,30,87,45,10,0,120,48,2
677,107,2,0,1,1,1,2,0,1,0,1,2,162,40,120,83,52,10,1,156,78,2
678,107,2,0,1,1,1,2,0,1,0,1,2,162,36,30,80,49,20,0,156,60,2
679,107,2,0,1,1,1,2,0,1,0,1,2,126,36,60,80,49,30,1,96,78,2
680,107,2,0,1,1,1,2,0,1,0,1,2,138,40,30,80,46,30,1,156,48,2
681,107,2,0,1,1,1,2,0,1,0,1,2,138,36,30,83,42,10,1,96,60,2
682,107,2,0,1,1,1,2,0,1,0,1,2,138,48,60,80,50,20,0,96,48,2
683,107,2,0,1,1,1,2,0,1,0,1,2,162,48,30,83,52,30,0,96,78,2
684,107,2,0,1,1,1,2,0,1,0,1,2,138,40,60,83,52,30,0,120,60,2
685,111,2,0,1,1,1,3,0,1,0,1,2,136,38,30,65,43,10,0,90,40,2
686,111,2,0,1,1,1,3,0,1,0,1,2,136,38,120,61,52,10,1,117,65,2
687,111,2,0,1,1,1,3,0,1,0,1,2,136,34,30,58,48,20,0,117,50,2
688,111,2,0,1,1,1,3,0,1,0,1,2,106,34,60,58,48,30,1,72,65,2
689,111,2,0,1,1,1,3,0,1,0,1,2,116,38,30,58,45,30,1,117,40,1
690,111,2,0,1,1,1,3,0,1,0,1,2,116,34,30,61,40,10,1,72,50,2
691,111,2,0,1,1,1,3,0,1,0,1,2,116,46,60,58,48,20,0,72,40,3
692,111,2,0,1,1,1,3,0,1,0,1,2,136,46,30,61,50,30,0,72,65,2
693,111,2,0,1,1,1,3,0,1,0,1,2,116,38,60,61,52,30,0,90,50,2
694,112,2,0,1,1,1,3,0,2,0,1,2,98,35,30,33,42,10,0,90,12,2
695,112,2,0,1,1,1,3,0,2,0,1,2,98,35,120,29,49,10,1,117,19,2
696,112,2,0,1,1,1,3,0,2,0,1,2,98,31,30,26,46,20,0,117,15,2
697,112,2,0,1,1,1,3,0,2,0,1,2,77,31,60,26,46,30,1,72,19,2
698,112,2,0,1,1,1,3,0,2,0,1,2,84,35,30,26,43,30,1,117,12,1
699,112,2,0,1,1,1,3,0,2,0,1,2,84,31,30,29,38,10,1,72,15,2
700,112,2,0,1,1,1,3,0,2,0,1,2,84,42,60,26,46,20,0,72,12,2
701,112,2,0,1,1,1,3,0,2,0,1,2,98,42,30,29,49,30,0,72,19,2
702,112,2,0,1,1,1,3,0,2,0,1,2,84,35,60,29,49,30,0,90,15,2
703,115,2,0,1,2,1,2,1,2,0,25,23,87,54,120,63,53,20,0,195,90,2
704,115,2,0,1,2,1,2,1,2,0,25,23,103,54,60,65,56,30,0,195,72,2
705,115,2,0,1,2,1,2,1,2,0,25,23,79,54,30,61,52,10,0,195,117,2
706,115,2,0,1,2,1,2,1,2,0,25,23,79,45,30,63,50,20,0,120,72,2
707,115,2,0,1,2,1,2,1,2,0,25,23,103,40,60,63,43,20,0,150,117,2
708,115,2,0,1,2,1,2,1,2,0,25,23,87,40,120,61,46,10,0,150,72,2
709,115,2,0,1,2,1,2,1,2,0,25,23,79,54,120,65,56,10,0,120,90,2
710,115,2,0,1,2,1,2,1,2,0,25,23,103,45,60,61,48,10,0,120,90,2
711,115,2,0,1,2,1,2,1,2,0,25,23,79,40,30,65,45,30,0,150,90,2
712,117,2,0,1,3,1,2,0,4,0,1,2,148,40,30,74,45,10,0,75,48,2
713,117,2,0,1,3,1,2,0,4,0,1,2,148,40,120,70,52,10,1,97,78,2
714,117,2,0,1,3,1,2,0,4,0,1,2,148,36,30,67,49,20,0,97,60,2
715,117,2,0,1,3,1,2,0,4,0,1,2,114,36,60,67,49,30,1,60,78,2
716,117,2,0,1,3,1,2,0,4,0,1,2,125,40,30,67,46,30,1,97,48,2
717,117,2,0,1,3,1,2,0,4,0,1,2,125,36,30,70,42,10,1,60,60,2
718,117,2,0,1,3,1,2,0,4,0,1,2,125,48,60,67,49,20,0,60,48,2
719,117,2,0,1,3,1,2,0,4,0,1,2,148,48,30,70,52,30,0,60,78,2
720,117,2,0,1,3,1,2,0,4,0,1,2,125,40,60,70,52,30,0,75,60,2
721,119,2,0,2,1,1,1,1,4,0,23,2,162,22,30,85,24,10,0,60,28,2
722,119,2,0,2,1,1,1,1,4,0,23,2,162,22,120,81,28,10,1,78,45,2
723,119,2,0,2,1,1,1,1,4,0,23,2,162,20,30,78,26,20,0,78,35,1
724,119,2,0,2,1,1,1,1,4,0,23,2,123,20,60,78,26,30,1,48,45,1
725,119,2,0,2,1,1,1,1,4,0,23,2,136,22,30,78,25,30,1,78,28,1
726,119,2,0,2,1,1,1,1,4,0,23,2,136,20,30,81,22,10,1,48,35,3
727,119,2,0,2,1,1,1,1,4,0,23,2,136,26,60,78,27,20,0,48,28,3
728,119,2,0,2,1,1,1,1,4,0,23,2,162,26,30,81,28,30,0,48,45,3
729,119,2,0,2,1,1,1,1,4,0,23,2,136,22,60,81,28,30,0,60,35,2
730,120,2,0,2,2,1,1,1,1,0,25,22,68,13,120,44,16,20,0,65,24,2
731,120,2,0,2,2,1,1,1,1,0,25,22,78,13,60,46,19,30,0,65,19,2
732,120,2,0,2,2,1,1,1,1,0,25,22,63,13,30,42,15,10,0,65,31,2
733,120,2,0,2,2,1,1,1,1,0,25,22,63,11,30,44,16,20,0,40,19,2
734,120,2,0,2,2,1,1,1,1,0,25,22,78,10,60,44,12,20,0,50,31,2
735,120,2,0,2,2,1,1,1,1,0,25,22,63,13,120,46,19,10,0,40,24,2
736,120,2,0,2,2,1,1,1,1,0,25,22,68,10,120,42,14,10,0,50,19,2
737,120,2,0,2,2,1,1,1,1,0,25,22,78,11,60,42,13,10,0,40,24,2
738,120,2,0,2,2,1,1,1,1,0,25,22,63,10,30,46,12,30,0,50,24,2
739,121,2,0,2,2,1,4,1,3,0,22,25,72,12,120,48,15,20,0,52,60,2
740,121,2,0,2,2,1,4,1,3,0,22,25,79,12,60,50,18,30,0,52,48,2
741,121,2,0,2,2,1,4,1,3,0,22,25,69,12,30,46,14,10,0,52,78,2
742,121,2,0,2,2,1,4,1,3,0,22,25,69,10,30,48,16,20,0,32,48,2
743,121,2,0,2,2,1,4,1,3,0,22,25,79,9,60,48,11,20,0,40,78,2
744,121,2,0,2,2,1,4,1,3,0,22,25,69,12,120,50,18,10,0,32,60,2
745,121,2,0,2,2,1,4,1,3,0,22,25,72,9,120,46,14,10,0,40,48,2
746,121,2,0,2,2,1,4,1,3,0,22,25,79,10,60,46,12,10,0,32,60,2
747,121,2,0,2,2,1,4,1,3,0,22,25,69,9,30,50,12,30,0,40,60,2
748,122,2,0,2,2,3,2,1,4,0,23,25,108,20,30,70,23,10,0,100,32,2
749,122,2,0,2,2,3,2,1,4,0,23,25,108,20,120,68,25,10,1,130,52,2
750,122,2,0,2,2,3,2,1,4,0,23,25,108,18,30,66,23,20,0,130,40,2
751,122,2,0,2,2,3,2,1,4,0,23,25,84,18,60,66,23,30,1,80,52,2
752,122,2,0,2,2,3,2,1,4,0,23,25,92,20,30,66,23,30,1,130,32,2
753,122,2,0,2,2,3,2,1,4,0,23,25,92,18,30,68,20,10,1,80,40,2
754,122,2,0,2,2,3,2,1,4,0,23,25,92,24,60,66,26,20,0,80,32,2
755,122,2,0,2,2,3,2,1,4,0,23,25,108,24,30,68,26,30,0,80,52,2
756,122,2,0,2,2,3,2,1,4,0,23,25,92,20,60,68,25,30,0,100,40,2
757,125,2,0,3,1,1,2,1,1,0,19,2,125,100,120,70,108,20,0,117,50,2
758,125,2,0,3,1,1,2,1,1,0,19,2,114,100,30,67,103,10,0,117,65,2
759,125,2,0,3,1,1,2,1,1,0,19,2,146,100,60,74,123,30,0,117,40,2
760,125,2,0,3,1,1,2,1,1,0,19,2,114,83,30,70,108,20,0,72,40,1
761,125,2,0,3,1,1,2,1,1,0,19,2,146,75,60,70,86,20,0,90,65,2
762,125,2,0,3,1,1,2,1,1,0,19,2,125,75,120,67,99,10,0,90,40,1
763,125,2,0,3,1,1,2,1,1,0,19,2,114,100,120,74,123,10,0,72,50,1
764,125,2,0,3,1,1,2,1,1,0,19,2,114,75,30,74,90,30,0,90,50,1
765,125,2,0,3,1,1,2,1,1,0,19,2,146,83,60,67,95,10,0,72,50,1
766,126,2,0,3,2,0,1,0,1,0,1,25,67,137,120,33,139,30,1,210,50,2
767,126,2,0,3,2,0,1,0,1,0,1,25,67,103,120,37,111,20,1,168,40,2
768,126,2,0,3,2,0,1,0,1,0,1,25,55,103,120,35,111,30,0,273,40,1
769,126,2,0,3,2,0,1,0,1,0,1,25,59,103,60,37,111,10,0,273,65,1
770,126,2,0,3,2,0,1,0,1,0,1,25,59,114,120,37,123,30,0,168,65,2
771,126,2,0,3,2,0,1,0,1,0,1,25,55,137,60,35,139,10,1,210,40,2
772,126,2,0,3,2,0,1,0,1,0,1,25,55,114,60,37,123,20,1,273,50,2
773,126,2,0,3,2,0,1,0,1,0,1,25,59,137,30,37,144,20,1,210,65,2
774,126,2,0,3,2,0,1,0,1,0,1,25,55,114,120,33,123,20,0,210,65,2
775,127,2,0,4,2,0,5,1,1,0,25,22,105,42,120,81,48,20,0,91,20,2
776,127,2,0,4,2,0,5,1,1,0,25,22,120,42,60,83,52,30,0,91,16,2
777,127,2,0,4,2,0,5,1,1,0,25,22,97,42,30,79,46,10,0,91,26,2
778,127,2,0,4,2,0,5,1,1,0,25,22,97,35,30,81,46,20,0,56,16,2
779,127,2,0,4,2,0,5,1,1,0,25,22,120,31,60,81,35,20,0,70,26,2
780,127,2,0,4,2,0,5,1,1,0,25,22,105,31,120,79,42,10,0,70,16,2
781,127,2,0,4,2,0,5,1,1,0,25,22,97,42,120,83,52,10,0,56,20,2
782,127,2,0,4,2,0,5,1,1,0,25,22,120,35,60,79,41,10,0,56,20,2
783,127,2,0,4,2,0,5,1,1,0,25,22,97,31,30,83,37,30,0,70,20,2
784,129,2,0,5,2,1,2,1,1,0,2,25,158,60,120,56,60,30,1,100,40,2
785,129,2,0,5,2,1,2,1,1,0,2,25,126,45,120,61,60,30,0,130,32,2
786,129,2,0,5,2,1,2,1,1,0,2,25,158,45,120,67,65,20,1,80,32,3
787,129,2,0,5,2,1,2,1,1,0,2,25,137,45,60,67,65,10,0,130,52,2
788,129,2,0,5,2,1,2,1,1,0,2,25,137,50,120,67,60,30,0,80,52,2
789,129,2,0,5,2,1,2,1,1,0,2,25,126,50,60,67,60,20,1,130,40,3
790,129,2,0,5,2,1,2,1,1,0,2,25,126,60,60,61,65,10,1,100,32,3
791,129,2,0,5,2,1,2,1,1,0,2,25,126,50,120,56,65,20,0,100,52,2
792,129,2,0,5,2,1,2,1,1,0,2,25,137,60,30,67,80,20,1,100,52,3
793,130,2,0,6,1,0,2,1,4,1,2,22,81,3120,120,26,3380,20,0,78,45,2
794,130,2,0,6,1,0,2,1,4,1,2,22,74,3120,30,23,3120,10,0,78,58,2
795,130,2,0,6,1,0,2,1,4,1,2,22,95,3120,60,30,4160,30,0,78,36,3
796,130,2,0,6,1,0,2,1,4,1,2,22,74,2600,30,26,4160,20,0,48,36,1
797,130,2,0,6,1,0,2,1,4,1,2,22,95,2340,60,26,3120,20,0,60,58,2
798,130,2,0,6,1,0,2,1,4,1,2,22,81,2340,120,23,4160,10,0,60,36,3
799,130,2,0,6,1,0,2,1,4,1,2,22,74,3120,120,30,4160,10,0,48,45,3
800,130,2,0,6,1,0,2,1,4,1,2,22,74,2340,30,30,3380,30,0,60,45,1
801,130,2,0,6,1,0,2,1,4,1,2,22,95,2600,60,23,3380,10,0,48,45,2
802,132,2,0,6,1,1,1,0,4,1,25,22,54,3120,120,30,3380,20,0,65,12,1
803,132,2,0,6,1,1,1,0,4,1,25,22,61,3120,60,32,4160,30,0,65,10,1
804,132,2,0,6,1,1,1,0,4,1,25,22,51,3120,30,28,3120,10,0,65,16,1
805,132,2,0,6,1,1,1,0,4,1,25,22,51,2600,30,30,4160,20,0,40,10,1
806,132,2,0,6,1,1,1,0,4,1,25,22,61,2340,60,30,3120,20,0,50,16,1
807,132,2,0,6,1,1,1,0,4,1,25,22,54,2340,120,28,4160,10,0,50,10,1
808,132,2,0,6,1,1,1,0,4,1,25,22,51,3120,120,32,4160,10,0,40,12,1
809,132,2,0,6,1,1,1,0,4,1,25,22,61,2600,60,28,3380,10,0,40,12,1
810,132,2,0,6,1,1,1,0,4,1,25,22,51,2340,30,32,3380,30,0,50,12,1
811,135,2,0,6,1,1,2,0,1,1,17,1,92,3120,120,39,3380,20,0,78,35,2
812,135,2,0,6,1,1,2,0,1,1,17,1,85,3120,30,36,3120,10,0,78,45,2
813,135,2,0,6,1,1,2,0,1,1,17,1,106,3120,60,43,4160,30,0,78,28,2
814,135,2,0,6,1,1,2,0,1,1,17,1,85,2600,30,39,4160,20,0,48,28,1
815,135,2,0,6,1,1,2,0,1,1,17,1,106,2340,60,39,3120,20,0,60,45,2
816,135,2,0,6,1,1,2,0,1,1,17,1,92,2340,120,36,4160,10,0,60,28,2
817,135,2,0,6,1,1,2,0,1,1,17,1,85,3120,120,43,4160,10,0,48,35,3
818,135,2,0,6,1,1,2,0,1,1,17,1,85,2340,30,43,3380,30,0,60,35,2
819,135,2,0,6,1,1,2,0,1,1,17,1,106,2600,60,36,3380,10,0,48,35,2
820,138,2,0,6,1,1,2,0,2,1,1,2,89,3120,120,34,3380,20,0,97,40,2
821,138,2,0,6,1,1,2,0,2,1,1,2,82,3120,30,31,3120,10,0,97,52,2
822,138,2,0,6,1,1,2,0,2,1,1,2,103,3120,60,38,4160,30,0,97,32,2
823,138,2,0,6,1,1,2,0,2,1,1,2,82,2600,30,34,4160,20,0,60,32,2
824,138,2,0,6,1,1,2,0,2,1,1,2,103,2340,60,34,3120,20,0,75,52,2
825,138,2,0,6,1,1,2,0,2,1,1,2,89,2340,120,31,4160,10,0,75,32,2
826,138,2,0,6,1,1,2,0,2,1,1,2,82,3120,120,38,4160,10,0,60,40,2
827,138,2,0,6,1,1,2,0,2,1,1,2,82,2340,30,38,3380,30,0,75,40,2
828,138,2,0,6,1,1,2,0,2,1,1,2,103,2600,60,31,3380,10,0,60,40,2
829,140,2,0,6,1,1,2,0,3,1,25,22,57,3120,120,33,3380,20,0,78,25,2
830,140,2,0,6,1,1,2,0,3,1,25,22,64,3120,60,35,4160,30,0,78,20,2
831,140,2,0,6,1,1,2,0,3,1,25,22,54,3120,30,31,3120,10,0,78,32,2
832,140,2,0,6,1,1,2,0,3,1,25,22,54,2600,30,33,4160,20,0,48,20,1
833,140,2,0,6,1,1,2,0,3,1,25,22,64,2340,60,33,3120,20,0,60,32,2
834,140,2,0,6,1,1,2,0,3,1,25,22,54,3120,120,35,4160,10,0,48,25,3
835,140,2,0,6,1,1,2,0,3,1,25,22,57,2340,120,31,4160,10,0,60,20,3
836,140,2,0,6,1,1,2,0,3,1,25,22,64,2600,60,31,3380,10,0,48,25,2
837,140,2,0,6,1,1,2,0,3,1,25,22,54,2340,30,35,3380,30,0,60,25,1
838,145,2,0,6,1,1,2,1,2,1,1,2,104,2600,30,39,3120,10,0,110,80,1
839,145,2,0,6,1,1,2,1,2,1,1,2,104,2600,120,35,4160,10,1,143,130,2
840,145,2,0,6,1,1,2,1,2,1,1,2,104,2340,30,32,4160,20,0,143,100,1
841,145,2,0,6,1,1,2,1,2,1,1,2,83,2340,60,32,4160,30,1,88,130,1
842,145,2,0,6,1,1,2,1,2,1,1,2,90,2600,30,32,3380,30,1,143,80,2
843,145,2,0,6,1,1,2,1,2,1,1,2,90,2340,30,35,3120,10,1,88,100,2
844,145,2,0,6,1,1,2,1,2,1,1,2,90,3120,60,32,3120,20,0,88,80,2
845,145,2,0,6,1,1,2,1,2,1,1,2,104,3120,30,35,3380,30,0,88,130,1
846,145,2,0,6,1,1,2,1,2,1,1,2,90,2600,60,35,4160,30,0,110,100,1
847,148,2,0,6,1,1,2,1,4,1,22,2,103,3120,120,31,3120,30,1,60,40,2
848,148,2,0,6,1,1,2,1,4,1,22,2,82,2340,120,34,3120,30,0,78,32,2
849,148,2,0,6,1,1,2,1,4,1,22,2,103,2340,120,38,3380,20,1,48,32,2
850,148,2,0,6,1,1,2,1,4,1,22,2,89,2340,60,38,3380,10,0,78,52,1
851,148,2,0,6,1,1,2,1,4,1,22,2,89,2600,120,38,3120,30,0,48,52,2
852,148,2,0,6,1,1,2,1,4,1,22,2,82,2600,60,38,3120,20,1,78,40,2
853,148,2,0,6,1,1,2,1,4,1,22,2,82,3120,60,34,3380,10,1,60,32,1
854,148,2,0,6,1,1,2,1,4,1,22,2,82,2600,120,31,3380,20,0,60,52,1
855,148,2,0,6,1,1,2,1,4,1,22,2,89,3120,30,38,4160,20,1,60,52,1
856,149,2,0,6,1,1,3,1,2,1,25,22,61,2600,30,32,3120,10,0,40,20,1
857,149,2,0,6,1,1,3,1,2,1,25,22,61,2340,30,28,4160,20,0,52,25,1
858,149,2,0,6,1,1,3,1,2,1,25,22,61,2600,120,30,4160,10,1,52,32,2
859,149,2,0,6,1,1,3,1,2,1,25,22,51,2340,60,28,4160,30,1,32,32,1
860,149,2,0,6,1,1,3,1,2,1,25,22,54,2600,30,28,3380,30,1,52,20,2
861,149,2,0,6,1,1,3,1,2,1,25,22,54,3120,60,28,3120,20,0,32,20,2
862,149,2,0,6,1,1,3,1,2,1,25,22,54,2340,30,30,3120,10,1,32,25,1
863,149,2,0,6,1,1,3,1,2,1,25,22,54,2600,60,30,4160,30,0,40,25,1
864,149,2,0,6,1,1,3,1,2,1,25,22,61,3120,30,30,3380,30,0,32,32,2
865,150,2,0,6,1,1,3,1,3,1,2,1,82,3120,120,27,3380,20,0,117,100,2
866,150,2,0,6,1,1,3,1,3,1,2,1,75,3120,30,24,3120,10,0,117,130,2
867,150,2,0,6,1,1,3,1,3,1,2,1,96,3120,60,31,4160,30,0,117,80,2
868,150,2,0,6,1,1,3,1,3,1,2,1,75,2600,30,27,4160,20,0,72,80,1
869,150,2,0,6,1,1,3,1,3,1,2,1,96,2340,60,27,3120,20,0,90,130,1
870,150,2,0,6,1,1,3,1,3,1,2,1,82,2340,120,24,4160,10,0,90,80,3
871,150,2,0,6,1,1,3,1,3,1,2,1,75,3120,120,31,4160,10,0,72,100,2
872,150,2,0,6,1,1,3,1,3,1,2,1,75,2340,30,31,3380,30,0,90,100,2
873,150,2,0,6,1,1,3,1,3,1,2,1,96,2600,60,24,3380,10,0,72,100,3
874,151,2,0,6,1,1,3,1,3,1,25,22,55,3120,120,31,3380,20,0,52,35,2
875,151,2,0,6,1,1,3,1,3,1,25,22,62,3120,60,33,4160,30,0,52,28,1
876,151,2,0,6,1,1,3,1,3,1,25,22,52,3120,30,29,3120,10,0,52,45,2
877,151,2,0,6,1,1,3,1,3,1,25,22,52,2600,30,31,4160,20,0,32,28,1
878,151,2,0,6,1,1,3,1,3,1,25,22,62,2340,60,31,3120,20,0,40,45,2
879,151,2,0,6,1,1,3,1,3,1,25,22,52,3120,120,33,4160,10,0,32,35,2
880,151,2,0,6,1,1,3,1,3,1,25,22,55,2340,120,29,4160,10,0,40,28,2
881,151,2,0,6,1,1,3,1,3,1,25,22,62,2600,60,29,3380,10,0,32,35,2
882,151,2,0,6,1,1,3,1,3,1,25,22,52,2340,30,33,3380,30,0,40,35,1
883,152,2,0,6,2,1,2,0,1,1,22,25,92,3120,120,55,3120,30,1,60,40,2
884,152,2,0,6,2,1,2,0,1,1,22,25,92,2340,120,59,3380,20,1,48,32,1
885,152,2,0,6,2,1,2,0,1,1,22,25,75,2340,120,57,3120,30,0,78,32,1
886,152,2,0,6,2,1,2,0,1,1,22,25,81,2340,60,59,3380,10,0,78,52,1
887,152,2,0,6,2,1,2,0,1,1,22,25,81,2600,120,59,3120,30,0,48,52,1
888,152,2,0,6,2,1,2,0,1,1,22,25,75,3120,60,57,3380,10,1,60,32,2
889,152,2,0,6,2,1,2,0,1,1,22,25,75,2600,60,59,3120,20,1,78,40,1
890,152,2,0,6,2,1,2,0,1,1,22,25,81,3120,30,59,4160,20,1,60,52,1
891,152,2,0,6,2,1,2,0,1,1,22,25,75,2600,120,55,3380,20,0,60,52,1
892,153,2,0,6,2,1,2,1,3,1,25,2,150,3120,120,74,3380,20,0,156,50,2
893,153,2,0,6,2,1,2,1,3,1,25,2,139,3120,30,69,3120,10,0,156,65,2
894,153,2,0,6,2,1,2,1,3,1,25,2,171,3120,60,80,4160,30,0,156,40,2
895,153,2,0,6,2,1,2,1,3,1,25,2,139,2600,30,74,4160,20,0,96,40,2
896,153,2,0,6,2,1,2,1,3,1,25,2,171,2340,60,74,3120,20,0,120,65,2
897,153,2,0,6,2,1,2,1,3,1,25,2,150,2340,120,69,4160,10,0,120,40,2
898,153,2,0,6,2,1,2,1,3,1,25,2,139,3120,120,80,4160,10,0,96,50,2
899,153,2,0,6,2,1,2,1,3,1,25,2,139,2340,30,80,3380,30,0,120,50,2
900,153,2,0,6,2,1,2,1,3,1,25,2,171,2600,60,69,3380,10,0,96,50,2
901,154,2,0,6,3,1,2,0,1,1,25,22,51,2600,30,22,3120,10,0,50,20,2
902,154,2,0,6,3,1,2,0,1,1,25,22,51,2340,30,18,4160,20,0,65,25,2
903,154,2,0,6,3,1,2,0,1,1,25,22,51,2600,120,20,4160,10,1,65,32,2
904,154,2,0,6,3,1,2,0,1,1,25,22,41,2340,60,18,4160,30,1,40,32,2
905,154,2,0,6,3,1,2,0,1,1,25,22,44,2600,30,18,3380,30,1,65,20,2
906,154,2,0,6,3,1,2,0,1,1,25,22,44,3120,60,18,3120,20,0,40,20,2
907,154,2,0,6,3,1,2,0,1,1,25,22,44,2340,30,20,3120,10,1,40,25,2
908,154,2,0,6,3,1,2,0,1,1,25,22,44,2600,60,20,4160,30,0,50,25,2
909,154,2,0,6,3,1,2,0,1,1,25,22,51,3120,30,20,3380,30,0,40,32,2
910,155,2,0,6,3,1,2,0,2,1,25,22,61,3120,120,28,3120,30,1,50,60,2
911,155,2,0,6,3,1,2,0,2,1,25,22,61,2340,120,32,3380,20,1,40,48,2
912,155,2,0,6,3,1,2,0,2,1,25,22,51,2340,120,30,3120,30,0,65,48,2
913,155,2,0,6,3,1,2,0,2,1,25,22,54,2340,60,32,3380,10,0,65,78,1
914,155,2,0,6,3,1,2,0,2,1,25,22,54,2600,120,32,3120,30,0,40,78,2
915,155,2,0,6,3,1,2,0,2,1,25,22,51,3120,60,30,3380,10,1,50,48,2
916,155,2,0,6,3,1,2,0,2,1,25,22,51,2600,60,32,3120,20,1,65,60,1
917,155,2,0,6,3,1,2,0,2,1,25,22,54,3120,30,32,4160,20,1,50,78,1
918,155,2,0,6,3,1,2,0,2,1,25,22,51,2600,120,28,3380,20,0,50,78,2
919,156,2,0,6,3,1,2,1,2,1,1,2,120,3120,120,65,3380,20,0,130,150,2
920,156,2,0,6,3,1,2,1,2,1,1,2,110,3120,30,62,3120,10,0,130,195,2
921,156,2,0,6,3,1,2,1,2,1,1,2,141,3120,60,69,4160,30,0,130,120,2
922,156,2,0,6,3,1,2,1,2,1,1,2,110,2600,30,65,4160,20,0,80,120,2
923,156,2,0,6,3,1,2,1,2,1,1,2,141,2340,60,65,3120,20,0,100,195,2
924,156,2,0,6,3,1,2,1,2,1,1,2,120,2340,120,62,4160,10,0,100,120,2
925,156,2,0,6,3,1,2,1,2,1,1,2,110,3120,120,69,4160,10,0,80,150,2
926,156,2,0,6,3,1,2,1,2,1,1,2,110,2340,30,69,3380,30,0,100,150,2
927,156,2,0,6,3,1,2,1,2,1,1,2,141,2600,60,62,3380,10,0,80,150,2
928,162,2,0,7,1,1,1,1,2,1,22,25,54,1850,30,25,2220,10,0,60,24,1
929,162,2,0,7,1,1,1,1,2,1,22,25,54,1850,120,23,2960,10,1,78,39,2
930,162,2,0,7,1,1,1,1,2,1,22,25,54,1665,30,21,2960,20,0,78,30,1
931,162,2,0,7,1,1,1,1,2,1,22,25,44,1665,60,21,2960,30,1,48,39,2
932,162,2,0,7,1,1,1,1,2,1,22,25,47,1850,30,21,2405,30,1,78,24,2
933,162,2,0,7,1,1,1,1,2,1,22,25,47,1665,30,23,2220,10,1,48,30,2
934,162,2,0,7,1,1,1,1,2,1,22,25,47,2220,60,21,2220,20,0,48,24,2
935,162,2,0,7,1,1,1,1,2,1,22,25,54,2220,30,23,2405,30,0,48,39,2
936,162,2,0,7,1,1,1,1,2,1,22,25,47,1850,60,23,2960,30,0,60,30,1
937,166,2,0,8,1,1,1,0,4,0,22,25,53,208,120,20,208,30,1,40,20,2
938,166,2,0,8,1,1,1,0,4,0,22,25,53,156,120,24,225,20,1,32,16,1
939,166,2,0,8,1,1,1,0,4,0,22,25,43,156,120,22,208,30,0,52,16,1
940,166,2,0,8,1,1,1,0,4,0,22,25,46,156,60,24,225,10,0,52,26,1
941,166,2,0,8,1,1,1,0,4,0,22,25,46,173,120,24,208,30,0,32,26,1
942,166,2,0,8,1,1,1,0,4,0,22,25,43,173,60,24,208,20,1,52,20,1
943,166,2,0,8,1,1,1,0,4,0,22,25,43,208,60,22,225,10,1,40,16,1
944,166,2,0,8,1,1,1,0,4,0,22,25,46,208,30,24,277,20,1,40,26,1
945,166,2,0,8,1,1,1,0,4,0,22,25,43,173,120,20,225,20,0,40,26,1
946,169,2,0,8,1,1,2,0,2,0,22,25,59,122,120,26,122,30,1,40,25,2
947,169,2,0,8,1,1,2,0,2,0,22,25,59,92,120,30,133,20,1,32,20,2
948,169,2,0,8,1,1,2,0,2,0,22,25,49,92,120,28,122,30,0,52,20,2
949,169,2,0,8,1,1,2,0,2,0,22,25,52,92,60,30,133,10,0,52,32,2
950,169,2,0,8,1,1,2,0,2,0,22,25,52,102,120,30,122,30,0,32,32,2
951,169,2,0,8,1,1,2,0,2,0,22,25,49,122,60,28,133,10,1,40,20,2
952,169,2,0,8,1,1,2,0,2,0,22,25,49,102,60,30,122,20,1,52,25,2
953,169,2,0,8,1,1,2,0,2,0,22,25,52,122,30,30,163,20,1,40,32,2
954,169,2,0,8,1,1,2,0,2,0,22,25,49,102,120,26,133,20,0,40,32,2
955,170,2,0,8,1,1,2,0,3,0,22,25,57,268,120,33,290,20,0,117,35,2
956,170,2,0,8,1,1,2,0,3,0,22,25,64,268,60,35,357,30,0,117,28,1
957,170,2,0,8,1,1,2,0,3,0,22,25,54,268,30,31,268,10,0,117,45,2
958,170,2,0,8,1,1,2,0,3,0,22,25,54,223,30,33,357,20,0,72,28,1
959,170,2,0,8,1,1,2,0,3,0,22,25,64,201,60,33,268,20,0,90,45,2
960,170,2,0,8,1,1,2,0,3,0,22,25,57,201,120,31,357,10,0,90,28,1
961,170,2,0,8,1,1,2,0,3,0,22,25,54,268,120,35,357,10,0,72,35,1
962,170,2,0,8,1,1,2,0,3,0,22,25,64,223,60,31,290,10,0,72,35,2
963,170,2,0,8,1,1,2,0,3,0,22,25,54,201,30,35,290,30,0,90,35,1
964,171,2,0,8,1,1,2,0,3,0,25,22,79,295,120,55,320,20,0,78,40,2
965,171,2,0,8,1,1,2,0,3,0,25,22,86,295,60,57,394,30,0,78,32,1
966,171,2,0,8,1,1,2,0,3,0,25,22,76,295,30,53,295,10,0,78,52,2
967,171,2,0,8,1,1,2,0,3,0,25,22,76,246,30,55,394,20,0,48,32,1
968,171,2,0,8,1,1,2,0,3,0,25,22,86,221,60,55,295,20,0,60,52,2
969,171,2,0,8,1,1,2,0,3,0,25,22,76,295,120,57,394,10,0,48,40,2
970,171,2,0,8,1,1,2,0,3,0,25,22,79,221,120,53,394,10,0,60,32,2
971,171,2,0,8,1,1,2,0,3,0,25,22,86,246,60,53,320,10,0,48,40,2
972,171,2,0,8,1,1,2,0,3,0,25,22,76,221,30,57,320,30,0,60,40,1
973,174,2,0,8,1,1,2,1,2,0,25,22,56,282,120,23,282,30,1,40,30,2
974,174,2,0,8,1,1,2,1,2,0,25,22,56,211,120,27,305,20,1,32,24,2
975,174,2,0,8,1,1,2,1,2,0,25,22,46,211,120,25,282,30,0,52,24,2
976,174,2,0,8,1,1,2,1,2,0,25,22,49,211,60,27,305,10,0,52,39,2
977,174,2,0,8,1,1,2,1,2,0,25,22,49,235,120,27,282,30,0,32,39,2
978,174,2,0,8,1,1,2,1,2,0,25,22,46,282,60,25,305,10,1,40,24,2
979,174,2,0,8,1,1,2,1,2,0,25,22,46,235,60,27,282,20,1,52,30,2
980,174,2,0,8,1,1,2,1,2,0,25,22,49,282,30,27,376,20,1,40,39,1
981,174,2,0,8,1,1,2,1,2,0,25,22,46,235,120,23,305,20,0,40,39,2
982,176,2,0,8,1,1,4,0,1,1,22,25,53,2007,30,24,2408,10,0,40,20,2
983,176,2,0,8,1,1,4,0,1,1,22,25,53,2007,120,22,3211,10,1,52,32,1
984,176,2,0,8,1,1,4,0,1,1,22,25,53,1806,30,20,3211,20,0,52,25,1
985,176,2,0,8,1,1,4,0,1,1,22,25,43,1806,60,20,3211,30,1,32,32,1
986,176,2,0,8,1,1,4,0,1,1,22,25,46,2007,30,20,2609,30,1,52,20,1
987,176,2,0,8,1,1,4,0,1,1,22,25,46,1806,30,22,2408,10,1,32,25,1
988,176,2,0,8,1,1,4,0,1,1,22,25,46,2408,60,20,2408,20,0,32,20,2
989,176,2,0,8,1,1,4,0,1,1,22,25,53,2408,30,22,2609,30,0,32,32,2
990,176,2,0,8,1,1,4,0,1,1,22,25,46,2007,60,22,3211,30,0,40,25,1
991,177,2,0,8,2,1,2,0,2,0,25,22,74,235,30,45,282,10,0,60,24,2
992,177,2,0,8,2,1,2,0,2,0,25,22,74,211,30,41,376,20,0,78,30,2
993,177,2,0,8,2,1,2,0,2,0,25,22,74,235,120,43,376,10,1,78,39,2
994,177,2,0,8,2,1,2,0,2,0,25,22,64,211,60,41,376,30,1,48,39,2
995,177,2,0,8,2,1,2,0,2,0,25,22,67,235,30,41,305,30,1,78,24,2
996,177,2,0,8,2,1,2,0,2,0,25,22,67,282,60,41,282,20,0,48,24,2
997,177,2,0,8,2,1,2,0,2,0,25,22,67,211,30,43,282,10,1,48,30,2
998,177,2,0,8,2,1,2,0,2,0,25,22,67,235,60,43,376,30,0,60,30,2
999,177,2,0,8,2,1,2,0,2,0,25,22,74,282,30,43,305,30,0,48,39,2
1000,178,2,0,8,2,1,2,1,1,0,22,25,66,360,120,31,360,30,1,60,40,2
1001,178,2,0,8,2,1,2,1,1,0,22,25,66,270,120,35,390,20,1,48,32,2
1002,178,2,0,8,2,1,2,1,1,0,22,25,52,270,120,33,360,30,0,78,32,2
1003,178,2,0,8,2,1,2,1,1,0,22,25,57,270,60,35,390,10,0,78,52,2
1004,178,2,0,8,2,1,2,1,1,0,22,25,57,300,120,35,360,30,0,48,52,2
1005,178,2,0,8,2,1,2,1,1,0,22,25,52,360,60,33,390,10,1,60,32,2
1006,178,2,0,8,2,1,2,1,1,0,22,25,52,300,60,35,360,20,1,78,40,2
1007,178,2,0,8,2,1,2,1,1,0,22,25,57,360,30,35,480,20,1,60,52,2
1008,178,2,0,8,2,1,2,1,1,0,22,25,52,300,120,31,390,20,0,60,52,2
1009,179,2,0,8,2,1,2,1,3,0,25,22,66,223,30,37,268,10,0,40,24,2
1010,179,2,0,8,2,1,2,1,3,0,25,22,66,201,30,33,357,20,0,52,30,1
1011,179,2,0,8,2,1,2,1,3,0,25,22,66,223,120,35,357,10,1,52,39,2
1012,179,2,0,8,2,1,2,1,3,0,25,22,56,201,60,33,357,30,1,32,39,2
1013,179,2,0,8,2,1,2,1,3,0,25,22,59,223,30,33,290,30,1,52,24,2
1014,179,2,0,8,2,1,2,1,3,0,25,22,59,268,60,33,268,20,0,32,24,2
1015,179,2,0,8,2,1,2,1,3,0,25,22,59,201,30,35,268,10,1,32,30,2
1016,179,2,0,8,2,1,2,1,3,0,25,22,59,223,60,35,357,30,0,40,30,2
1017,179,2,0,8,2,1,2,1,3,0,25,22,66,268,30,35,290,30,0,32,39,2
1018,180,2,0,8,3,1,2,0,1,0,22,25,69,308,120,32,308,30,1,60,40,2
1019,180,2,0,8,3,1,2,0,1,0,22,25,69,231,120,36,334,20,1,48,32,2
1020,180,2,0,8,3,1,2,0,1,0,22,25,53,231,120,34,308,30,0,78,32,2
1021,180,2,0,8,3,1,2,0,1,0,22,25,58,231,60,36,334,10,0,78,52,2
1022,180,2,0,8,3,1,2,0,1,0,22,25,58,257,120,36,308,30,0,48,52,2
1023,180,2,0,8,3,1,2,0,1,0,22,25,53,308,60,34,334,10,1,60,32,2
1024,180,2,0,8,3,1,2,0,1,0,22,25,53,257,60,36,308,20,1,78,40,2
1025,180,2,0,8,3,1,2,0,1,0,22,25,58,308,30,36,411,20,1,60,52,1
1026,180,2,0,8,3,1,2,0,1,0,22,25,53,257,120,32,334,20,0,60,52,2
1027,181,2,0,8,3,1,2,0,2,0,22,25,69,246,30,36,295,10,0,60,32,2
1028,181,2,0,8,3,1,2,0,2,0,22,25,69,221,30,32,394,20,0,78,40,2
1029,181,2,0,8,3,1,2,0,2,0,22,25,69,246,120,34,394,10,1,78,52,2
1030,181,2,0,8,3,1,2,0,2,0,22,25,53,221,60,32,394,30,1,48,52,2
1031,181,2,0,8,3,1,2,0,2,0,22,25,58,246,30,32,320,30,1,78,32,2
1032,181,2,0,8,3,1,2,0,2,0,22,25,58,295,60,32,295,20,0,48,32,2
1033,181,2,0,8,3,1,2,0,2,0,22,25,58,221,30,34,295,10,1,48,40,2
1034,181,2,0,8,3,1,2,0,2,0,22,25,58,246,60,34,394,30,0,60,40,2
1035,181,2,0,8,3,1,2,0,2,0,22,25,69,295,30,34,320,30,0,48,52,2
1036,182,2,0,10,1,1,2,0,2,0,1,17,105,180,120,52,195,20,0,78,40,2
1037,182,2,0,10,1,1,2,0,2,0,1,17,95,180,30,49,180,10,0,78,52,2
1038,182,2,0,10,1,1,2,0,2,0,1,17,124,180,60,56,240,30,0,78,32,3
1039,182,2,0,10,1,1,2,0,2,0,1,17,95,150,30,52,240,20,0,48,32,3
1040,182,2,0,10,1,1,2,0,2,0,1,17,124,135,60,52,180,20,0,60,52,2
1041,182,2,0,10,1,1,2,0,2,0,1,17,105,135,120,49,240,10,0,60,32,3
1042,182,2,0,10,1,1,2,0,2,0,1,17,95,180,120,56,240,10,0,48,40,3
1043,182,2,0,10,1,1,2,0,2,0,1,17,95,135,30,56,195,30,0,60,40,3
1044,182,2,0,10,1,1,2,0,2,0,1,17,124,150,60,49,195,10,0,48,40,1
1045,183,2,0,10,2,1,1,0,1,1,22,25,61,1500,30,32,1800,10,0,50,24,2
1046,183,2,0,10,2,1,1,0,1,1,22,25,61,1350,30,28,2400,20,0,65,30,2
1047,183,2,0,10,2,1,1,0,1,1,22,25,61,1500,120,30,2400,10,1,65,39,2
1048,183,2,0,10,2,1,1,0,1,1,22,25,51,1350,60,28,2400,30,1,40,39,2
1049,183,2,0,10,2,1,1,0,1,1,22,25,54,1500,30,28,1950,30,1,65,24,2
1050,183,2,0,10,2,1,1,0,1,1,22,25,54,1800,60,28,1800,20,0,40,24,2
1051,183,2,0,10,2,1,1,0,1,1,22,25,54,1350,30,30,1800,10,1,40,30,2
1052,183,2,0,10,2,1,1,0,1,1,22,25,54,1500,60,30,2400,30,0,50,30,2
1053,183,2,0,10,2,1,1,0,1,1,22,25,61,1800,30,30,1950,30,0,40,39,2
1054,185,2,1,1,1,1,2,0,2,0,1,2,99,72,120,44,84,20,0,104,50,2
1055,185,2,1,1,1,1,2,0,2,0,1,2,113,72,60,48,94,30,0,104,40,2
1056,185,2,1,1,1,1,2,0,2,0,1,2,92,72,30,41,78,10,0,104,65,2
1057,185,2,1,1,1,1,2,0,2,0,1,2,92,60,30,44,84,20,0,64,40,2
1058,185,2,1,1,1,1,2,0,2,0,1,2,113,54,60,44,65,20,0,80,65,2
1059,185,2,1,1,1,1,2,0,2,0,1,2,92,72,120,48,94,10,0,64,50,2
1060,185,2,1,1,1,1,2,0,2,0,1,2,99,54,120,41,78,10,0,80,40,2
1061,185,2,1,1,1,1,2,0,2,0,1,2,113,60,60,41,74,10,0,64,50,2
1062,185,2,1,1,1,1,2,0,2,0,1,2,92,54,30,48,68,30,0,80,50,2
1063,187,2,1,1,1,1,3,1,3,0,17,2,172,94,120,92,94,30,1,120,140,2
1064,187,2,1,1,1,1,3,1,3,0,17,2,131,70,120,95,78,30,0,156,112,2
1065,187,2,1,1,1,1,3,1,3,0,17,2,172,70,120,99,81,20,1,96,112,2
1066,187,2,1,1,1,1,3,1,3,0,17,2,145,70,60,99,81,10,0,156,182,2
1067,187,2,1,1,1,1,3,1,3,0,17,2,145,78,120,99,84,30,0,96,182,2
1068,187,2,1,1,1,1,3,1,3,0,17,2,131,78,60,99,84,20,1,156,140,2
1069,187,2,1,1,1,1,3,1,3,0,17,2,131,94,60,95,99,10,1,120,112,2
1070,187,2,1,1,1,1,3,1,3,0,17,2,131,78,120,92,88,20,0,120,182,2
1071,187,2,1,1,1,1,3,1,3,0,17,2,145,94,30,99,112,20,1,120,182,2
1072,189,2,1,1,2,1,2,1,1,0,25,22,61,35,120,28,38,30,1,40,25,2
1073,189,2,1,1,2,1,2,1,1,0,25,22,51,26,120,30,32,30,0,52,20,2
1074,189,2,1,1,2,1,2,1,1,0,25,22,61,26,120,32,32,20,1,32,20,3
1075,189,2,1,1,2,1,2,1,1,0,25,22,54,26,60,32,32,10,0,52,32,2
1076,189,2,1,1,2,1,2,1,1,0,25,22,54,29,120,32,34,30,0,32,32,2
1077,189,2,1,1,2,1,2,1,1,0,25,22,51,29,60,32,34,20,1,52,25,2
1078,189,2,1,1,2,1,2,1,1,0,25,22,51,35,60,30,42,10,1,40,20,3
1079,189,2,1,1,2,1,2,1,1,0,25,22,51,29,120,28,36,20,0,40,32,2
1080,189,2,1,1,2,1,2,1,1,0,25,22,54,35,30,32,53,20,1,40,32,1
1081,190,2,1,1,3,1,3,1,3,0,17,2,190,91,120,111,94,30,1,120,70,2
1082,190,2,1,1,3,1,3,1,3,0,17,2,151,68,120,114,78,30,0,156,56,2
1083,190,2,1,1,3,1,3,1,3,0,17,2,190,68,120,118,81,20,1,96,56,3
1084,190,2,1,1,3,1,3,1,3,0,17,2,164,68,60,118,81,10,0,156,91,2
1085,190,2,1,1,3,1,3,1,3,0,17,2,164,76,120,118,84,30,0,96,91,2
1086,190,2,1,1,3,1,3,1,3,0,17,2,151,76,60,118,84,20,1,156,70,2
1087,190,2,1,1,3,1,3,1,3,0,17,2,151,91,60,114,99,10,1,120,56,2
1088,190,2,1,1,3,1,3,1,3,0,17,2,151,76,120,111,88,20,0,120,91,2
1089,190,2,1,1,3,1,3,1,3,0,17,2,164,91,30,118,112,20,1,120,91,3
1090,192,2,1,3,1,1,2,1,1,0,22,1,219,176,30,86,198,10,0,150,68,2
1091,192,2,1,3,1,1,2,1,1,0,22,1,219,176,120,78,245,10,1,195,110,1
1092,192,2,1,3,1,1,2,1,1,0,22,1,219,158,30,72,225,20,0,195,85,1
1093,192,2,1,3,1,1,2,1,1,0,22,1,170,158,60,72,225,30,1,120,110,1
1094,192,2,1,3,1,1,2,1,1,0,22,1,186,176,30,72,210,30,1,195,68,1
1095,192,2,1,3,1,1,2,1,1,0,22,1,186,158,30,78,184,10,1,120,85,1
1096,192,2,1,3,1,1,2,1,1,0,22,1,186,211,60,72,225,20,0,120,68,2
1097,192,2,1,3,1,1,2,1,1,0,22,1,219,211,30,78,245,30,0,120,110,1
1098,192,2,1,3,1,1,2,1,1,0,22,1,186,176,60,78,245,30,0,150,85,1
1099,193,2,1,3,2,1,2,0,2,0,22,25,76,70,120,43,77,30,1,60,30,2
1100,193,2,1,3,2,1,2,0,2,0,22,25,66,52,120,45,63,30,0,78,24,2
1101,193,2,1,3,2,1,2,0,2,0,22,25,76,52,120,47,65,20,1,48,24,3
1102,193,2,1,3,2,1,2,0,2,0,22,25,69,52,60,47,65,10,0,78,39,2
1103,193,2,1,3,2,1,2,0,2,0,22,25,69,58,120,47,68,30,0,48,39,3
1104,193,2,1,3,2,1,2,0,2,0,22,25,66,58,60,47,68,20,1,78,30,2
1105,193,2,1,3,2,1,2,0,2,0,22,25,66,70,60,45,85,10,1,60,24,2
1106,193,2,1,3,2,1,2,0,2,0,22,25,66,58,120,43,72,20,0,60,39,2
1107,193,2,1,3,2,1,2,0,2,0,22,25,69,70,30,47,106,20,1,60,39,3
1108,195,2,1,5,2,1,2,1,3,0,19,25,59,100,120,35,108,20,0,156,110,2
1109,195,2,1,5,2,1,2,1,3,0,19,25,66,100,60,37,133,30,0,156,88,3
1110,195,2,1,5,2,1,2,1,3,0,19,25,56,100,30,33,100,10,0,156,143,2
1111,195,2,1,5,2,1,2,1,3,0,19,25,56,83,30,35,133,20,0,96,88,3
1112,195,2,1,5,2,1,2,1,3,0,19,25,66,75,60,35,100,20,0,120,143,2
1113,195,2,1,5,2,1,2,1,3,0,19,25,59,75,120,33,133,10,0,120,88,1
1114,195,2,1,5,2,1,2,1,3,0,19,25,56,100,120,37,133,10,0,96,110,3
1115,195,2,1,5,2,1,2,1,3,0,19,25,66,83,60,33,108,10,0,96,110,3
1116,195,2,1,5,2,1,2,1,3,0,19,25,56,75,30,37,108,30,0,120,110,1
1117,196,2,1,5,2,1,3,0,3,0,25,2,135,100,120,59,108,20,0,156,100,2
1118,196,2,1,5,2,1,3,0,3,0,25,2,156,100,60,65,133,30,0,156,80,2
1119,196,2,1,5,2,1,3,0,3,0,25,2,124,100,30,54,100,10,0,156,130,2
1120,196,2,1,5,2,1,3,0,3,0,25,2,124,83,30,59,133,20,0,96,80,2
1121,196,2,1,5,2,1,3,0,3,0,25,2,156,75,60,59,100,20,0,120,130,2
1122,196,2,1,5,2,1,3,0,3,0,25,2,124,100,120,65,133,10,0,96,100,2
1123,196,2,1,5,2,1,3,0,3,0,25,2,135,75,120,54,133,10,0,120,80,2
1124,196,2,1,5,2,1,3,0,3,0,25,2,156,83,60,54,108,10,0,96,100,2
1125,196,2,1,5,2,1,3,0,3,0,25,2,124,75,30,65,108,30,0,120,100,2
1126,198,2,1,6,1,1,2,1,2,1,2,1,117,4200,30,49,5040,10,0,90,40,2
1127,198,2,1,6,1,1,2,1,2,1,2,1,117,4200,120,45,6720,10,1,117,65,2
1128,198,2,1,6,1,1,2,1,2,1,2,1,117,3780,30,42,6720,20,0,117,50,2
1129,198,2,1,6,1,1,2,1,2,1,2,1,92,3780,60,42,6720,30,1,72,65,1
1130,198,2,1,6,1,1,2,1,2,1,2,1,100,4200,30,42,5460,30,1,117,40,2
1131,198,2,1,6,1,1,2,1,2,1,2,1,100,3780,30,45,5040,10,1,72,50,2
1132,198,2,1,6,1,1,2,1,2,1,2,1,100,5040,60,42,5040,20,0,72,40,2
1133,198,2,1,6,1,1,2,1,2,1,2,1,117,5040,30,45,5460,30,0,72,65,2
1134,198,2,1,6,1,1,2,1,2,1,2,1,100,4200,60,45,6720,30,0,90,50,2
1135,201,2,1,6,1,1,3,1,3,1,22,22,84,5040,120,44,5040,30,1,50,35,2
1136,201,2,1,6,1,1,3,1,3,1,22,22,84,3780,120,48,5460,20,1,40,28,2
1137,201,2,1,6,1,1,3,1,3,1,22,22,63,3780,120,46,5040,30,0,65,28,2
1138,201,2,1,6,1,1,3,1,3,1,22,22,70,3780,60,48,5460,10,0,65,45,2
1139,201,2,1,6,1,1,3,1,3,1,22,22,70,4200,120,48,5040,30,0,40,45,2
1140,201,2,1,6,1,1,3,1,3,1,22,22,63,5040,60,46,5460,10,1,50,28,2
1141,201,2,1,6,1,1,3,1,3,1,22,22,63,4200,60,48,5040,20,1,65,35,2
1142,201,2,1,6,1,1,3,1,3,1,22,22,70,5040,30,48,6720,20,1,50,45,2
1143,201,2,1,6,1,1,3,1,3,1,22,22,63,4200,120,44,5460,20,0,50,45,2
1144,202,2,1,6,1,1,3,1,3,1,22,25,71,5040,120,36,5040,30,1,60,150,2
1145,202,2,1,6,1,1,3,1,3,1,22,25,71,3780,120,40,5460,20,1,48,120,2
1146,202,2,1,6,1,1,3,1,3,1,22,25,57,3780,120,38,5040,30,0,78,120,2
1147,202,2,1,6,1,1,3,1,3,1,22,25,62,3780,60,40,5460,10,0,78,195,2
1148,202,2,1,6,1,1,3,1,3,1,22,25,62,4200,120,40,5040,30,0,48,195,2
1149,202,2,1,6,1,1,3,1,3,1,22,25,57,5040,60,38,5460,10,1,60,120,2
1150,202,2,1,6,1,1,3,1,3,1,22,25,57,4200,60,40,5040,20,1,78,150,2
1151,202,2,1,6,1,1,3,1,3,1,22,25,62,5040,30,40,6720,20,1,60,195,1
1152,202,2,1,6,1,1,3,1,3,1,22,25,57,4200,120,36,5460,20,0,60,195,2
1153,203,2,1,6,1,1,3,1,3,1,23,25,110,5040,120,68,5040,30,1,120,70,2
1154,203,2,1,6,1,1,3,1,3,1,23,25,110,3780,120,72,5460,20,1,96,56,2
1155,203,2,1,6,1,1,3,1,3,1,23,25,86,3780,120,70,5040,30,0,156,56,2
1156,203,2,1,6,1,1,3,1,3,1,23,25,94,3780,60,72,5460,10,0,156,91,2
1157,203,2,1,6,1,1,3,1,3,1,23,25,94,4200,120,72,5040,30,0,96,91,1
1158,203,2,1,6,1,1,3,1,3,1,23,25,86,4200,60,72,5040,20,1,156,70,1
1159,203,2,1,6,1,1,3,1,3,1,23,25,86,5040,60,70,5460,10,1,120,56,1
1160,203,2,1,6,1,1,3,1,3,1,23,25,94,5040,30,72,6720,20,1,120,91,1
1161,203,2,1,6,1,1,3,1,3,1,23,25,86,4200,120,68,5460,20,0,120,91,1
1162,205,2,1,6,2,1,2,1,3,1,1,17,88,5040,120,35,5460,20,0,78,30,2
1163,205,2,1,6,2,1,2,1,3,1,1,17,81,5040,30,32,5040,10,0,78,39,2
1164,205,2,1,6,2,1,2,1,3,1,1,17,102,5040,60,39,6720,30,0,78,24,2
1165,205,2,1,6,2,1,2,1,3,1,1,17,81,4200,30,35,6720,20,0,48,24,2
1166,205,2,1,6,2,1,2,1,3,1,1,17,102,3780,60,35,5040,20,0,60,39,2
1167,205,2,1,6,2,1,2,1,3,1,1,17,88,3780,120,32,6720,10,0,60,24,2
1168,205,2,1,6,2,1,2,1,3,1,1,17,81,5040,120,39,6720,10,0,48,30,2
1169,205,2,1,6,2,1,2,1,3,1,1,17,81,3780,30,39,5460,30,0,60,30,2
1170,205,2,1,6,2,1,2,1,3,1,1,17,102,4200,60,32,5460,10,0,48,30,2
1171,207,2,1,6,2,1,3,1,3,1,25,23,112,4200,30,74,5040,10,0,80,96,2
1172,207,2,1,6,2,1,3,1,3,1,25,23,112,3780,30,70,6720,20,0,104,120,1
1173,207,2,1,6,2,1,3,1,3,1,25,23,112,4200,120,72,6720,10,1,104,156,1
1174,207,2,1,6,2,1,3,1,3,1,25,23,88,3780,60,70,6720,30,1,64,156,1
1175,207,2,1,6,2,1,3,1,3,1,25,23,96,4200,30,70,5460,30,1,104,96,2
1176,207,2,1,6,2,1,3,1,3,1,25,23,96,5040,60,70,5040,20,0,64,96,2
1177,207,2,1,6,2,1,3,1,3,1,25,23,96,3780,30,72,5040,10,1,64,120,1
1178,207,2,1,6,2,1,3,1,3,1,25,23,96,4200,60,72,6720,30,0,80,120,1
1179,207,2,1,6,2,1,3,1,3,1,25,23,112,5040,30,72,5460,30,0,64,156,2
1180,208,2,1,6,2,1,3,1,4,1,22,25,94,5040,120,55,5040,30,1,100,50,2
1181,208,2,1,6,2,1,3,1,4,1,22,25,94,3780,120,59,5460,20,1,80,40,2
1182,208,2,1,6,2,1,3,1,4,1,22,25,75,3780,120,57,5040,30,0,130,40,1
1183,208,2,1,6,2,1,3,1,4,1,22,25,81,3780,60,59,5460,10,0,130,65,2
1184,208,2,1,6,2,1,3,1,4,1,22,25,81,4200,120,59,5040,30,0,80,65,1
1185,208,2,1,6,2,1,3,1,4,1,22,25,75,5040,60,57,5460,10,1,100,40,2
1186,208,2,1,6,2,1,3,1,4,1,22,25,75,4200,60,59,5040,20,1,130,50,1
1187,208,2,1,6,2,1,3,1,4,1,22,25,81,5040,30,59,6720,20,1,100,65,1
1188,208,2,1,6,2,1,3,1,4,1,22,25,75,4200,120,55,5460,20,0,100,65,1
1189,209,2,1,6,2,1,4,0,2,1,22,25,71,4200,30,42,5040,10,0,50,24,2
1190,209,2,1,6,2,1,4,0,2,1,22,25,71,3780,30,38,6720,20,0,65,30,1
1191,209,2,1,6,2,1,4,0,2,1,22,25,71,4200,120,40,6720,10,1,65,39,2
1192,209,2,1,6,2,1,4,0,2,1,22,25,61,3780,60,38,6720,30,1,40,39,2
1193,209,2,1,6,2,1,4,0,2,1,22,25,64,4200,30,38,5460,30,1,65,24,1
1194,209,2,1,6,2,1,4,0,2,1,22,25,64,5040,60,38,5040,20,0,40,24,2
1195,209,2,1,6,2,1,4,0,2,1,22,25,64,3780,30,40,5040,10,1,40,30,2
1196,209,2,1,6,2,1,4,0,2,1,22,25,64,4200,60,40,6720,30,0,50,30,2
1197,209,2,1,6,2,1,4,0,2,1,22,25,71,5040,30,40,5460,30,0,40,39,2
1198,210,2,1,6,3,1,2,1,2,1,1,17,95,5040,120,42,5460,20,0,78,70,3
1199,210,2,1,6,3,1,2,1,2,1,1,17,88,5040,30,39,5040,10,0,78,91,2
1200,210,2,1,6,3,1,2,1,2,1,1,17,109,5040,60,46,6720,30,0,78,56,2
1201,210,2,1,6,3,1,2,1,2,1,1,17,88,4200,30,42,6720,20,0,48,56,1
1202,210,2,1,6,3,1,2,1,2,1,1,17,109,3780,60,42,5040,20,0,60,91,2
1203,210,2,1,6,3,1,2,1,2,1,1,17,95,3780,120,39,6720,10,0,60,56,3
1204,210,2,1,6,3,1,2,1,2,1,1,17,88,5040,120,46,6720,10,0,48,70,3
1205,210,2,1,6,3,1,2,1,2,1,1,17,88,3780,30,46,5460,30,0,60,70,1
1206,210,2,1,6,3,1,2,1,2,1,1,17,109,4200,60,39,5460,10,0,48,70,2
1207,213,2,1,8,1,1,1,1,1,0,25,22,59,205,120,35,222,20,0,65,20,2
1208,213,2,1,8,1,1,1,1,1,0,25,22,66,205,60,37,274,30,0,65,16,1
1209,213,2,1,8,1,1,1,1,1,0,25,22,56,205,30,33,205,10,0,65,26,2
1210,213,2,1,8,1,1,1,1,1,0,25,22,56,171,30,35,274,20,0,40,16,2
1211,213,2,1,8,1,1,1,1,1,0,25,22,66,154,60,35,205,20,0,50,26,2
1212,213,2,1,8,1,1,1,1,1,0,25,22,59,154,120,33,274,10,0,50,16,2
1213,213,2,1,8,1,1,1,1,1,0,25,22,56,205,120,37,274,10,0,40,20,2
1214,213,2,1,8,1,1,1,1,1,0,25,22,66,171,60,33,222,10,0,40,20,2
1215,213,2,1,8,1,1,1,1,1,0,25,22,56,154,30,37,222,30,0,50,20,2
1216,214,2,1,8,2,0,2,0,2,0,25,22,51,443,120,18,443,30,1,50,25,2
1217,214,2,1,8,2,0,2,0,2,0,25,22,51,332,120,22,480,20,1,40,20,3
1218,214,2,1,8,2,0,2,0,2,0,25,22,41,332,120,20,443,30,0,65,20,2
1219,214,2,1,8,2,0,2,0,2,0,25,22,44,332,60,22,480,10,0,65,32,1
1220,214,2,1,8,2,0,2,0,2,0,25,22,44,369,120,22,443,30,0,40,32,2
1221,214,2,1,8,2,0,2,0,2,0,25,22,41,369,60,22,443,20,1,65,25,2
1222,214,2,1,8,2,0,2,0,2,0,25,22,41,443,60,20,480,10,1,50,20,3
1223,214,2,1,8,2,0,2,0,2,0,25,22,44,443,30,22,590,20,1,50,32,3
1224,214,2,1,8,2,0,2,0,2,0,25,22,41,369,120,18,480,20,0,50,32,3
1225,215,2,1,8,2,1,2,1,2,0,22,25,61,350,30,32,420,10,0,50,20,2
1226,215,2,1,8,2,1,2,1,2,0,22,25,61,315,30,28,560,20,0,65,25,1
1227,215,2,1,8,2,1,2,1,2,0,22,25,61,350,120,30,560,10,1,65,32,2
1228,215,2,1,8,2,1,2,1,2,0,22,25,51,315,60,28,560,30,1,40,32,1
1229,215,2,1,8,2,1,2,1,2,0,22,25,54,350,30,28,455,30,1,65,20,2
1230,215,2,1,8,2,1,2,1,2,0,22,25,54,315,30,30,420,10,1,40,25,2
1231,215,2,1,8,2,1,2,1,2,0,22,25,54,420,60,28,420,20,0,40,20,2
1232,215,2,1,8,2,1,2,1,2,0,22,25,54,350,60,30,560,30,0,50,25,1
1233,215,2,1,8,2,1,2,1,2,0,22,25,61,420,30,30,455,30,0,40,32,2
1234,217,2,1,10,1,1,3,1,3,0,22,25,41,35,30,12,42,10,0,40,64,1
1235,217,2,1,10,1,1,3,1,3,0,22,25,41,31,30,8,56,20,0,52,80,2
1236,217,2,1,10,1,1,3,1,3,0,22,25,41,35,120,10,56,10,1,52,104,2
1237,217,2,1,10,1,1,3,1,3,0,22,25,31,31,60,8,56,30,1,32,104,1
1238,217,2,1,10,1,1,3,1,3,0,22,25,34,35,30,8,45,30,1,52,64,2
1239,217,2,1,10,1,1,3,1,3,0,22,25,34,31,30,10,42,10,1,32,80,2
1240,217,2,1,10,1,1,3,1,3,0,22,25,34,42,60,8,42,20,0,32,64,2
1241,217,2,1,10,1,1,3,1,3,0,22,25,34,35,60,10,56,30,0,40,80,1
1242,217,2,1,10,1,1,3,1,3,0,22,25,41,42,30,10,45,30,0,32,104,2
1243,218,2,1,10,3,1,5,1,3,0,22,25,52,209,120,19,209,30,1,40,84,1
1244,218,2,1,10,3,1,5,1,3,0,22,25,52,157,120,23,226,20,1,32,67,1
1245,218,2,1,10,3,1,5,1,3,0,22,25,42,157,120,21,209,30,0,52,67,1
1246,218,2,1,10,3,1,5,1,3,0,22,25,45,157,60,23,226,10,0,52,109,1
1247,218,2,1,10,3,1,5,1,3,0,22,25,45,174,120,23,209,30,0,32,109,1
1248,218,2,1,10,3,1,5,1,3,0,22,25,42,209,60,21,226,10,1,40,67,1
1249,218,2,1,10,3,1,5,1,3,0,22,25,42,174,60,23,209,20,1,52,84,1
1250,218,2,1,10,3,1,5,1,3,0,22,25,45,209,30,23,278,20,1,40,109,1
1251,218,2,1,10,3,1,5,1,3,0,22,25,42,174,120,19,226,20,0,40,109,1
1252,221,3,0,1,1,0,4,0,2,0,2,22,103,30,120,31,34,30,1,70,20,2
1253,221,3,0,1,1,0,4,0,2,0,2,22,82,22,120,34,26,30,0,91,16,2
1254,221,3,0,1,1,0,4,0,2,0,2,22,103,22,120,38,28,20,1,56,16,2
1255,221,3,0,1,1,0,4,0,2,0,2,22,89,22,60,38,28,10,0,91,26,2
1256,221,3,0,1,1,0,4,0,2,0,2,22,89,25,120,38,29,30,0,56,26,2
1257,221,3,0,1,1,0,4,0,2,0,2,22,82,25,60,38,29,20,1,91,20,2
1258,221,3,0,1,1,0,4,0,2,0,2,22,82,30,60,34,38,10,1,70,16,2
1259,221,3,0,1,1,0,4,0,2,0,2,22,82,25,120,31,32,20,0,70,26,2
1260,221,3,0,1,1,0,4,0,2,0,2,22,89,30,30,38,43,20,1,70,26,1
1261,224,3,0,1,1,0,3,1,2,0,10,25,75,35,120,51,40,20,0,104,35,2
1262,224,3,0,1,1,0,3,1,2,0,10,25,88,35,60,53,43,30,0,104,28,2
1263,224,3,0,1,1,0,3,1,2,0,10,25,68,35,30,49,38,10,0,104,45,2
1264,224,3,0,1,1,0,3,1,2,0,10,25,68,29,30,51,38,20,0,64,28,2
1265,224,3,0,1,1,0,3,1,2,0,10,25,88,26,60,51,29,20,0,80,45,2
1266,224,3,0,1,1,0,3,1,2,0,10,25,68,35,120,53,43,10,0,64,35,2
1267,224,3,0,1,1,0,3,1,2,0,10,25,75,26,120,49,34,10,0,80,28,2
1268,224,3,0,1,1,0,3,1,2,0,10,25,88,29,60,49,32,10,0,64,35,2
1269,224,3,0,1,1,0,3,1,2,0,10,25,68,26,30,53,31,30,0,80,35,2
1270,231,3,0,1,1,1,2,0,1,0,25,2,143,40,30,52,45,10,0,110,52,2
1271,231,3,0,1,1,1,2,0,1,0,25,2,143,40,120,46,53,10,1,143,84,1
1272,231,3,0,1,1,1,2,0,1,0,25,2,143,36,30,41,50,20,0,143,65,1
1273,231,3,0,1,1,1,2,0,1,0,25,2,111,36,60,41,50,30,1,88,84,1
1274,231,3,0,1,1,1,2,0,1,0,25,2,122,40,30,41,46,30,1,143,52,2
1275,231,3,0,1,1,1,2,0,1,0,25,2,122,36,30,46,42,10,1,88,65,2
1276,231,3,0,1,1,1,2,0,1,0,25,2,122,48,60,41,50,20,0,88,52,2
1277,231,3,0,1,1,1,2,0,1,0,25,2,143,48,30,46,53,30,0,88,84,2
1278,231,3,0,1,1,1,2,0,1,0,25,2,122,40,60,46,53,30,0,110,65,1
1279,235,3,0,1,1,1,2,1,2,0,20,10,254,67,120,180,78,20,0,221,100,2
1280,235,3,0,1,1,1,2,1,2,0,20,10,234,67,30,174,74,10,0,221,130,2
1281,235,3,0,1,1,1,2,1,2,0,20,10,294,67,60,188,88,30,0,221,80,2
1282,235,3,0,1,1,1,2,1,2,0,20,10,234,56,30,180,78,20,0,136,80,2
1283,235,3,0,1,1,1,2,1,2,0,20,10,294,50,60,180,62,20,0,170,130,2
1284,235,3,0,1,1,1,2,1,2,0,20,10,254,50,120,174,72,10,0,170,80,2
1285,235,3,0,1,1,1,2,1,2,0,20,10,234,67,120,188,88,10,0,136,100,2
1286,235,3,0,1,1,1,2,1,2,0,20,10,234,50,30,188,64,30,0,170,100,2
1287,235,3,0,1,1,1,2,1,2,0,20,10,294,56,60,174,70,10,0,136,100,2
1288,237,3,0,1,1,1,3,1,1,0,22,1,247,65,120,95,70,30,1,160,100,2
1289,237,3,0,1,1,1,3,1,1,0,22,1,190,49,120,101,57,30,0,208,80,2
1290,237,3,0,1,1,1,3,1,1,0,22,1,247,49,120,109,62,20,1,128,80,2
1291,237,3,0,1,1,1,3,1,1,0,22,1,209,49,60,109,62,10,0,208,130,1
1292,237,3,0,1,1,1,3,1,1,0,22,1,209,54,120,109,62,30,0,128,130,2
1293,237,3,0,1,1,1,3,1,1,0,22,1,190,54,60,109,62,20,1,208,100,2
1294,237,3,0,1,1,1,3,1,1,0,22,1,190,65,60,101,74,10,1,160,80,1
1295,237,3,0,1,1,1,3,1,1,0,22,1,190,54,120,95,64,20,0,160,130,2
1296,237,3,0,1,1,1,3,1,1,0,22,1,209,65,30,109,86,20,1,160,130,1
1297,238,3,0,1,1,1,3,1,2,0,22,1,213,68,120,70,72,30,1,190,95,1
1298,238,3,0,1,1,1,3,1,2,0,22,1,170,51,120,76,58,30,0,247,76,1
1299,238,3,0,1,1,1,3,1,2,0,22,1,213,51,120,84,62,20,1,152,76,1
1300,238,3,0,1,1,1,3,1,2,0,22,1,184,51,60,84,62,10,0,247,123,1
1301,238,3,0,1,1,1,3,1,2,0,22,1,184,57,120,84,64,30,0,152,123,2
1302,238,3,0,1,1,1,3,1,2,0,22,1,170,57,60,84,64,20,1,247,95,3
1303,238,3,0,1,1,1,3,1,2,0,22,1,170,68,60,76,78,10,1,190,76,2
1304,238,3,0,1,1,1,3,1,2,0,22,1,170,57,120,70,66,20,0,190,123,2
1305,238,3,0,1,1,1,3,1,2,0,22,1,184,68,30,84,88,20,1,190,123,1
1306,240,3,0,1,1,1,4,0,2,0,22,25,81,18,30,52,20,10,0,50,20,1
1307,240,3,0,1,1,1,4,0,2,0,22,25,81,16,30,48,24,20,0,65,25,1
1308,240,3,0,1,1,1,4,0,2,0,22,25,81,18,120,50,26,10,1,65,32,1
1309,240,3,0,1,1,1,4,0,2,0,22,25,71,16,60,48,24,30,1,40,32,1
1310,240,3,0,1,1,1,4,0,2,0,22,25,74,18,30,48,22,30,1,65,20,2
1311,240,3,0,1,1,1,4,0,2,0,22,25,74,16,30,50,18,10,1,40,25,2
1312,240,3,0,1,1,1,4,0,2,0,22,25,74,22,60,48,24,20,0,40,20,2
1313,240,3,0,1,1,1,4,0,2,0,22,25,74,18,60,50,26,30,0,50,25,1
1314,240,3,0,1,1,1,4,0,2,0,22,25,81,22,30,50,26,30,0,40,32,2
1315,241,3,0,1,1,1,4,0,2,0,25,1,266,74,120,93,78,30,1,190,130,1
1316,241,3,0,1,1,1,4,0,2,0,25,1,212,56,120,101,64,30,0,247,104,1
1317,241,3,0,1,1,1,4,0,2,0,25,1,266,56,120,111,66,20,1,152,104,1
1318,241,3,0,1,1,1,4,0,2,0,25,1,230,56,60,111,66,10,0,247,169,1
1319,241,3,0,1,1,1,4,0,2,0,25,1,230,62,120,111,70,30,0,152,169,1
1320,241,3,0,1,1,1,4,0,2,0,25,1,212,62,60,111,70,20,1,247,130,1
1321,241,3,0,1,1,1,4,0,2,0,25,1,212,74,60,101,82,10,1,190,104,1
1322,241,3,0,1,1,1,4,0,2,0,25,1,212,62,120,93,72,20,0,190,169,1
1323,241,3,0,1,1,1,4,0,2,0,25,1,230,74,30,111,99,20,1,190,169,1
1324,242,3,0,1,1,1,4,0,2,0,25,22,78,25,30,45,28,10,0,60,32,1
1325,242,3,0,1,1,1,4,0,2,0,25,22,78,22,30,41,31,20,0,78,40,1
1326,242,3,0,1,1,1,4,0,2,0,25,22,78,25,120,43,34,10,1,78,52,1
1327,242,3,0,1,1,1,4,0,2,0,25,22,61,22,60,41,31,30,1,48,52,1
1328,242,3,0,1,1,1,4,0,2,0,25,22,67,25,30,41,29,30,1,78,32,1
1329,242,3,0,1,1,1,4,0,2,0,25,22,67,22,30,43,25,10,1,48,40,1
1330,242,3,0,1,1,1,4,0,2,0,25,22,67,30,60,41,32,20,0,48,32,1
1331,242,3,0,1,1,1,4,0,2,0,25,22,67,25,60,43,34,30,0,60,40,1
1332,242,3,0,1,1,1,4,0,2,0,25,22,78,30,30,43,35,30,0,48,52,1
1333,245,3,0,1,1,1,5,0,1,0,25,2,161,40,30,70,45,10,0,75,56,3
1334,245,3,0,1,1,1,5,0,1,0,25,2,161,40,120,64,53,10,1,97,91,2
1335,245,3,0,1,1,1,5,0,1,0,25,2,161,36,30,59,50,20,0,97,70,2
1336,245,3,0,1,1,1,5,0,1,0,25,2,129,36,60,59,50,30,1,60,91,2
1337,245,3,0,1,1,1,5,0,1,0,25,2,140,40,30,59,46,30,1,97,56,2
1338,245,3,0,1,1,1,5,0,1,0,25,2,140,36,30,64,42,10,1,60,70,2
1339,245,3,0,1,1,1,5,0,1,0,25,2,140,48,60,59,50,20,0,60,56,2
1340,245,3,0,1,1,1,5,0,1,0,25,2,161,48,30,64,53,30,0,60,91,2
1341,245,3,0,1,1,1,5,0,1,0,25,2,140,40,60,64,53,30,0,75,70,2
1342,246,3,0,1,1,1,5,0,2,0,2,1,144,48,120,70,50,30,1,110,70,2
1343,246,3,0,1,1,1,5,0,2,0,2,1,120,36,120,73,42,30,0,143,56,2
1344,246,3,0,1,1,1,5,0,2,0,2,1,144,36,120,77,43,20,1,88,56,2
1345,246,3,0,1,1,1,5,0,2,0,2,1,128,36,60,77,43,10,0,143,91,2
1346,246,3,0,1,1,1,5,0,2,0,2,1,128,40,120,77,45,30,0,88,91,2
1347,246,3,0,1,1,1,5,0,2,0,2,1,120,40,60,77,45,20,1,143,70,2
1348,246,3,0,1,1,1,5,0,2,0,2,1,120,48,60,73,53,10,1,110,56,2
1349,246,3,0,1,1,1,5,0,2,0,2,1,120,40,120,70,48,20,0,110,91,2
1350,246,3,0,1,1,1,5,0,2,0,2,1,128,48,30,77,62,20,1,110,91,2
1351,247,3,0,1,1,1,5,0,4,0,25,10,98,38,120,87,42,20,0,130,40,2
1352,247,3,0,1,1,1,5,0,4,0,25,10,90,38,30,85,42,10,0,130,52,2
1353,247,3,0,1,1,1,5,0,4,0,25,10,115,38,60,89,46,30,0,130,32,1
1354,247,3,0,1,1,1,5,0,4,0,25,10,90,32,30,87,40,20,0,80,32,1
1355,247,3,0,1,1,1,5,0,4,0,25,10,115,29,60,87,32,20,0,100,52,2
1356,247,3,0,1,1,1,5,0,4,0,25,10,98,29,120,85,38,10,0,100,32,1
1357,247,3,0,1,1,1,5,0,4,0,25,10,90,38,120,89,46,10,0,80,40,1
1358,247,3,0,1,1,1,5,0,4,0,25,10,90,29,30,89,32,30,0,100,40,1
1359,247,3,0,1,1,1,5,0,4,0,25,10,115,32,60,85,36,10,0,80,40,2
1360,251,3,0,1,1,1,2,0,3,0,25,2,125,48,120,49,53,20,0,143,35,2
1361,251,3,0,1,1,1,2,0,3,0,25,2,114,48,30,44,50,10,0,143,45,2
1362,251,3,0,1,1,1,2,0,3,0,25,2,146,48,60,55,62,30,0,143,28,2
1363,251,3,0,1,1,1,2,0,3,0,25,2,114,40,30,49,53,20,0,88,28,2
1364,251,3,0,1,1,1,2,0,3,0,25,2,146,36,60,49,42,20,0,110,45,2
1365,251,3,0,1,1,1,2,0,3,0,25,2,125,36,120,44,50,10,0,110,28,2
1366,251,3,0,1,1,1,2,0,3,0,25,2,114,48,120,55,62,10,0,88,35,3
1367,251,3,0,1,1,1,2,0,3,0,25,2,114,36,30,55,43,30,0,110,35,2
1368,251,3,0,1,1,1,2,0,3,0,25,2,146,40,60,44,46,10,0,88,35,2
1369,252,3,0,1,1,1,2,1,2,0,2,25,115,48,120,39,53,20,0,143,65,2
1370,252,3,0,1,1,1,2,1,2,0,2,25,136,48,60,45,62,30,0,143,52,2
1371,252,3,0,1,1,1,2,1,2,0,2,25,104,48,30,34,50,10,0,143,84,2
1372,252,3,0,1,1,1,2,1,2,0,2,25,104,40,30,39,53,20,0,88,52,2
1373,252,3,0,1,1,1,2,1,2,0,2,25,136,36,60,39,42,20,0,110,84,2
1374,252,3,0,1,1,1,2,1,2,0,2,25,115,36,120,34,50,10,0,110,52,2
1375,252,3,0,1,1,1,2,1,2,0,2,25,104,48,120,45,62,10,0,88,65,2
1376,252,3,0,1,1,1,2,1,2,0,2,25,136,40,60,34,46,10,0,88,65,2
1377,252,3,0,1,1,1,2,1,2,0,2,25,104,36,30,45,43,30,0,110,65,2
1378,255,3,0,1,1,1,3,0,3,0,1,2,150,38,30,78,43,10,0,80,40,2
1379,255,3,0,1,1,1,3,0,3,0,1,2,150,38,120,74,50,10,1,104,65,2
1380,255,3,0,1,1,1,3,0,3,0,1,2,150,34,30,71,48,20,0,104,50,2
1381,255,3,0,1,1,1,3,0,3,0,1,2,118,34,60,71,48,30,1,64,65,2
1382,255,3,0,1,1,1,3,0,3,0,1,2,129,38,30,71,45,30,1,104,40,2
1383,255,3,0,1,1,1,3,0,3,0,1,2,129,34,30,74,40,10,1,64,50,2
1384,255,3,0,1,1,1,3,0,3,0,1,2,129,46,60,71,48,20,0,64,40,2
1385,255,3,0,1,1,1,3,0,3,0,1,2,150,46,30,74,50,30,0,64,65,2
1386,255,3,0,1,1,1,3,0,3,0,1,2,129,38,60,74,50,30,0,80,50,2
1387,256,3,0,1,1,1,3,0,4,0,22,2,131,26,30,62,31,10,0,70,53,2
1388,256,3,0,1,1,1,3,0,4,0,22,2,131,26,120,58,38,10,1,91,86,2
1389,256,3,0,1,1,1,3,0,4,0,22,2,131,23,30,55,35,20,0,91,66,2
1390,256,3,0,1,1,1,3,0,4,0,22,2,104,23,60,55,35,30,1,56,86,2
1391,256,3,0,1,1,1,3,0,4,0,22,2,113,26,30,55,32,30,1,91,53,2
1392,256,3,0,1,1,1,3,0,4,0,22,2,113,23,30,58,26,10,1,56,66,2
1393,256,3,0,1,1,1,3,0,4,0,22,2,113,31,60,55,36,20,0,56,53,2
1394,256,3,0,1,1,1,3,0,4,0,22,2,131,31,30,58,38,30,0,56,86,2
1395,256,3,0,1,1,1,3,0,4,0,22,2,113,26,60,58,38,30,0,70,66,2
1396,257,3,0,1,1,1,4,1,2,0,1,10,131,50,120,88,54,20,0,143,70,2
1397,257,3,0,1,1,1,4,1,2,0,1,10,121,50,30,85,52,10,0,143,91,1
1398,257,3,0,1,1,1,4,1,2,0,1,10,150,50,60,92,62,30,0,143,56,1
1399,257,3,0,1,1,1,4,1,2,0,1,10,121,42,30,88,54,20,0,88,56,1
1400,257,3,0,1,1,1,4,1,2,0,1,10,150,38,60,88,43,20,0,110,91,1
1401,257,3,0,1,1,1,4,1,2,0,1,10,131,38,120,85,50,10,0,110,56,2
1402,257,3,0,1,1,1,4,1,2,0,1,10,121,50,120,92,62,10,0,88,70,2
1403,257,3,0,1,1,1,4,1,2,0,1,10,121,38,30,92,45,30,0,110,70,1
1404,257,3,0,1,1,1,4,1,2,0,1,10,150,42,60,85,48,10,0,88,70,1
1405,259,3,0,1,1,3,2,0,4,0,14,2,197,54,120,142,57,20,0,234,65,2
1406,259,3,0,1,1,3,2,0,4,0,14,2,177,54,30,139,56,10,0,234,84,2
1407,259,3,0,1,1,3,2,0,4,0,14,2,236,54,60,146,66,30,0,234,52,2
1408,259,3,0,1,1,3,2,0,4,0,14,2,177,45,30,142,57,20,0,144,52,3
1409,259,3,0,1,1,3,2,0,4,0,14,2,236,40,60,142,46,20,0,180,84,2
1410,259,3,0,1,1,3,2,0,4,0,14,2,197,40,120,139,53,10,0,180,52,3
1411,259,3,0,1,1,3,2,0,4,0,14,2,177,54,120,146,66,10,0,144,65,3
1412,259,3,0,1,1,3,2,0,4,0,14,2,177,40,30,146,48,30,0,180,65,2
1413,259,3,0,1,1,3,2,0,4,0,14,2,236,45,60,139,52,10,0,144,65,2
1414,265,3,0,2,1,1,4,1,4,0,25,22,64,18,120,40,21,20,0,91,60,1
1415,265,3,0,2,1,1,4,1,4,0,25,22,76,18,60,42,24,30,0,91,48,1
1416,265,3,0,2,1,1,4,1,4,0,25,22,58,18,30,38,20,10,0,91,78,1
1417,265,3,0,2,1,1,4,1,4,0,25,22,58,15,30,40,20,20,0,56,48,1
1418,265,3,0,2,1,1,4,1,4,0,25,22,76,13,60,40,15,20,0,70,78,1
1419,265,3,0,2,1,1,4,1,4,0,25,22,58,18,120,42,24,10,0,56,60,1
1420,265,3,0,2,1,1,4,1,4,0,25,22,64,13,120,38,18,10,0,70,48,1
1421,265,3,0,2,1,1,4,1,4,0,25,22,76,15,60,38,18,10,0,56,60,1
1422,265,3,0,2,1,1,4,1,4,0,25,22,58,13,30,42,16,30,0,70,60,1
1423,266,3,0,2,1,1,5,1,2,0,25,22,81,10,30,52,12,10,0,60,8,2
1424,266,3,0,2,1,1,5,1,2,0,25,22,81,9,30,48,14,20,0,78,10,2
1425,266,3,0,2,1,1,5,1,2,0,25,22,81,10,120,50,16,10,1,78,13,2
1426,266,3,0,2,1,1,5,1,2,0,25,22,71,9,60,48,14,30,1,48,13,1
1427,266,3,0,2,1,1,5,1,2,0,25,22,74,10,30,48,12,30,1,78,8,2
1428,266,3,0,2,1,1,5,1,2,0,25,22,74,12,60,48,14,20,0,48,8,2
1429,266,3,0,2,1,1,5,1,2,0,25,22,74,9,30,50,11,10,1,48,10,2
1430,266,3,0,2,1,1,5,1,2,0,25,22,74,10,60,50,16,30,0,60,10,3
1431,266,3,0,2,1,1,5,1,2,0,25,22,81,12,30,50,15,30,0,48,13,2
1432,269,3,0,3,1,1,1,0,1,0,22,2,122,76,120,45,83,30,1,70,50,2
1433,269,3,0,3,1,1,1,0,1,0,22,2,94,57,120,48,65,30,0,91,40,2
1434,269,3,0,3,1,1,1,0,1,0,22,2,122,57,120,52,70,20,1,56,40,2
1435,269,3,0,3,1,1,1,0,1,0,22,2,103,57,60,52,70,10,0,91,65,1
1436,269,3,0,3,1,1,1,0,1,0,22,2,103,63,120,52,71,30,0,56,65,2
1437,269,3,0,3,1,1,1,0,1,0,22,2,94,63,60,52,71,20,1,91,50,2
1438,269,3,0,3,1,1,1,0,1,0,22,2,94,76,60,48,86,10,1,70,40,2
1439,269,3,0,3,1,1,1,0,1,0,22,2,94,63,120,45,76,20,0,70,65,2
1440,269,3,0,3,1,1,1,0,1,0,22,2,103,76,30,52,98,20,1,70,65,2
1441,273,3,0,3,1,1,3,0,2,0,25,2,166,96,120,90,108,20,0,156,85,2
1442,273,3,0,3,1,1,3,0,2,0,25,2,152,96,30,85,103,10,0,156,110,2
1443,273,3,0,3,1,1,3,0,2,0,25,2,194,96,60,96,123,30,0,156,68,2
1444,273,3,0,3,1,1,3,0,2,0,25,2,152,80,30,90,108,20,0,96,68,2
1445,273,3,0,3,1,1,3,0,2,0,25,2,194,72,60,90,86,20,0,120,110,2
1446,273,3,0,3,1,1,3,0,2,0,25,2,166,72,120,85,99,10,0,120,68,2
1447,273,3,0,3,1,1,3,0,2,0,25,2,152,96,120,96,123,10,0,96,85,2
1448,273,3,0,3,1,1,3,0,2,0,25,2,152,72,30,96,90,30,0,120,85,2
1449,273,3,0,3,1,1,3,0,2,0,25,2,194,80,60,85,95,10,0,96,85,2
1450,274,3,0,3,1,1,3,0,3,0,15,1,116,58,120,46,65,30,1,60,40,2
1451,274,3,0,3,1,1,3,0,3,0,15,1,95,43,120,49,50,30,0,78,32,1
1452,274,3,0,3,1,1,3,0,3,0,15,1,116,43,120,53,53,20,1,48,32,3
1453,274,3,0,3,1,1,3,0,3,0,15,1,102,43,60,53,53,10,0,78,52,2
1454,274,3,0,3,1,1,3,0,3,0,15,1,102,48,120,53,53,30,0,48,52,2
1455,274,3,0,3,1,1,3,0,3,0,15,1,95,48,60,53,53,20,1,78,40,3
1456,274,3,0,3,1,1,3,0,3,0,15,1,95,58,60,49,70,10,1,60,32,3
1457,274,3,0,3,1,1,3,0,3,0,15,1,95,48,120,46,58,20,0,60,52,2
1458,274,3,0,3,1,1,3,0,3,0,15,1,102,58,30,53,83,20,1,60,52,1
1459,276,3,0,3,1,1,5,0,1,0,22,25,60,46,120,36,57,20,0,52,20,1
1460,276,3,0,3,1,1,5,0,1,0,22,25,68,46,60,38,65,30,0,52,16,1
1461,276,3,0,3,1,1,5,0,1,0,22,25,56,46,30,34,52,10,0,52,26,1
1462,276,3,0,3,1,1,5,0,1,0,22,25,56,38,30,36,57,20,0,32,16,1
1463,276,3,0,3,1,1,5,0,1,0,22,25,68,34,60,36,40,20,0,40,26,1
1464,276,3,0,3,1,1,5,0,1,0,22,25,56,46,120,38,65,10,0,32,20,1
1465,276,3,0,3,1,1,5,0,1,0,22,25,60,34,120,34,52,10,0,40,16,1
1466,276,3,0,3,1,1,5,0,1,0,22,25,68,38,60,34,48,10,0,32,20,1
1467,276,3,0,3,1,1,5,0,1,0,22,25,56,34,30,38,42,30,0,40,20,1
1468,278,3,0,3,1,3,4,0,4,0,25,1,197,148,120,68,165,20,0,247,100,2
1469,278,3,0,3,1,3,4,0,4,0,25,1,179,148,30,60,156,10,0,247,130,2
1470,278,3,0,3,1,3,4,0,4,0,25,1,233,148,60,78,198,30,0,247,80,2
1471,278,3,0,3,1,3,4,0,4,0,25,1,179,123,30,68,172,20,0,152,80,2
1472,278,3,0,3,1,3,4,0,4,0,25,1,233,111,60,68,128,20,0,190,130,2
1473,278,3,0,3,1,3,4,0,4,0,25,1,197,111,120,60,156,10,0,190,80,2
1474,278,3,0,3,1,3,4,0,4,0,25,1,179,148,120,78,198,10,0,152,100,2
1475,278,3,0,3,1,3,4,0,4,0,25,1,179,111,30,78,132,30,0,190,100,2
1476,278,3,0,3,1,3,4,0,4,0,25,1,233,123,60,60,144,10,0,152,100,2
1477,280,3,0,3,1,3,2,0,1,0,25,22,66,45,30,37,52,10,0,70,28,1
1478,280,3,0,3,1,3,2,0,1,0,25,22,66,40,30,33,58,20,0,91,35,1
1479,280,3,0,3,1,3,2,0,1,0,25,22,66,45,120,35,63,10,1,91,45,1
1480,280,3,0,3,1,3,2,0,1,0,25,22,56,40,60,33,58,30,1,56,45,1
1481,280,3,0,3,1,3,2,0,1,0,25,22,59,45,30,33,57,30,1,91,28,1
1482,280,3,0,3,1,3,2,0,1,0,25,22,59,40,30,35,48,10,1,56,35,3
1483,280,3,0,3,1,3,2,0,1,0,25,22,59,54,60,33,63,20,0,56,28,3
1484,280,3,0,3,1,3,2,0,1,0,25,22,59,45,60,35,63,30,0,70,35,3
1485,280,3,0,3,1,3,2,0,1,0,25,22,66,54,30,35,65,30,0,56,45,3
1486,281,3,0,3,1,3,2,0,2,0,22,25,53,44,120,20,50,30,1,50,30,2
1487,281,3,0,3,1,3,2,0,2,0,22,25,43,33,120,22,38,30,0,65,24,2
1488,281,3,0,3,1,3,2,0,2,0,22,25,53,33,120,24,40,20,1,40,24,2
1489,281,3,0,3,1,3,2,0,2,0,22,25,46,33,60,24,40,10,0,65,39,2
1490,281,3,0,3,1,3,2,0,2,0,22,25,46,37,120,24,42,30,0,40,39,2
1491,281,3,0,3,1,3,2,0,2,0,22,25,43,37,60,24,42,20,1,65,30,2
1492,281,3,0,3,1,3,2,0,2,0,22,25,43,44,60,22,53,10,1,50,24,2
1493,281,3,0,3,1,3,2,0,2,0,22,25,43,37,120,20,43,20,0,50,39,2
1494,281,3,0,3,1,3,2,0,2,0,22,25,46,44,30,24,63,20,1,50,39,1
1495,282,3,0,3,1,3,3,0,1,0,23,25,114,68,30,74,76,10,0,70,40,2
1496,282,3,0,3,1,3,3,0,1,0,23,25,114,61,30,70,76,20,0,91,50,2
1497,282,3,0,3,1,3,3,0,1,0,23,25,114,68,120,72,83,10,1,91,65,2
1498,282,3,0,3,1,3,3,0,1,0,23,25,87,61,60,70,76,30,1,56,65,3
1499,282,3,0,3,1,3,3,0,1,0,23,25,96,68,30,70,76,30,1,91,40,3
1500,282,3,0,3,1,3,3,0,1,0,23,25,96,82,60,70,86,20,0,56,40,3
1501,282,3,0,3,1,3,3,0,1,0,23,25,96,61,30,72,68,10,1,56,50,1
1502,282,3,0,3,1,3,3,0,1,0,23,25,96,68,60,72,83,30,0,70,50,3
1503,282,3,0,3,1,3,3,0,1,0,23,25,114,82,30,72,90,30,0,56,65,2
1504,283,3,0,3,1,3,2,0,1,0,1,22,216,130,120,108,149,20,0,221,100,1
1505,283,3,0,3,1,3,2,0,1,0,1,22,202,130,30,102,139,10,0,221,130,1
1506,283,3,0,3,1,3,2,0,1,0,1,22,245,130,60,116,172,30,0,221,80,2
1507,283,3,0,3,1,3,2,0,1,0,1,22,202,108,30,108,149,20,0,136,80,2
1508,283,3,0,3,1,3,2,0,1,0,1,22,245,97,60,108,114,20,0,170,130,2
1509,283,3,0,3,1,3,2,0,1,0,1,22,216,97,120,102,139,10,0,170,80,1
1510,283,3,0,3,1,3,2,0,1,0,1,22,202,130,120,116,172,10,0,136,100,3
1511,283,3,0,3,1,3,2,0,1,0,1,22,202,97,30,116,123,30,0,170,100,2
1512,283,3,0,3,1,3,2,0,1,0,1,22,245,108,60,102,128,10,0,136,100,2
1513,285,3,0,4,1,0,1,0,4,0,23,25,160,52,120,136,55,20,0,195,30,2
1514,285,3,0,4,1,0,1,0,4,0,23,25,180,52,60,138,59,30,0,195,24,2
1515,285,3,0,4,1,0,1,0,4,0,23,25,150,52,30,134,54,10,0,195,39,2
1516,285,3,0,4,1,0,1,0,4,0,23,25,150,43,30,136,52,20,0,120,24,2
1517,285,3,0,4,1,0,1,0,4,0,23,25,180,39,60,136,42,20,0,150,39,2
1518,285,3,0,4,1,0,1,0,4,0,23,25,150,52,120,138,59,10,0,120,30,2
1519,285,3,0,4,1,0,1,0,4,0,23,25,160,39,120,134,48,10,0,150,24,2
1520,285,3,0,4,1,0,1,0,4,0,23,25,180,43,60,134,48,10,0,120,30,2
1521,285,3,0,4,1,0,1,0,4,0,23,25,150,39,30,138,46,30,0,150,30,2
1522,286,3,0,4,1,0,2,0,1,0,1,25,262,74,30,107,84,10,0,210,52,2
1523,286,3,0,4,1,0,2,0,1,0,1,25,262,74,120,97,104,10,1,273,84,2
1524,286,3,0,4,1,0,2,0,1,0,1,25,262,67,30,89,94,20,0,273,65,2
1525,286,3,0,4,1,0,2,0,1,0,1,25,208,67,60,89,94,30,1,168,84,2
1526,286,3,0,4,1,0,2,0,1,0,1,25,226,74,30,89,87,30,1,273,52,2
1527,286,3,0,4,1,0,2,0,1,0,1,25,226,67,30,97,77,10,1,168,65,3
1528,286,3,0,4,1,0,2,0,1,0,1,25,226,89,60,89,94,20,0,168,52,3
1529,286,3,0,4,1,0,2,0,1,0,1,25,262,89,30,97,100,30,0,168,84,3
1530,286,3,0,4,1,0,2,0,1,0,1,25,226,74,60,97,104,30,0,210,65,2
1531,290,3,0,5,1,1,2,0,4,0,1,22,286,50,30,146,60,10,0,180,84,1
1532,290,3,0,5,1,1,2,0,4,0,1,22,286,50,120,138,80,10,1,234,136,1
1533,290,3,0,5,1,1,2,0,4,0,1,22,286,45,30,132,80,20,0,234,105,1
1534,290,3,0,5,1,1,2,0,4,0,1,22,226,45,60,132,80,30,1,144,136,1
1535,290,3,0,5,1,1,2,0,4,0,1,22,246,50,30,132,65,30,1,234,84,1
1536,290,3,0,5,1,1,2,0,4,0,1,22,246,45,30,138,60,10,1,144,105,3
1537,290,3,0,5,1,1,2,0,4,0,1,22,246,60,60,132,60,20,0,144,84,3
1538,290,3,0,5,1,1,2,0,4,0,1,22,286,60,30,138,65,30,0,144,136,1
1539,290,3,0,5,1,1,2,0,4,0,1,22,246,50,60,138,80,30,0,180,105,1
1540,291,3,0,5,1,1,2,0,4,0,1,25,214,60,120,85,65,20,0,273,115,2
1541,291,3,0,5,1,1,2,0,4,0,1,25,196,60,30,77,60,10,0,273,149,2
1542,291,3,0,5,1,1,2,0,4,0,1,25,250,60,60,95,80,30,0,273,92,2
1543,291,3,0,5,1,1,2,0,4,0,1,25,196,50,30,85,80,20,0,168,92,1
1544,291,3,0,5,1,1,2,0,4,0,1,25,250,45,60,85,60,20,0,210,149,2
1545,291,3,0,5,1,1,2,0,4,0,1,25,214,45,120,77,80,10,0,210,92,2
1546,291,3,0,5,1,1,2,0,4,0,1,25,196,60,120,95,80,10,0,168,115,2
1547,291,3,0,5,1,1,2,0,4,0,1,25,196,45,30,95,65,30,0,210,115,2
1548,291,3,0,5,1,1,2,0,4,0,1,25,250,50,60,77,65,10,0,168,115,2
1549,292,3,0,5,1,1,3,0,3,0,1,22,222,50,30,85,60,10,0,160,76,2
1550,292,3,0,5,1,1,3,0,3,0,1,22,222,50,120,77,80,10,1,208,123,2
1551,292,3,0,5,1,1,3,0,3,0,1,22,222,45,30,71,80,20,0,208,95,2
1552,292,3,0,5,1,1,3,0,3,0,1,22,166,45,60,71,80,30,1,128,123,2
1553,292,3,0,5,1,1,3,0,3,0,1,22,185,50,30,71,65,30,1,208,76,2
1554,292,3,0,5,1,1,3,0,3,0,1,22,185,45,30,77,60,10,1,128,95,2
1555,292,3,0,5,1,1,3,0,3,0,1,22,185,60,60,71,60,20,0,128,76,2
1556,292,3,0,5,1,1,3,0,3,0,1,22,222,60,30,77,65,30,0,128,123,1
1557,292,3,0,5,1,1,3,0,3,0,1,22,185,50,60,77,80,30,0,160,95,2
1558,293,3,0,5,1,1,3,0,2,0,22,1,232,50,30,98,60,10,0,170,92,1
1559,293,3,0,5,1,1,3,0,2,0,22,1,232,50,120,90,80,10,1,221,149,1
1560,293,3,0,5,1,1,3,0,2,0,22,1,232,45,30,84,80,20,0,221,115,1
1561,293,3,0,5,1,1,3,0,2,0,22,1,181,45,60,84,80,30,1,136,149,1
1562,293,3,0,5,1,1,3,0,2,0,22,1,198,50,30,84,65,30,1,221,92,1
1563,293,3,0,5,1,1,3,0,2,0,22,1,198,45,30,90,60,10,1,136,115,1
1564,293,3,0,5,1,1,3,0,2,0,22,1,198,60,60,84,60,20,0,136,92,2
1565,293,3,0,5,1,1,3,0,2,0,22,1,232,60,30,90,65,30,0,136,149,2
1566,293,3,0,5,1,1,3,0,2,0,22,1,198,50,60,90,80,30,0,170,115,1
1567,298,3,0,6,1,0,4,0,2,1,2,22,103,3120,120,31,3120,30,1,80,40,3
1568,298,3,0,6,1,0,4,0,2,1,2,22,82,2340,120,34,3120,30,0,104,32,3
1569,298,3,0,6,1,0,4,0,2,1,2,22,103,2340,120,38,3380,20,1,64,32,3
1570,298,3,0,6,1,0,4,0,2,1,2,22,89,2340,60,38,3380,10,0,104,52,3
1571,298,3,0,6,1,0,4,0,2,1,2,22,89,2600,120,38,3120,30,0,64,52,3
1572,298,3,0,6,1,0,4,0,2,1,2,22,82,2600,60,38,3120,20,1,104,40,3
1573,298,3,0,6,1,0,4,0,2,1,2,22,82,3120,60,34,3380,10,1,80,32,3
1574,298,3,0,6,1,0,4,0,2,1,2,22,82,2600,120,31,3380,20,0,80,52,3
1575,298,3,0,6,1,0,4,0,2,1,2,22,89,3120,30,38,4160,20,1,80,52,3
1576,304,3,0,6,1,1,1,1,1,1,22,25,87,3120,120,63,3380,20,0,91,40,2
1577,304,3,0,6,1,1,1,1,1,1,22,25,102,3120,60,65,4160,30,0,91,32,1
1578,304,3,0,6,1,1,1,1,1,1,22,25,79,3120,30,61,3120,10,0,91,52,2
1579,304,3,0,6,1,1,1,1,1,1,22,25,79,2600,30,63,4160,20,0,56,32,1
1580,304,3,0,6,1,1,1,1,1,1,22,25,102,2340,60,63,3120,20,0,70,52,2
1581,304,3,0,6,1,1,1,1,1,1,22,25,87,2340,120,61,4160,10,0,70,32,2
1582,304,3,0,6,1,1,1,1,1,1,22,25,79,3120,120,65,4160,10,0,56,40,1
1583,304,3,0,6,1,1,1,1,1,1,22,25,102,2600,60,61,3380,10,0,56,40,1
1584,304,3,0,6,1,1,1,1,1,1,22,25,79,2340,30,65,3380,30,0,70,40,1
1585,306,3,0,6,1,1,2,1,1,1,1,2,147,3120,120,70,3120,30,1,110,80,2
1586,306,3,0,6,1,1,2,1,1,1,1,2,114,2340,120,73,3120,30,0,143,64,2
1587,306,3,0,6,1,1,2,1,1,1,1,2,147,2340,120,77,3380,20,1,88,64,2
1588,306,3,0,6,1,1,2,1,1,1,1,2,125,2340,60,77,3380,10,0,143,104,2
1589,306,3,0,6,1,1,2,1,1,1,1,2,125,2600,120,77,3120,30,0,88,104,2
1590,306,3,0,6,1,1,2,1,1,1,1,2,114,2600,60,77,3120,20,1,143,80,2
1591,306,3,0,6,1,1,2,1,1,1,1,2,114,3120,60,73,3380,10,1,110,64,2
1592,306,3,0,6,1,1,2,1,1,1,1,2,114,2600,120,70,3380,20,0,110,104,2
1593,306,3,0,6,1,1,2,1,1,1,1,2,125,3120,30,77,4160,20,1,110,104,1
1594,311,3,0,6,1,1,3,1,2,1,10,1,121,3120,120,66,3380,20,0,130,60,2
1595,311,3,0,6,1,1,3,1,2,1,10,1,141,3120,60,70,4160,30,0,130,48,2
1596,311,3,0,6,1,1,3,1,2,1,10,1,111,3120,30,63,3120,10,0,130,78,2
1597,311,3,0,6,1,1,3,1,2,1,10,1,111,2600,30,66,4160,20,0,80,48,2
1598,311,3,0,6,1,1,3,1,2,1,10,1,141,2340,60,66,3120,20,0,100,78,2
1599,311,3,0,6,1,1,3,1,2,1,10,1,111,3120,120,70,4160,10,0,80,60,2
1600,311,3,0,6,1,1,3,1,2,1,10,1,121,2340,120,63,4160,10,0,100,48,2
1601,311,3,0,6,1,1,3,1,2,1,10,1,141,2600,60,63,3380,10,0,80,60,2
1602,311,3,0,6,1,1,3,1,2,1,10,1,111,2340,30,70,3380,30,0,100,60,2
1603,317,3,0,6,1,1,4,0,1,1,22,21,392,3120,120,284,3380,20,0,273,130,2
1604,317,3,0,6,1,1,4,0,1,1,22,21,353,3120,30,278,3120,10,0,273,169,3
1605,317,3,0,6,1,1,4,0,1,1,22,21,470,3120,60,292,4160,30,0,273,104,3
1606,317,3,0,6,1,1,4,0,1,1,22,21,353,2600,30,284,4160,20,0,168,104,3
1607,317,3,0,6,1,1,4,0,1,1,22,21,470,2340,60,284,3120,20,0,210,169,3
1608,317,3,0,6,1,1,4,0,1,1,22,21,392,2340,120,278,4160,10,0,210,104,3
1609,317,3,0,6,1,1,4,0,1,1,22,21,353,3120,120,292,4160,10,0,168,130,3
1610,317,3,0,6,1,1,4,0,1,1,22,21,353,2340,30,292,3380,30,0,210,130,3
1611,317,3,0,6,1,1,4,0,1,1,22,21,470,2600,60,278,3380,10,0,168,130,3
1612,318,3,0,6,1,1,5,1,2,1,2,22,112,3120,120,40,3120,30,1,70,30,1
1613,318,3,0,6,1,1,5,1,2,1,2,22,91,2340,120,43,3120,30,0,91,24,1
1614,318,3,0,6,1,1,5,1,2,1,2,22,112,2340,120,47,3380,20,1,56,24,1
1615,318,3,0,6,1,1,5,1,2,1,2,22,98,2340,60,47,3380,10,0,91,39,1
1616,318,3,0,6,1,1,5,1,2,1,2,22,98,2600,120,47,3120,30,0,56,39,1
1617,318,3,0,6,1,1,5,1,2,1,2,22,91,2600,60,47,3120,20,1,91,30,1
1618,318,3,0,6,1,1,5,1,2,1,2,22,91,3120,60,43,3380,10,1,70,24,1
1619,318,3,0,6,1,1,5,1,2,1,2,22,91,2600,120,40,3380,20,0,70,39,1
1620,318,3,0,6,1,1,5,1,2,1,2,22,98,3120,30,47,4160,20,1,70,39,1
1621,320,3,0,6,1,1,3,0,4,1,2,1,108,3120,120,36,3120,30,1,80,50,2
1622,320,3,0,6,1,1,3,0,4,1,2,1,87,2340,120,39,3120,30,0,104,40,3
1623,320,3,0,6,1,1,3,0,4,1,2,1,94,2340,60,43,3380,10,0,104,65,1
1624,320,3,0,6,1,1,3,0,4,1,2,1,108,2340,120,43,3380,20,1,64,40,3
1625,320,3,0,6,1,1,3,0,4,1,2,1,94,2600,120,43,3120,30,0,64,65,3
1626,320,3,0,6,1,1,3,0,4,1,2,1,87,2600,60,43,3120,20,1,104,50,3
1627,320,3,0,6,1,1,3,0,4,1,2,1,87,3120,60,39,3380,10,1,80,40,3
1628,320,3,0,6,1,1,3,0,4,1,2,1,87,2600,120,36,3380,20,0,80,65,3
1629,320,3,0,6,1,1,3,0,4,1,2,1,94,3120,30,43,4160,20,1,80,65,3
1630,321,3,0,6,1,3,2,1,3,1,1,23,257,2600,30,117,3120,10,0,180,40,2
1631,321,3,0,6,1,3,2,1,3,1,1,23,257,2600,120,109,4160,10,1,234,65,3
1632,321,3,0,6,1,3,2,1,3,1,1,23,257,2340,30,103,4160,20,0,234,50,3
1633,321,3,0,6,1,3,2,1,3,1,1,23,197,2340,60,103,4160,30,1,144,65,3
1634,321,3,0,6,1,3,2,1,3,1,1,23,217,2600,30,103,3380,30,1,234,40,2
1635,321,3,0,6,1,3,2,1,3,1,1,23,217,2340,30,109,3120,10,1,144,50,1
1636,321,3,0,6,1,3,2,1,3,1,1,23,217,3120,60,103,3120,20,0,144,40,3
1637,321,3,0,6,1,3,2,1,3,1,1,23,257,3120,30,109,3380,30,0,144,65,3
1638,321,3,0,6,1,3,2,1,3,1,1,23,217,2600,60,109,4160,30,0,180,50,1
1639,322,3,0,6,1,3,5,0,4,1,25,1,286,3120,120,157,3380,20,0,351,95,1
1640,322,3,0,6,1,3,5,0,4,1,25,1,258,3120,30,149,3120,10,0,351,123,1
1641,322,3,0,6,1,3,5,0,4,1,25,1,341,3120,60,167,4160,30,0,351,76,1
1642,322,3,0,6,1,3,5,0,4,1,25,1,258,2600,30,157,4160,20,0,216,76,1
1643,322,3,0,6,1,3,5,0,4,1,25,1,341,2340,60,157,3120,20,0,270,123,1
1644,322,3,0,6,1,3,5,0,4,1,25,1,286,2340,120,149,4160,10,0,270,76,1
1645,322,3,0,6,1,3,5,0,4,1,25,1,258,3120,120,167,4160,10,0,216,95,1
1646,322,3,0,6,1,3,5,0,4,1,25,1,258,2340,30,167,3380,30,0,270,95,1
1647,322,3,0,6,1,3,5,0,4,1,25,1,341,2600,60,149,3380,10,0,216,95,1
1648,323,3,0,6,2,1,3,0,3,1,22,2,82,3120,120,27,3380,20,0,91,55,2
1649,323,3,0,6,2,1,3,0,3,1,22,2,75,3120,30,24,3120,10,0,91,71,1
1650,323,3,0,6,2,1,3,0,3,1,22,2,96,3120,60,31,4160,30,0,91,44,1
1651,323,3,0,6,2,1,3,0,3,1,22,2,75,2600,30,27,4160,20,0,56,44,1
1652,323,3,0,6,2,1,3,0,3,1,22,2,96,2340,60,27,3120,20,0,70,71,1
1653,323,3,0,6,2,1,3,0,3,1,22,2,82,2340,120,24,4160,10,0,70,44,2
1654,323,3,0,6,2,1,3,0,3,1,22,2,75,3120,120,31,4160,10,0,56,55,2
1655,323,3,0,6,2,1,3,0,3,1,22,2,75,2340,30,31,3380,30,0,70,55,1
1656,323,3,0,6,2,1,3,0,3,1,22,2,96,2600,60,24,3380,10,0,56,55,1
1657,326,3,0,7,1,1,1,1,1,1,1,2,144,2220,120,89,2405,20,0,117,50,2
1658,326,3,0,7,1,1,1,1,1,1,1,2,132,2220,30,86,2220,10,0,117,65,2
1659,326,3,0,7,1,1,1,1,1,1,1,2,167,2220,60,93,2960,30,0,117,40,1
1660,326,3,0,7,1,1,1,1,1,1,1,2,132,1850,30,89,2960,20,0,72,40,1
1661,326,3,0,7,1,1,1,1,1,1,1,2,167,1665,60,89,2220,20,0,90,65,1
1662,326,3,0,7,1,1,1,1,1,1,1,2,144,1665,120,86,2960,10,0,90,40,1
1663,326,3,0,7,1,1,1,1,1,1,1,2,132,2220,120,93,2960,10,0,72,50,1
1664,326,3,0,7,1,1,1,1,1,1,1,2,132,1665,30,93,2405,30,0,90,50,1
1665,326,3,0,7,1,1,1,1,1,1,1,2,167,1850,60,86,2405,10,0,72,50,1
1666,328,3,0,7,1,1,1,1,1,1,1,17,75,2220,120,56,2405,20,0,65,25,2
1667,328,3,0,7,1,1,1,1,1,1,1,17,70,2220,30,54,2220,10,0,65,32,2
1668,328,3,0,7,1,1,1,1,1,1,1,17,85,2220,60,59,2960,30,0,65,20,1
1669,328,3,0,7,1,1,1,1,1,1,1,17,70,1850,30,56,2960,20,0,40,20,1
1670,328,3,0,7,1,1,1,1,1,1,1,17,85,1665,60,56,2220,20,0,50,32,1
1671,328,3,0,7,1,1,1,1,1,1,1,17,75,1665,120,54,2960,10,0,50,20,3
1672,328,3,0,7,1,1,1,1,1,1,1,17,70,2220,120,59,2960,10,0,40,25,3
1673,328,3,0,7,1,1,1,1,1,1,1,17,70,1665,30,59,2405,30,0,50,25,1
1674,328,3,0,7,1,1,1,1,1,1,1,17,85,1850,60,54,2405,10,0,40,25,1
1675,335,3,0,7,2,1,1,1,1,1,2,1,171,1850,30,93,2220,10,0,100,32,2
1676,335,3,0,7,2,1,1,1,1,1,2,1,171,1850,120,89,2960,10,1,130,52,1
1677,335,3,0,7,2,1,1,1,1,1,2,1,171,1665,30,86,2960,20,0,130,40,1
1678,335,3,0,7,2,1,1,1,1,1,2,1,131,1665,60,86,2960,30,1,80,52,1
1679,335,3,0,7,2,1,1,1,1,1,2,1,144,1850,30,86,2405,30,1,130,32,1
1680,335,3,0,7,2,1,1,1,1,1,2,1,144,1665,30,89,2220,10,1,80,40,2
1681,335,3,0,7,2,1,1,1,1,1,2,1,144,2220,60,86,2220,20,0,80,32,2
1682,335,3,0,7,2,1,1,1,1,1,2,1,171,2220,30,89,2405,30,0,80,52,2
1683,335,3,0,7,2,1,1,1,1,1,2,1,144,1850,60,89,2960,30,0,100,40,1
1684,341,3,0,10,1,1,4,1,1,0,25,22,63,53,120,29,53,30,1,45,30,3
1685,341,3,0,10,1,1,4,1,1,0,25,22,63,40,120,33,57,20,1,36,24,1
1686,341,3,0,10,1,1,4,1,1,0,25,22,51,40,120,31,53,30,0,58,24,1
1687,341,3,0,10,1,1,4,1,1,0,25,22,55,40,60,33,57,10,0,58,39,1
1688,341,3,0,10,1,1,4,1,1,0,25,22,55,44,120,33,53,30,0,36,39,3
1689,341,3,0,10,1,1,4,1,1,0,25,22,51,44,60,33,53,20,1,58,30,1
1690,341,3,0,10,1,1,4,1,1,0,25,22,51,53,60,31,57,10,1,45,24,3
1691,341,3,0,10,1,1,4,1,1,0,25,22,55,53,30,33,70,20,1,45,39,1
1692,341,3,0,10,1,1,4,1,1,0,25,22,51,44,120,29,57,20,0,45,39,1
1693,342,3,1,1,1,0,3,0,3,0,17,2,237,106,120,82,112,30,1,140,85,2
1694,342,3,1,1,1,0,3,0,3,0,17,2,237,79,120,96,97,20,1,112,68,2
1695,342,3,1,1,1,0,3,0,3,0,17,2,183,79,120,88,90,30,0,182,68,2
1696,342,3,1,1,1,0,3,0,3,0,17,2,201,79,60,96,97,10,0,182,110,2
1697,342,3,1,1,1,0,3,0,3,0,17,2,201,88,120,96,97,30,0,112,110,2
1698,342,3,1,1,1,0,3,0,3,0,17,2,183,106,60,88,118,10,1,140,68,2
1699,342,3,1,1,1,0,3,0,3,0,17,2,183,88,60,96,97,20,1,182,85,2
1700,342,3,1,1,1,0,3,0,3,0,17,2,201,106,30,96,137,20,1,140,110,2
1701,342,3,1,1,1,0,3,0,3,0,17,2,183,88,120,82,105,20,0,140,110,2
1702,343,3,1,1,1,0,5,1,3,0,22,2,125,64,120,50,68,30,1,70,40,2
1703,343,3,1,1,1,0,5,1,3,0,22,2,100,48,120,53,54,30,0,91,32,2
1704,343,3,1,1,1,0,5,1,3,0,22,2,125,48,120,57,56,20,1,56,32,2
1705,343,3,1,1,1,0,5,1,3,0,22,2,108,48,60,57,56,10,0,91,52,2
1706,343,3,1,1,1,0,5,1,3,0,22,2,108,53,120,57,58,30,0,56,52,2
1707,343,3,1,1,1,0,5,1,3,0,22,2,100,53,60,57,58,20,1,91,40,2
1708,343,3,1,1,1,0,5,1,3,0,22,2,100,64,60,53,71,10,1,70,32,2
1709,343,3,1,1,1,0,5,1,3,0,22,2,100,53,120,50,60,20,0,70,52,2
1710,343,3,1,1,1,0,5,1,3,0,22,2,108,64,30,57,81,20,1,70,52,1
1711,344,3,1,1,1,1,2,1,2,0,1,17,175,55,120,95,65,30,1,60,35,2
1712,344,3,1,1,1,1,2,1,2,0,1,17,139,41,120,98,48,30,0,78,28,2
1713,344,3,1,1,1,1,2,1,2,0,1,17,175,41,120,102,53,20,1,48,28,3
1714,344,3,1,1,1,1,2,1,2,0,1,17,151,41,60,102,53,10,0,78,45,2
1715,344,3,1,1,1,1,2,1,2,0,1,17,151,46,120,102,54,30,0,48,45,3
1716,344,3,1,1,1,1,2,1,2,0,1,17,139,46,60,102,54,20,1,78,35,3
1717,344,3,1,1,1,1,2,1,2,0,1,17,139,55,60,98,68,10,1,60,28,3
1718,344,3,1,1,1,1,2,1,2,0,1,17,139,46,120,95,56,20,0,60,45,2
1719,344,3,1,1,1,1,2,1,2,0,1,17,151,55,30,102,76,20,1,60,45,3
1720,345,3,1,1,1,1,2,1,3,0,1,2,164,82,120,81,84,30,1,100,100,2
1721,345,3,1,1,1,1,2,1,3,0,1,2,126,61,120,84,71,30,0,130,80,2
1722,345,3,1,1,1,1,2,1,3,0,1,2,164,61,120,88,74,20,1,80,80,2
1723,345,3,1,1,1,1,2,1,3,0,1,2,139,61,60,88,74,10,0,130,130,2
1724,345,3,1,1,1,1,2,1,3,0,1,2,139,68,120,88,76,30,0,80,130,2
1725,345,3,1,1,1,1,2,1,3,0,1,2,126,68,60,88,76,20,1,130,100,2
1726,345,3,1,1,1,1,2,1,3,0,1,2,126,82,60,84,90,10,1,100,80,1
1727,345,3,1,1,1,1,2,1,3,0,1,2,126,68,120,81,81,20,0,100,130,2
1728,345,3,1,1,1,1,2,1,3,0,1,2,139,82,30,88,105,20,1,100,130,1
1729,348,3,1,1,1,1,3,1,2,0,1,10,192,89,120,107,92,30,1,150,80,2
1730,348,3,1,1,1,1,3,1,2,0,1,10,192,67,120,114,78,20,1,120,64,2
1731,348,3,1,1,1,1,3,1,2,0,1,10,151,67,120,110,76,30,0,195,64,2
1732,348,3,1,1,1,1,3,1,2,0,1,10,165,67,60,114,78,10,0,195,104,2
1733,348,3,1,1,1,1,3,1,2,0,1,10,165,74,120,114,81,30,0,120,104,2
1734,348,3,1,1,1,1,3,1,2,0,1,10,151,89,60,110,94,10,1,150,64,2
1735,348,3,1,1,1,1,3,1,2,0,1,10,151,74,60,114,81,20,1,195,80,2
1736,348,3,1,1,1,1,3,1,2,0,1,10,165,89,30,114,109,20,1,150,104,2
1737,348,3,1,1,1,1,3,1,2,0,1,10,151,74,120,107,84,20,0,150,104,2
1738,350,3,1,1,1,1,4,0,4,0,22,1,193,106,120,50,112,30,1,180,95,2
1739,350,3,1,1,1,1,4,0,4,0,22,1,150,79,120,56,90,30,0,234,76,2
1740,350,3,1,1,1,1,4,0,4,0,22,1,193,79,120,64,97,20,1,144,76,2
1741,350,3,1,1,1,1,4,0,4,0,22,1,164,79,60,64,97,10,0,234,123,2
1742,350,3,1,1,1,1,4,0,4,0,22,1,164,88,120,64,97,30,0,144,123,2
1743,350,3,1,1,1,1,4,0,4,0,22,1,150,88,60,64,97,20,1,234,95,2
1744,350,3,1,1,1,1,4,0,4,0,22,1,150,106,60,56,118,10,1,180,76,2
1745,350,3,1,1,1,1,4,0,4,0,22,1,150,88,120,50,105,20,0,180,123,2
1746,350,3,1,1,1,1,4,0,4,0,22,1,164,106,30,64,140,20,1,180,123,2
1747,351,3,1,1,1,1,5,0,4,0,17,2,97,97,120,44,99,20,0,234,100,1
1748,351,3,1,1,1,1,5,0,4,0,17,2,90,81,30,44,92,20,0,144,80,1
1749,351,3,1,1,1,1,5,0,4,0,17,2,90,97,30,41,97,10,0,234,130,1
1750,351,3,1,1,1,1,5,0,4,0,17,2,111,97,60,48,109,30,0,234,80,1
1751,351,3,1,1,1,1,5,0,4,0,17,2,111,73,60,44,81,20,0,180,130,1
1752,351,3,1,1,1,1,5,0,4,0,17,2,97,73,120,41,88,10,0,180,80,1
1753,351,3,1,1,1,1,5,0,4,0,17,2,90,97,120,48,109,10,0,144,100,1
1754,351,3,1,1,1,1,5,0,4,0,17,2,90,73,30,48,81,30,0,180,100,1
1755,351,3,1,1,1,1,5,0,4,0,17,2,111,81,60,41,88,10,0,144,100,1
1756,352,3,1,1,1,1,2,0,2,0,25,2,153,82,120,77,90,20,0,143,65,2
1757,352,3,1,1,1,1,2,0,2,0,25,2,142,82,30,72,84,10,0,143,84,1
1758,352,3,1,1,1,1,2,0,2,0,25,2,174,82,60,83,105,30,0,143,52,1
1759,352,3,1,1,1,1,2,0,2,0,25,2,142,68,30,77,90,20,0,88,52,2
1760,352,3,1,1,1,1,2,0,2,0,25,2,174,61,60,77,71,20,0,110,84,2
1761,352,3,1,1,1,1,2,0,2,0,25,2,153,61,120,72,84,10,0,110,52,2
1762,352,3,1,1,1,1,2,0,2,0,25,2,142,82,120,83,105,10,0,88,65,1
1763,352,3,1,1,1,1,2,0,2,0,25,2,142,61,30,83,74,30,0,110,65,2
1764,352,3,1,1,1,1,2,0,2,0,25,2,174,68,60,72,78,10,0,88,65,2
1765,353,3,1,1,1,1,3,0,4,0,23,1,207,131,120,99,146,20,0,221,95,2
1766,353,3,1,1,1,1,3,0,4,0,23,1,187,131,30,93,140,10,0,221,123,2
1767,353,3,1,1,1,1,3,0,4,0,23,1,246,131,60,107,165,30,0,221,76,2
1768,353,3,1,1,1,1,3,0,4,0,23,1,187,109,30,99,146,20,0,136,76,2
1769,353,3,1,1,1,1,3,0,4,0,23,1,246,98,60,99,112,20,0,170,123,2
1770,353,3,1,1,1,1,3,0,4,0,23,1,207,98,120,93,133,10,0,170,76,2
1771,353,3,1,1,1,1,3,0,4,0,23,1,187,131,120,107,165,10,0,136,95,2
1772,353,3,1,1,1,1,3,0,4,0,23,1,187,98,30,107,118,30,0,170,95,2
1773,353,3,1,1,1,1,3,0,4,0,23,1,246,109,60,93,127,10,0,136,95,2
1774,354,3,1,1,1,1,3,1,4,0,20,25,300,118,30,135,133,10,0,180,132,2
1775,354,3,1,1,1,1,3,1,4,0,20,25,300,118,120,125,161,10,1,234,214,2
1776,354,3,1,1,1,1,3,1,4,0,20,25,300,106,30,117,146,20,0,234,165,2
1777,354,3,1,1,1,1,3,1,4,0,20,25,231,106,60,117,146,30,1,144,214,2
1778,354,3,1,1,1,1,3,1,4,0,20,25,254,118,30,117,137,30,1,234,132,2
1779,354,3,1,1,1,1,3,1,4,0,20,25,254,106,30,125,118,10,1,144,165,2
1780,354,3,1,1,1,1,3,1,4,0,20,25,254,142,60,117,150,20,0,144,132,2
1781,354,3,1,1,1,1,3,1,4,0,20,25,300,142,30,125,161,30,0,144,214,2
1782,354,3,1,1,1,1,3,1,4,0,20,25,254,118,60,125,161,30,0,180,165,2
1783,355,3,1,1,1,1,5,1,3,0,2,25,190,97,120,80,99,30,1,150,90,2
1784,355,3,1,1,1,1,5,1,3,0,2,25,190,73,120,91,84,20,1,120,72,2
1785,355,3,1,1,1,1,5,1,3,0,2,25,146,73,120,85,84,30,0,195,72,2
1786,355,3,1,1,1,1,5,1,3,0,2,25,161,73,60,91,84,10,0,195,117,2
1787,355,3,1,1,1,1,5,1,3,0,2,25,161,81,120,91,88,30,0,120,117,2
1788,355,3,1,1,1,1,5,1,3,0,2,25,146,81,60,91,88,20,1,195,90,2
1789,355,3,1,1,1,1,5,1,3,0,2,25,146,97,60,85,105,10,1,150,72,3
1790,355,3,1,1,1,1,5,1,3,0,2,25,161,97,30,91,118,20,1,150,117,2
1791,355,3,1,1,1,1,5,1,3,0,2,25,146,81,120,80,92,20,0,150,117,2
1792,356,3,1,1,1,1,5,1,4,0,1,2,135,65,30,65,74,10,0,90,44,1
1793,356,3,1,1,1,1,5,1,4,0,1,2,135,58,30,58,81,20,0,117,55,1
1794,356,3,1,1,1,1,5,1,4,0,1,2,135,65,120,61,88,10,1,117,71,1
1795,356,3,1,1,1,1,5,1,4,0,1,2,106,58,60,58,81,30,1,72,71,1
1796,356,3,1,1,1,1,5,1,4,0,1,2,116,65,30,58,76,30,1,117,44,1
1797,356,3,1,1,1,1,5,1,4,0,1,2,116,78,60,58,84,20,0,72,44,1
1798,356,3,1,1,1,1,5,1,4,0,1,2,116,58,30,61,68,10,1,72,55,1
1799,356,3,1,1,1,1,5,1,4,0,1,2,116,65,60,61,88,30,0,90,55,1
1800,356,3,1,1,1,1,5,1,4,0,1,2,135,78,30,61,84,30,0,72,71,1
1801,360,3,1,3,1,1,3,0,2,0,22,1,208,176,30,79,194,10,0,120,76,1
1802,360,3,1,3,1,1,3,0,2,0,22,1,208,176,120,71,245,10,1,156,123,1
1803,360,3,1,3,1,1,3,0,2,0,22,1,208,158,30,65,225,20,0,156,95,1
1804,360,3,1,3,1,1,3,0,2,0,22,1,165,158,60,65,225,30,1,96,123,3
1805,360,3,1,3,1,1,3,0,2,0,22,1,179,176,30,65,210,30,1,156,76,1
1806,360,3,1,3,1,1,3,0,2,0,22,1,179,158,30,71,181,10,1,96,95,3
1807,360,3,1,3,1,1,3,0,2,0,22,1,179,211,60,65,225,20,0,96,76,3
1808,360,3,1,3,1,1,3,0,2,0,22,1,208,211,30,71,237,30,0,96,123,3
1809,360,3,1,3,1,1,3,0,2,0,22,1,179,176,60,71,245,30,0,120,95,1
1810,362,3,1,3,1,1,3,1,3,0,2,17,189,211,120,76,237,20,0,182,85,2
1811,362,3,1,3,1,1,3,1,3,0,2,17,174,211,30,70,225,10,0,182,110,2
1812,362,3,1,3,1,1,3,1,3,0,2,17,220,211,60,84,281,30,0,182,68,1
1813,362,3,1,3,1,1,3,1,3,0,2,17,174,176,30,76,245,20,0,112,68,1
1814,362,3,1,3,1,1,3,1,3,0,2,17,220,158,60,76,184,20,0,140,110,2
1815,362,3,1,3,1,1,3,1,3,0,2,17,189,158,120,70,225,10,0,140,68,1
1816,362,3,1,3,1,1,3,1,3,0,2,17,174,211,120,84,281,10,0,112,85,3
1817,362,3,1,3,1,1,3,1,3,0,2,17,174,158,30,84,194,30,0,140,85,3
1818,362,3,1,3,1,1,3,1,3,0,2,17,220,176,60,70,210,10,0,112,85,3
1819,363,3,1,3,1,1,4,0,4,0,22,2,94,102,120,39,130,20,0,91,45,2
1820,363,3,1,3,1,1,4,0,4,0,22,2,87,102,30,36,116,10,0,91,58,2
1821,363,3,1,3,1,1,4,0,4,0,22,2,108,102,60,43,147,30,0,91,36,3
1822,363,3,1,3,1,1,4,0,4,0,22,2,87,85,30,39,130,20,0,56,36,3
1823,363,3,1,3,1,1,4,0,4,0,22,2,108,76,60,39,89,20,0,70,58,3
1824,363,3,1,3,1,1,4,0,4,0,22,2,94,76,120,36,116,10,0,70,36,3
1825,363,3,1,3,1,1,4,0,4,0,22,2,87,102,120,43,147,10,0,56,45,3
1826,363,3,1,3,1,1,4,0,4,0,22,2,87,76,30,43,97,30,0,70,45,3
1827,363,3,1,3,1,1,4,0,4,0,22,2,108,85,60,36,108,10,0,56,45,3
1828,365,3,1,3,1,3,4,1,3,0,10,1,159,184,120,91,189,30,1,110,200,2
1829,365,3,1,3,1,3,4,1,3,0,10,1,123,138,120,94,155,30,0,143,160,2
1830,365,3,1,3,1,3,4,1,3,0,10,1,159,138,120,98,162,20,1,88,160,2
1831,365,3,1,3,1,3,4,1,3,0,10,1,135,138,60,98,162,10,0,143,260,2
1832,365,3,1,3,1,3,4,1,3,0,10,1,135,153,120,98,167,30,0,88,260,2
1833,365,3,1,3,1,3,4,1,3,0,10,1,123,153,60,98,167,20,1,143,200,2
1834,365,3,1,3,1,3,4,1,3,0,10,1,123,184,60,94,194,10,1,110,160,2
1835,365,3,1,3,1,3,4,1,3,0,10,1,123,153,120,91,169,20,0,110,260,2
1836,365,3,1,3,1,3,4,1,3,0,10,1,135,184,30,98,218,20,1,110,260,2
1837,366,3,1,3,1,3,4,1,1,0,23,25,85,119,120,61,136,20,0,91,40,3
1838,366,3,1,3,1,3,4,1,1,0,23,25,100,119,60,63,147,30,0,91,32,3
1839,366,3,1,3,1,3,4,1,1,0,23,25,77,119,30,59,130,10,0,91,52,1
1840,366,3,1,3,1,3,4,1,1,0,23,25,77,99,30,61,130,20,0,56,32,3
1841,366,3,1,3,1,3,4,1,1,0,23,25,100,89,60,61,99,20,0,70,52,3
1842,366,3,1,3,1,3,4,1,1,0,23,25,77,119,120,63,147,10,0,56,40,3
1843,366,3,1,3,1,3,4,1,1,0,23,25,85,89,120,59,119,10,0,70,32,3
1844,366,3,1,3,1,3,4,1,1,0,23,25,100,99,60,59,116,10,0,56,40,3
1845,366,3,1,3,1,3,4,1,1,0,23,25,77,89,30,63,106,30,0,70,40,3
1846,367,3,1,5,1,1,4,0,3,0,17,2,204,100,120,54,100,30,1,140,80,2
1847,367,3,1,5,1,1,4,0,3,0,17,2,204,75,120,68,108,20,1,112,64,2
1848,367,3,1,5,1,1,4,0,3,0,17,2,158,75,120,60,100,30,0,182,64,2
1849,367,3,1,5,1,1,4,0,3,0,17,2,173,75,60,68,108,10,0,182,104,2
1850,367,3,1,5,1,1,4,0,3,0,17,2,173,83,120,68,100,30,0,112,104,2
1851,367,3,1,5,1,1,4,0,3,0,17,2,158,100,60,60,108,10,1,140,64,2
1852,367,3,1,5,1,1,4,0,3,0,17,2,158,83,60,68,100,20,1,182,80,2
1853,367,3,1,5,1,1,4,0,3,0,17,2,173,100,30,68,133,20,1,140,104,2
1854,367,3,1,5,1,1,4,0,3,0,17,2,158,83,120,54,108,20,0,140,104,2
1855,369,3,1,5,1,1,5,1,2,0,22,1,161,100,120,53,108,20,0,260,145,2
1856,369,3,1,5,1,1,5,1,2,0,22,1,146,100,30,47,100,10,0,260,188,2
1857,369,3,1,5,1,1,5,1,2,0,22,1,192,100,60,61,133,30,0,260,116,1
1858,369,3,1,5,1,1,5,1,2,0,22,1,146,83,30,53,133,20,0,160,116,1
1859,369,3,1,5,1,1,5,1,2,0,22,1,192,75,60,53,100,20,0,200,188,2
1860,369,3,1,5,1,1,5,1,2,0,22,1,161,75,120,47,133,10,0,200,116,1
1861,369,3,1,5,1,1,5,1,2,0,22,1,146,100,120,61,133,10,0,160,145,1
1862,369,3,1,5,1,1,5,1,2,0,22,1,146,75,30,61,108,30,0,200,145,1
1863,369,3,1,5,1,1,5,1,2,0,22,1,192,83,60,47,108,10,0,160,145,2
1864,372,3,1,6,1,1,4,1,3,1,2,1,130,4200,30,67,5040,10,0,80,56,2
1865,372,3,1,6,1,1,4,1,3,1,2,1,130,4200,120,63,6720,10,1,104,91,2
1866,372,3,1,6,1,1,4,1,3,1,2,1,130,3780,30,60,6720,20,0,104,70,2
1867,372,3,1,6,1,1,4,1,3,1,2,1,103,3780,60,60,6720,30,1,64,91,2
1868,372,3,1,6,1,1,4,1,3,1,2,1,112,4200,30,60,5460,30,1,104,56,2
1869,372,3,1,6,1,1,4,1,3,1,2,1,112,3780,30,63,5040,10,1,64,70,2
1870,372,3,1,6,1,1,4,1,3,1,2,1,112,5040,60,60,5040,20,0,64,56,2
1871,372,3,1,6,1,1,4,1,3,1,2,1,130,5040,30,63,5460,30,0,64,91,2
1872,372,3,1,6,1,1,4,1,3,1,2,1,112,4200,60,63,6720,30,0,80,70,2
1873,375,3,1,6,1,1,4,0,4,1,2,22,106,5040,120,33,5040,30,1,80,55,1
1874,375,3,1,6,1,1,4,0,4,1,2,22,83,3780,120,36,5040,30,0,104,44,1
1875,375,3,1,6,1,1,4,0,4,1,2,22,106,3780,120,40,5460,20,1,64,44,1
1876,375,3,1,6,1,1,4,0,4,1,2,22,91,3780,60,40,5460,10,0,104,71,1
1877,375,3,1,6,1,1,4,0,4,1,2,22,91,4200,120,40,5040,30,0,64,71,1
1878,375,3,1,6,1,1,4,0,4,1,2,22,83,4200,60,40,5040,20,1,104,55,1
1879,375,3,1,6,1,1,4,0,4,1,2,22,83,5040,60,36,5460,10,1,80,44,1
1880,375,3,1,6,1,1,4,0,4,1,2,22,83,4200,120,33,5460,20,0,80,71,1
1881,375,3,1,6,1,1,4,0,4,1,2,22,91,5040,30,40,6720,20,1,80,71,1
1882,377,3,1,6,1,1,4,1,3,1,2,19,159,4200,30,86,5040,10,0,90,48,2
1883,377,3,1,6,1,1,4,1,3,1,2,19,159,4200,120,82,6720,10,1,117,78,1
1884,377,3,1,6,1,1,4,1,3,1,2,19,159,3780,30,79,6720,20,0,117,60,1
1885,377,3,1,6,1,1,4,1,3,1,2,19,126,3780,60,79,6720,30,1,72,78,1
1886,377,3,1,6,1,1,4,1,3,1,2,19,137,4200,30,79,5460,30,1,117,48,2
1887,377,3,1,6,1,1,4,1,3,1,2,19,137,3780,30,82,5040,10,1,72,60,1
1888,377,3,1,6,1,1,4,1,3,1,2,19,137,5040,60,79,5040,20,0,72,48,2
1889,377,3,1,6,1,1,4,1,3,1,2,19,159,5040,30,82,5460,30,0,72,78,2
1890,377,3,1,6,1,1,4,1,3,1,2,19,137,4200,60,82,6720,30,0,90,60,1
1891,378,3,1,6,1,1,4,1,3,1,15,2,185,5040,120,72,5460,20,0,182,90,2
1892,378,3,1,6,1,1,4,1,3,1,15,2,221,5040,60,80,6720,30,0,182,72,1
1893,378,3,1,6,1,1,4,1,3,1,15,2,167,5040,30,66,5040,10,0,182,117,2
1894,378,3,1,6,1,1,4,1,3,1,15,2,167,4200,30,72,6720,20,0,112,72,1
1895,378,3,1,6,1,1,4,1,3,1,15,2,221,3780,60,72,5040,20,0,140,117,1
1896,378,3,1,6,1,1,4,1,3,1,15,2,167,5040,120,80,6720,10,0,112,90,1
1897,378,3,1,6,1,1,4,1,3,1,15,2,185,3780,120,66,6720,10,0,140,72,1
1898,378,3,1,6,1,1,4,1,3,1,15,2,221,4200,60,66,5460,10,0,112,90,1
1899,378,3,1,6,1,1,4,1,3,1,15,2,167,3780,30,80,5460,30,0,140,90,1
1900,387,3,1,7,1,1,5,0,1,1,25,23,108,2900,30,70,3480,10,0,80,36,1
1901,387,3,1,7,1,1,5,0,1,1,25,23,108,2610,30,66,4640,20,0,104,45,1
1902,387,3,1,7,1,1,5,0,1,1,25,23,108,2900,120,68,4640,10,1,104,58,1
1903,387,3,1,7,1,1,5,0,1,1,25,23,84,2610,60,66,4640,30,1,64,58,1
1904,387,3,1,7,1,1,5,0,1,1,25,23,92,2900,30,66,3770,30,1,104,36,1
1905,387,3,1,7,1,1,5,0,1,1,25,23,92,3480,60,66,3480,20,0,64,36,1
1906,387,3,1,7,1,1,5,0,1,1,25,23,92,2610,30,68,3480,10,1,64,45,1
1907,387,3,1,7,1,1,5,0,1,1,25,23,92,2900,60,68,4640,30,0,80,45,1
1908,387,3,1,7,1,1,5,0,1,1,25,23,108,3480,30,68,3770,30,0,64,58,1
1909,389,3,1,7,1,1,5,1,1,1,23,25,112,3480,120,88,3770,20,0,182,400,3
1910,389,3,1,7,1,1,5,1,1,1,23,25,128,3480,60,90,4640,30,0,182,320,1
1911,389,3,1,7,1,1,5,1,1,1,23,25,104,3480,30,86,3480,10,0,182,520,2
1912,389,3,1,7,1,1,5,1,1,1,23,25,104,2900,30,88,4640,20,0,112,320,1
1913,389,3,1,7,1,1,5,1,1,1,23,25,128,2610,60,88,3480,20,0,140,520,2
1914,389,3,1,7,1,1,5,1,1,1,23,25,104,3480,120,90,4640,10,0,112,400,1
1915,389,3,1,7,1,1,5,1,1,1,23,25,112,2610,120,86,4640,10,0,140,320,2
1916,389,3,1,7,1,1,5,1,1,1,23,25,128,2900,60,86,3770,10,0,112,400,1
1917,389,3,1,7,1,1,5,1,1,1,23,25,104,2610,30,90,3770,30,0,140,400,1
1918,390,3,1,7,1,1,5,1,2,1,25,22,65,3480,120,32,3480,30,1,40,60,2
1919,390,3,1,7,1,1,5,1,2,1,25,22,65,2610,120,36,3770,20,1,32,48,2
1920,390,3,1,7,1,1,5,1,2,1,25,22,55,2610,120,34,3480,30,0,52,48,2
1921,390,3,1,7,1,1,5,1,2,1,25,22,58,2610,60,36,3770,10,0,52,78,2
1922,390,3,1,7,1,1,5,1,2,1,25,22,58,2900,120,36,3480,30,0,32,78,1
1923,390,3,1,7,1,1,5,1,2,1,25,22,55,2900,60,36,3480,20,1,52,60,1
1924,390,3,1,7,1,1,5,1,2,1,25,22,55,3480,60,34,3770,10,1,40,48,1
1925,390,3,1,7,1,1,5,1,2,1,25,22,58,3480,30,36,4640,20,1,40,78,1
1926,390,3,1,7,1,1,5,1,2,1,25,22,55,2900,120,32,3770,20,0,40,78,1
1927,391,3,1,8,1,0,4,0,2,0,25,22,169,196,120,119,196,30,1,90,50,3
1928,391,3,1,8,1,0,4,0,2,0,25,22,169,147,120,123,212,20,1,72,40,3
1929,391,3,1,8,1,0,4,0,2,0,25,22,133,147,120,121,196,30,0,117,40,3
1930,391,3,1,8,1,0,4,0,2,0,25,22,145,147,60,123,212,10,0,117,65,3
1931,391,3,1,8,1,0,4,0,2,0,25,22,145,163,120,123,196,30,0,72,65,3
1932,391,3,1,8,1,0,4,0,2,0,25,22,133,196,60,121,212,10,1,90,40,3
1933,391,3,1,8,1,0,4,0,2,0,25,22,133,163,60,123,196,20,1,117,50,3
1934,391,3,1,8,1,0,4,0,2,0,25,22,145,196,30,123,261,20,1,90,65,3
1935,391,3,1,8,1,0,4,0,2,0,25,22,133,163,120,119,212,20,0,90,65,3
1936,392,3,1,8,1,1,3,1,2,1,1,17,111,1429,30,48,1715,10,0,70,32,1
1937,392,3,1,8,1,1,3,1,2,1,1,17,111,1429,120,44,2286,10,1,91,52,1
1938,392,3,1,8,1,1,3,1,2,1,1,17,111,1286,30,41,2286,20,0,91,40,1
1939,392,3,1,8,1,1,3,1,2,1,1,17,90,1286,60,41,2286,30,1,56,52,1
1940,392,3,1,8,1,1,3,1,2,1,1,17,97,1429,30,41,1858,30,1,91,32,1
1941,392,3,1,8,1,1,3,1,2,1,1,17,97,1286,30,44,1715,10,1,56,40,1
1942,392,3,1,8,1,1,3,1,2,1,1,17,97,1715,60,41,1715,20,0,56,32,1
1943,392,3,1,8,1,1,3,1,2,1,1,17,111,1715,30,44,1858,30,0,56,52,1
1944,392,3,1,8,1,1,3,1,2,1,1,17,97,1429,60,44,2286,30,0,70,40,1
1945,393,3,1,8,1,1,3,1,3,0,22,25,64,245,120,31,245,30,1,60,70,2
1946,393,3,1,8,1,1,3,1,3,0,22,25,64,184,120,35,265,20,1,48,56,1
1947,393,3,1,8,1,1,3,1,3,0,22,25,54,184,120,33,245,30,0,78,56,1
1948,393,3,1,8,1,1,3,1,3,0,22,25,57,184,60,35,265,10,0,78,91,2
1949,393,3,1,8,1,1,3,1,3,0,22,25,57,204,120,35,245,30,0,48,91,2
1950,393,3,1,8,1,1,3,1,3,0,22,25,54,245,60,33,265,10,1,60,56,2
1951,393,3,1,8,1,1,3,1,3,0,22,25,54,204,60,35,245,20,1,78,70,2
1952,393,3,1,8,1,1,3,1,3,0,22,25,57,245,30,35,326,20,1,60,91,1
1953,393,3,1,8,1,1,3,1,3,0,22,25,54,204,120,31,265,20,0,60,91,2
1954,394,3,1,10,1,1,2,1,2,0,2,15,217,576,120,104,624,20,0,234,150,2
1955,394,3,1,10,1,1,2,1,2,0,2,15,197,576,30,98,576,10,0,234,195,2
1956,394,3,1,10,1,1,2,1,2,0,2,15,257,576,60,112,768,30,0,234,120,2
1957,394,3,1,10,1,1,2,1,2,0,2,15,197,480,30,104,768,20,0,144,120,1
1958,394,3,1,10,1,1,2,1,2,0,2,15,257,432,60,104,576,20,0,180,195,1
1959,394,3,1,10,1,1,2,1,2,0,2,15,217,432,120,98,768,10,0,180,120,1
1960,394,3,1,10,1,1,2,1,2,0,2,15,197,576,120,112,768,10,0,144,150,2
1961,394,3,1,10,1,1,2,1,2,0,2,15,197,432,30,112,624,30,0,180,150,1
1962,394,3,1,10,1,1,2,1,2,0,2,15,257,480,60,98,624,10,0,144,150,2
1963,396,3,1,10,1,1,3,1,2,0,2,25,127,70,120,51,75,20,0,156,80,2
1964,396,3,1,10,1,1,3,1,2,0,2,25,116,70,30,46,70,10,0,156,104,2
1965,396,3,1,10,1,1,3,1,2,0,2,25,148,70,60,57,93,30,0,156,64,2
1966,396,3,1,10,1,1,3,1,2,0,2,25,116,58,30,51,93,20,0,96,64,2
1967,396,3,1,10,1,1,3,1,2,0,2,25,148,52,60,51,70,20,0,120,104,2
1968,396,3,1,10,1,1,3,1,2,0,2,25,127,52,120,46,93,10,0,120,64,3
1969,396,3,1,10,1,1,3,1,2,0,2,25,116,70,120,57,93,10,0,96,80,2
1970,396,3,1,10,1,1,3,1,2,0,2,25,116,52,30,57,75,30,0,120,80,2
1971,396,3,1,10,1,1,3,1,2,0,2,25,148,58,60,46,75,10,0,96,80,2
1972,400,5,0,1,2,1,4,0,2,0,2,1,106,46,120,51,50,20,0,117,45,2
1973,400,5,0,1,2,1,4,0,2,0,2,1,124,46,60,55,57,30,0,117,36,2
1974,400,5,0,1,2,1,4,0,2,0,2,1,97,46,30,48,48,10,0,117,58,2
1975,400,5,0,1,2,1,4,0,2,0,2,1,97,38,30,51,50,20,0,72,36,2
1976,400,5,0,1,2,1,4,0,2,0,2,1,124,34,60,51,40,20,0,90,58,2
1977,400,5,0,1,2,1,4,0,2,0,2,1,106,34,120,48,48,10,0,90,36,2
1978,400,5,0,1,2,1,4,0,2,0,2,1,97,46,120,55,57,10,0,72,45,2
1979,400,5,0,1,2,1,4,0,2,0,2,1,97,34,30,55,42,30,0,90,45,2
1980,400,5,0,1,2,1,4,0,2,0,2,1,124,38,60,48,45,10,0,72,45,2
1981,401,5,0,1,3,1,3,1,2,0,2,1,111,42,120,39,46,30,1,60,50,2
1982,401,5,0,1,3,1,3,1,2,0,2,1,90,31,120,42,38,30,0,78,40,2
1983,401,5,0,1,3,1,3,1,2,0,2,1,111,31,120,46,40,20,1,48,40,2
1984,401,5,0,1,3,1,3,1,2,0,2,1,97,31,60,46,40,10,0,78,65,2
1985,401,5,0,1,3,1,3,1,2,0,2,1,97,35,120,46,42,30,0,48,65,2
1986,401,5,0,1,3,1,3,1,2,0,2,1,90,35,60,46,42,20,1,78,50,2
1987,401,5,0,1,3,1,3,1,2,0,2,1,90,42,60,42,49,10,1,60,40,2
1988,401,5,0,1,3,1,3,1,2,0,2,1,90,35,120,39,43,20,0,60,65,2
1989,401,5,0,1,3,1,3,1,2,0,2,1,97,42,30,46,56,20,1,60,65,1
1990,403,5,0,5,2,1,2,1,2,0,17,2,220,60,120,67,60,30,1,150,85,2
1991,403,5,0,5,2,1,2,1,2,0,17,2,220,45,120,81,65,20,1,120,68,2
1992,403,5,0,5,2,1,2,1,2,0,17,2,169,45,120,73,60,30,0,195,68,2
1993,403,5,0,5,2,1,2,1,2,0,17,2,186,45,60,81,65,10,0,195,110,2
1994,403,5,0,5,2,1,2,1,2,0,17,2,186,50,120,81,60,30,0,120,110,2
1995,403,5,0,5,2,1,2,1,2,0,17,2,169,60,60,73,65,10,1,150,68,2
1996,403,5,0,5,2,1,2,1,2,0,17,2,169,50,60,81,60,20,1,195,85,2
1997,403,5,0,5,2,1,2,1,2,0,17,2,186,60,30,81,80,20,1,150,110,2
1998,403,5,0,5,2,1,2,1,2,0,17,2,169,50,120,67,65,20,0,150,110,2
1999,404,5,0,5,3,1,4,1,2,0,22,1,226,60,120,118,65,20,0,221,95,2
2000,404,5,0,5,3,1,4,1,2,0,22,1,205,60,30,112,60,10,0,221,123,2
2001,404,5,0,5,3,1,4,1,2,0,22,1,268,60,60,126,80,30,0,221,76,2
2002,404,5,0,5,3,1,4,1,2,0,22,1,205,50,30,118,80,20,0,136,76,2
2003,404,5,0,5,3,1,4,1,2,0,22,1,268,45,60,118,60,20,0,170,123,2
2004,404,5,0,5,3,1,4,1,2,0,22,1,226,45,120,112,80,10,0,170,76,2
2005,404,5,0,5,3,1,4,1,2,0,22,1,205,60,120,126,80,10,0,136,95,2
2006,404,5,0,5,3,1,4,1,2,0,22,1,205,45,30,126,65,30,0,170,95,2
2007,404,5,0,5,3,1,4,1,2,0,22,1,268,50,60,112,65,10,0,136,95,2
2008,405,5,0,6,1,1,3,0,2,1,2,17,161,3120,120,79,3120,30,1,100,60,2
2009,405,5,0,6,1,1,3,0,2,1,2,17,161,2340,120,86,3380,20,1,80,48,2
2010,405,5,0,6,1,1,3,0,2,1,2,17,125,2340,120,82,3120,30,0,130,48,2
2011,405,5,0,6,1,1,3,0,2,1,2,17,137,2340,60,86,3380,10,0,130,78,2
2012,405,5,0,6,1,1,3,0,2,1,2,17,137,2600,120,86,3120,30,0,80,78,2
2013,405,5,0,6,1,1,3,0,2,1,2,17,125,2600,60,86,3120,20,1,130,60,2
2014,405,5,0,6,1,1,3,0,2,1,2,17,125,3120,60,82,3380,10,1,100,48,2
2015,405,5,0,6,1,1,3,0,2,1,2,17,125,2600,120,79,3380,20,0,100,78,2
2016,405,5,0,6,1,1,3,0,2,1,2,17,137,3120,30,86,4160,20,1,100,78,2
2017,406,5,0,6,1,1,3,1,2,1,1,2,127,3120,120,51,3120,30,1,80,50,2
2018,406,5,0,6,1,1,3,1,2,1,1,2,100,2340,120,54,3120,30,0,104,40,2
2019,406,5,0,6,1,1,3,1,2,1,1,2,127,2340,120,58,3380,20,1,64,40,2
2020,406,5,0,6,1,1,3,1,2,1,1,2,109,2340,60,58,3380,10,0,104,65,2
2021,406,5,0,6,1,1,3,1,2,1,1,2,109,2600,120,58,3120,30,0,64,65,2
2022,406,5,0,6,1,1,3,1,2,1,1,2,100,2600,60,58,3120,20,1,104,50,2
2023,406,5,0,6,1,1,3,1,2,1,1,2,100,3120,60,54,3380,10,1,80,40,2
2024,406,5,0,6,1,1,3,1,2,1,1,2,100,2600,120,51,3380,20,0,80,65,2
2025,406,5,0,6,1,1,3,1,2,1,1,2,109,3120,30,58,4160,20,1,80,65,2
2026,407,5,0,6,2,1,4,0,2,1,2,15,174,3120,120,61,3380,20,0,182,90,2
2027,407,5,0,6,2,1,4,0,2,1,2,15,159,3120,30,55,3120,10,0,182,117,2
2028,407,5,0,6,2,1,4,0,2,1,2,15,205,3120,60,69,4160,30,0,182,72,1
2029,407,5,0,6,2,1,4,0,2,1,2,15,159,2600,30,61,4160,20,0,112,72,1
2030,407,5,0,6,2,1,4,0,2,1,2,15,205,2340,60,61,3120,20,0,140,117,1
2031,407,5,0,6,2,1,4,0,2,1,2,15,174,2340,120,55,4160,10,0,140,72,1
2032,407,5,0,6,2,1,4,0,2,1,2,15,159,3120,120,69,4160,10,0,112,90,1
2033,407,5,0,6,2,1,4,0,2,1,2,15,159,2340,30,69,3380,30,0,140,90,1
2034,407,5,0,6,2,1,4,0,2,1,2,15,205,2600,60,55,3380,10,0,112,90,2
2035,408,5,0,6,3,1,2,1,1,1,2,1,145,2600,30,73,3120,10,0,90,48,2
2036,408,5,0,6,3,1,2,1,1,1,2,1,145,2600,120,69,4160,10,1,117,78,2
2037,408,5,0,6,3,1,2,1,1,1,2,1,145,2340,30,66,4160,20,0,117,60,2
2038,408,5,0,6,3,1,2,1,1,1,2,1,114,2340,60,66,4160,30,1,72,78,2
2039,408,5,0,6,3,1,2,1,1,1,2,1,124,2600,30,66,3380,30,1,117,48,2
2040,408,5,0,6,3,1,2,1,1,1,2,1,124,2340,30,69,3120,10,1,72,60,2
2041,408,5,0,6,3,1,2,1,1,1,2,1,124,3120,60,66,3120,20,0,72,48,2
2042,408,5,0,6,3,1,2,1,1,1,2,1,145,3120,30,69,3380,30,0,72,78,2
2043,408,5,0,6,3,1,2,1,1,1,2,1,124,2600,60,69,4160,30,0,90,60,2
2044,409,5,0,6,3,1,3,1,2,1,2,1,131,2600,30,61,3120,10,0,90,40,2
2045,409,5,0,6,3,1,3,1,2,1,2,1,131,2340,30,54,4160,20,0,117,50,1
2046,409,5,0,6,3,1,3,1,2,1,2,1,131,2600,120,57,4160,10,1,117,65,1
2047,409,5,0,6,3,1,3,1,2,1,2,1,102,2340,60,54,4160,30,1,72,65,1
2048,409,5,0,6,3,1,3,1,2,1,2,1,112,2600,30,54,3380,30,1,117,40,2
2049,409,5,0,6,3,1,3,1,2,1,2,1,112,3120,60,54,3120,20,0,72,40,2
2050,409,5,0,6,3,1,3,1,2,1,2,1,112,2340,30,57,3120,10,1,72,50,2
2051,409,5,0,6,3,1,3,1,2,1,2,1,131,3120,30,57,3380,30,0,72,65,2
2052,409,5,0,6,3,1,3,1,2,1,2,1,112,2600,60,57,4160,30,0,90,50,1
2053,410,5,1,1,2,1,3,1,3,0,2,1,99,60,30,34,71,10,0,90,48,1
2054,410,5,1,1,2,1,3,1,3,0,2,1,99,60,120,30,84,10,1,117,78,2
2055,410,5,1,1,2,1,3,1,3,0,2,1,99,54,30,27,78,20,0,117,60,1
2056,410,5,1,1,2,1,3,1,3,0,2,1,78,54,60,27,78,30,1,72,78,1
2057,410,5,1,1,2,1,3,1,3,0,2,1,85,60,30,27,74,30,1,117,48,1
2058,410,5,1,1,2,1,3,1,3,0,2,1,85,54,30,30,65,10,1,72,60,1
2059,410,5,1,1,2,1,3,1,3,0,2,1,85,72,60,27,78,20,0,72,48,1
2060,410,5,1,1,2,1,3,1,3,0,2,1,99,72,30,30,84,30,0,72,78,1
2061,410,5,1,1,2,1,3,1,3,0,2,1,85,60,60,30,84,30,0,90,60,1
2062,411,5,1,1,2,1,4,1,3,0,2,15,179,101,120,66,118,20,0,182,90,2
2063,411,5,1,1,2,1,4,1,3,0,2,15,164,101,30,60,109,10,0,182,117,2
2064,411,5,1,1,2,1,4,1,3,0,2,15,210,101,60,74,137,30,0,182,72,2
2065,411,5,1,1,2,1,4,1,3,0,2,15,164,84,30,66,118,20,0,112,72,2
2066,411,5,1,1,2,1,4,1,3,0,2,15,210,76,60,66,90,20,0,140,117,2
2067,411,5,1,1,2,1,4,1,3,0,2,15,179,76,120,60,109,10,0,140,72,2
2068,411,5,1,1,2,1,4,1,3,0,2,15,164,101,120,74,137,10,0,112,90,2
2069,411,5,1,1,2,1,4,1,3,0,2,15,164,76,30,74,94,30,0,140,90,2
2070,411,5,1,1,2,1,4,1,3,0,2,15,210,84,60,60,105,10,0,112,90,2
2071,412,5,1,6,2,1,2,0,2,1,1,17,97,5040,120,44,5460,20,0,91,35,2
2072,412,5,1,6,2,1,2,0,2,1,1,17,90,5040,30,41,5040,10,0,91,45,2
2073,412,5,1,6,2,1,2,0,2,1,1,17,111,5040,60,48,6720,30,0,91,28,2
2074,412,5,1,6,2,1,2,0,2,1,1,17,90,4200,30,44,6720,20,0,56,28,2
2075,412,5,1,6,2,1,2,0,2,1,1,17,111,3780,60,44,5040,20,0,70,45,2
2076,412,5,1,6,2,1,2,0,2,1,1,17,97,3780,120,41,6720,10,0,70,28,2
2077,412,5,1,6,2,1,2,0,2,1,1,17,90,5040,120,48,6720,10,0,56,35,2
2078,412,5,1,6,2,1,2,0,2,1,1,17,90,3780,30,48,5460,30,0,70,35,2
2079,412,5,1,6,2,1,2,0,2,1,1,17,111,4200,60,41,5460,10,0,56,35,2
2080,413,5,1,6,2,1,3,1,3,1,2,17,241,5040,120,95,5040,30,1,150,95,2
2081,413,5,1,6,2,1,3,1,3,1,2,17,188,3780,120,101,5040,30,0,195,76,2
2082,413,5,1,6,2,1,3,1,3,1,2,17,241,3780,120,109,5460,20,1,120,76,2
2083,413,5,1,6,2,1,3,1,3,1,2,17,206,3780,60,109,5460,10,0,195,123,2
2084,413,5,1,6,2,1,3,1,3,1,2,17,206,4200,120,109,5040,30,0,120,123,2
2085,413,5,1,6,2,1,3,1,3,1,2,17,188,4200,60,109,5040,20,1,195,95,2
2086,413,5,1,6,2,1,3,1,3,1,2,17,188,5040,60,101,5460,10,1,150,76,2
2087,413,5,1,6,2,1,3,1,3,1,2,17,188,4200,120,95,5460,20,0,150,123,2
2088,413,5,1,6,2,1,3,1,3,1,2,17,206,5040,30,109,6720,20,1,150,123,2
2089,414,5,1,6,2,1,4,1,3,1,2,1,106,4200,30,41,5040,10,0,90,140,2
2090,414,5,1,6,2,1,4,1,3,1,2,1,106,4200,120,37,6720,10,1,117,227,2
2091,414,5,1,6,2,1,4,1,3,1,2,1,106,3780,30,34,6720,20,0,117,175,1
2092,414,5,1,6,2,1,4,1,3,1,2,1,85,3780,60,34,6720,30,1,72,227,1
2093,414,5,1,6,2,1,4,1,3,1,2,1,92,4200,30,34,5460,30,1,117,140,2
2094,414,5,1,6,2,1,4,1,3,1,2,1,92,3780,30,37,5040,10,1,72,175,2
2095,414,5,1,6,2,1,4,1,3,1,2,1,92,5040,60,34,5040,20,0,72,140,2
2096,414,5,1,6,2,1,4,1,3,1,2,1,106,5040,30,37,5460,30,0,72,227,2
2097,414,5,1,6,2,1,4,1,3,1,2,1,92,4200,60,37,6720,30,0,90,175,1
2098,415,5,1,10,2,1,4,1,3,0,2,1,116,498,120,44,498,30,1,80,120,2
2099,415,5,1,10,2,1,4,1,3,0,2,1,95,373,120,47,498,30,0,104,96,2
2100,415,5,1,10,2,1,4,1,3,0,2,1,116,373,120,51,539,20,1,64,96,1
2101,415,5,1,10,2,1,4,1,3,0,2,1,102,373,60,51,539,10,0,104,156,1
2102,415,5,1,10,2,1,4,1,3,0,2,1,102,415,120,51,498,30,0,64,156,2
2103,415,5,1,10,2,1,4,1,3,0,2,1,95,415,60,51,498,20,1,104,120,2
2104,415,5,1,10,2,1,4,1,3,0,2,1,95,498,60,47,539,10,1,80,96,2
2105,415,5,1,10,2,1,4,1,3,0,2,1,95,415,120,44,539,20,0,80,156,2
2106,415,5,1,10,2,1,4,1,3,0,2,1,102,498,30,51,664,20,1,80,156,2
2107,416,6,0,1,1,0,3,1,3,0,25,23,125,46,120,101,48,20,0,156,75,1
2108,416,6,0,1,1,0,3,1,3,0,25,23,143,46,60,103,50,30,0,156,60,1
2109,416,6,0,1,1,0,3,1,3,0,25,23,116,46,30,99,46,10,0,156,97,1
2110,416,6,0,1,1,0,3,1,3,0,25,23,116,38,30,101,45,20,0,96,60,1
2111,416,6,0,1,1,0,3,1,3,0,25,23,143,34,60,101,38,20,0,120,97,1
2112,416,6,0,1,1,0,3,1,3,0,25,23,116,46,120,103,50,10,0,96,75,1
2113,416,6,0,1,1,0,3,1,3,0,25,23,125,34,120,99,42,10,0,120,60,1
2114,416,6,0,1,1,0,3,1,3,0,25,23,143,38,60,99,42,10,0,96,75,1
2115,416,6,0,1,1,0,3,1,3,0,25,23,116,34,30,103,40,30,0,120,75,1
2116,417,6,0,1,2,0,4,0,2,0,17,1,168,29,30,96,32,10,0,110,32,2
2117,417,6,0,1,2,0,4,0,2,0,17,1,168,29,120,92,40,10,1,143,52,2
2118,417,6,0,1,2,0,4,0,2,0,17,1,168,26,30,89,38,20,0,143,40,2
2119,417,6,0,1,2,0,4,0,2,0,17,1,134,26,60,89,38,30,1,88,52,2
2120,417,6,0,1,2,0,4,0,2,0,17,1,145,29,30,89,35,30,1,143,32,2
2121,417,6,0,1,2,0,4,0,2,0,17,1,145,26,30,92,29,10,1,88,40,2
2122,417,6,0,1,2,0,4,0,2,0,17,1,145,35,60,89,38,20,0,88,32,2
2123,417,6,0,1,2,0,4,0,2,0,17,1,168,35,30,92,40,30,0,88,52,2
2124,417,6,0,1,2,0,4,0,2,0,17,1,145,29,60,92,40,30,0,110,40,2
2125,418,6,0,2,1,0,2,0,1,0,25,22,78,11,30,49,12,10,0,85,12,2
2126,418,6,0,2,1,0,2,0,1,0,25,22,78,10,30,45,15,20,0,110,15,2
2127,418,6,0,2,1,0,2,0,1,0,25,22,78,11,120,47,16,10,1,110,19,2
2128,418,6,0,2,1,0,2,0,1,0,25,22,68,10,60,45,15,30,1,68,19,2
2129,418,6,0,2,1,0,2,0,1,0,25,22,71,11,30,45,14,30,1,110,12,2
2130,418,6,0,2,1,0,2,0,1,0,25,22,71,10,30,47,12,10,1,68,15,2
2131,418,6,0,2,1,0,2,0,1,0,25,22,71,13,60,45,15,20,0,68,12,2
2132,418,6,0,2,1,0,2,0,1,0,25,22,71,11,60,47,16,30,0,85,15,2
2133,418,6,0,2,1,0,2,0,1,0,25,22,78,13,30,47,16,30,0,68,19,2
2134,419,6,0,2,1,1,3,1,2,0,25,22,87,16,120,51,18,30,1,70,15,2
2135,419,6,0,2,1,1,3,1,2,0,25,22,87,12,120,55,15,20,1,56,12,2
2136,419,6,0,2,1,1,3,1,2,0,25,22,72,12,120,53,14,30,0,91,12,2
2137,419,6,0,2,1,1,3,1,2,0,25,22,77,12,60,55,15,10,0,91,19,2
2138,419,6,0,2,1,1,3,1,2,0,25,22,77,13,120,55,16,30,0,56,19,3
2139,419,6,0,2,1,1,3,1,2,0,25,22,72,16,60,53,19,10,1,70,12,3
2140,419,6,0,2,1,1,3,1,2,0,25,22,72,13,60,55,16,20,1,91,15,2
2141,419,6,0,2,1,1,3,1,2,0,25,22,77,16,30,55,23,20,1,70,19,3
2142,419,6,0,2,1,1,3,1,2,0,25,22,72,13,120,51,16,20,0,70,19,2
2143,420,6,1,2,2,1,1,1,4,0,1,2,143,49,120,63,51,30,1,90,25,3
2144,420,6,1,2,2,1,1,1,4,0,1,2,110,37,120,66,42,30,0,117,20,2
2145,420,6,1,2,2,1,1,1,4,0,1,2,143,37,120,70,44,20,1,72,20,3
2146,420,6,1,2,2,1,1,1,4,0,1,2,121,37,60,70,44,10,0,117,32,2
2147,420,6,1,2,2,1,1,1,4,0,1,2,121,41,120,70,46,30,0,72,32,2
2148,420,6,1,2,2,1,1,1,4,0,1,2,110,41,60,70,46,20,1,117,25,2
2149,420,6,1,2,2,1,1,1,4,0,1,2,110,49,60,66,53,10,1,90,20,2
2150,420,6,1,2,2,1,1,1,4,0,1,2,110,41,120,63,47,20,0,90,32,2
2151,420,6,1,2,2,1,1,1,4,0,1,2,121,49,30,70,60,20,1,90,32,3
2152,421,6,1,6,2,1,3,1,3,1,2,1,132,5040,120,77,5460,20,0,117,50,1
2153,421,6,1,6,2,1,3,1,3,1,2,1,121,5040,30,74,5040,10,0,117,65,2
2154,421,6,1,6,2,1,3,1,3,1,2,1,153,5040,60,81,6720,30,0,117,40,3
2155,421,6,1,6,2,1,3,1,3,1,2,1,121,4200,30,77,6720,20,0,72,40,3
2156,421,6,1,6,2,1,3,1,3,1,2,1,153,3780,60,77,5040,20,0,90,65,1
2157,421,6,1,6,2,1,3,1,3,1,2,1,132,3780,120,74,6720,10,0,90,40,3
2158,421,6,1,6,2,1,3,1,3,1,2,1,121,5040,120,81,6720,10,0,72,50,1
2159,421,6,1,6,2,1,3,1,3,1,2,1,121,3780,30,81,5460,30,0,90,50,1
2160,421,6,1,6,2,1,3,1,3,1,2,1,153,4200,60,74,5460,10,0,72,50,3
2161,422,6,1,6,2,1,3,1,3,1,2,22,96,4200,30,31,5040,10,0,70,112,2
2162,422,6,1,6,2,1,3,1,3,1,2,22,96,4200,120,27,6720,10,1,91,182,2
2163,422,6,1,6,2,1,3,1,3,1,2,22,96,3780,30,24,6720,20,0,91,140,2
2164,422,6,1,6,2,1,3,1,3,1,2,22,75,3780,60,24,6720,30,1,56,182,2
2165,422,6,1,6,2,1,3,1,3,1,2,22,82,4200,30,24,5460,30,1,91,112,2
2166,422,6,1,6,2,1,3,1,3,1,2,22,82,3780,30,27,5040,10,1,56,140,2
2167,422,6,1,6,2,1,3,1,3,1,2,22,82,5040,60,24,5040,20,0,56,112,2
2168,422,6,1,6,2,1,3,1,3,1,2,22,96,5040,30,27,5460,30,0,56,182,2
2169,422,6,1,6,2,1,3,1,3,1,2,22,82,4200,60,27,6720,30,0,70,140,2
2170,424,7,0,1,1,0,4,0,2,0,2,1,110,43,120,35,48,30,1,80,45,2
2171,424,7,0,1,1,0,4,0,2,0,2,1,85,32,120,38,38,30,0,104,36,2
2172,424,7,0,1,1,0,4,0,2,0,2,1,110,32,120,42,42,20,1,64,36,2
2173,424,7,0,1,1,0,4,0,2,0,2,1,93,32,60,42,42,10,0,104,58,2
2174,424,7,0,1,1,0,4,0,2,0,2,1,93,36,120,42,42,30,0,64,58,2
2175,424,7,0,1,1,0,4,0,2,0,2,1,85,36,60,42,42,20,1,104,45,2
2176,424,7,0,1,1,0,4,0,2,0,2,1,85,43,60,38,50,10,1,80,36,2
2177,424,7,0,1,1,0,4,0,2,0,2,1,85,36,120,35,45,20,0,80,58,2
2178,424,7,0,1,1,0,4,0,2,0,2,1,93,43,30,42,57,20,1,80,58,2
2179,425,7,0,1,1,1,1,0,1,0,20,19,190,66,30,119,72,10,0,180,68,2
2180,425,7,0,1,1,1,1,0,1,0,20,19,190,66,120,115,80,10,1,234,110,2
2181,425,7,0,1,1,1,1,0,1,0,20,19,190,59,30,112,72,20,0,234,85,2
2182,425,7,0,1,1,1,1,0,1,0,20,19,160,59,60,112,72,30,1,144,110,1
2183,425,7,0,1,1,1,1,0,1,0,20,19,170,66,30,112,74,30,1,234,68,1
2184,425,7,0,1,1,1,1,0,1,0,20,19,170,59,30,115,66,10,1,144,85,1
2185,425,7,0,1,1,1,1,0,1,0,20,19,170,79,60,112,82,20,0,144,68,2
2186,425,7,0,1,1,1,1,0,1,0,20,19,190,79,30,115,86,30,0,144,110,2
2187,425,7,0,1,1,1,1,0,1,0,20,19,170,66,60,115,80,30,0,180,85,1
2188,426,7,0,1,1,1,1,1,1,0,1,2,134,40,30,63,45,10,0,90,48,2
2189,426,7,0,1,1,1,1,1,1,0,1,2,134,36,30,56,49,20,0,117,60,2
2190,426,7,0,1,1,1,1,1,1,0,1,2,134,40,120,59,53,10,1,117,78,2
2191,426,7,0,1,1,1,1,1,1,0,1,2,104,36,60,56,49,30,1,72,78,2
2192,426,7,0,1,1,1,1,1,1,0,1,2,114,40,30,56,46,30,1,117,48,2
2193,426,7,0,1,1,1,1,1,1,0,1,2,114,36,30,59,42,10,1,72,60,2
2194,426,7,0,1,1,1,1,1,1,0,1,2,114,48,60,56,50,20,0,72,48,2
2195,426,7,0,1,1,1,1,1,1,0,1,2,134,48,30,59,53,30,0,72,78,2
2196,426,7,0,1,1,1,1,1,1,0,1,2,114,40,60,59,53,30,0,90,60,2
2197,428,7,0,1,3,1,4,0,3,0,25,2,151,48,120,49,50,30,1,110,80,2
2198,428,7,0,1,3,1,4,0,3,0,25,2,119,36,120,54,42,30,0,143,64,2
2199,428,7,0,1,3,1,4,0,3,0,25,2,151,36,120,60,43,20,1,88,64,2
2200,428,7,0,1,3,1,4,0,3,0,25,2,130,36,60,60,43,10,0,143,104,2
2201,428,7,0,1,3,1,4,0,3,0,25,2,130,40,120,60,45,30,0,88,104,2
2202,428,7,0,1,3,1,4,0,3,0,25,2,119,40,60,60,45,20,1,143,80,2
2203,428,7,0,1,3,1,4,0,3,0,25,2,119,48,60,54,53,10,1,110,64,2
2204,428,7,0,1,3,1,4,0,3,0,25,2,119,40,120,49,46,20,0,110,104,2
2205,428,7,0,1,3,1,4,0,3,0,25,2,130,48,30,60,62,20,1,110,104,2
2206,429,7,0,3,1,1,2,0,2,0,2,9,151,100,120,71,103,30,1,90,60,2
2207,429,7,0,3,1,1,2,0,2,0,2,9,118,75,120,74,86,30,0,117,48,2
2208,429,7,0,3,1,1,2,0,2,0,2,9,151,75,120,78,90,20,1,72,48,2
2209,429,7,0,3,1,1,2,0,2,0,2,9,129,75,60,78,90,10,0,117,78,2
2210,429,7,0,3,1,1,2,0,2,0,2,9,129,83,120,78,91,30,0,72,78,2
2211,429,7,0,3,1,1,2,0,2,0,2,9,118,83,60,78,91,20,1,117,60,2
2212,429,7,0,3,1,1,2,0,2,0,2,9,118,100,60,74,108,10,1,90,48,2
2213,429,7,0,3,1,1,2,0,2,0,2,9,118,83,120,71,95,20,0,90,78,2
2214,429,7,0,3,1,1,2,0,2,0,2,9,129,100,30,78,123,20,1,90,78,2
2215,430,7,0,3,2,0,3,0,2,0,25,10,126,68,30,98,71,10,0,100,120,2
2216,430,7,0,3,2,0,3,0,2,0,25,10,126,68,120,96,83,10,1,130,195,2
2217,430,7,0,3,2,0,3,0,2,0,25,10,126,61,30,94,76,20,0,130,150,2
2218,430,7,0,3,2,0,3,0,2,0,25,10,97,61,60,94,76,30,1,80,195,3
2219,430,7,0,3,2,0,3,0,2,0,25,10,107,68,30,94,76,30,1,130,120,1
2220,430,7,0,3,2,0,3,0,2,0,25,10,107,61,30,96,65,10,1,80,150,2
2221,430,7,0,3,2,0,3,0,2,0,25,10,107,82,60,94,83,20,0,80,120,3
2222,430,7,0,3,2,0,3,0,2,0,25,10,126,82,30,96,86,30,0,80,195,3
2223,430,7,0,3,2,0,3,0,2,0,25,10,107,68,60,96,83,30,0,100,150,3
2224,431,7,0,6,1,1,2,1,1,1,1,17,146,3120,120,71,3120,30,1,90,40,2
2225,431,7,0,6,1,1,2,1,1,1,1,17,146,2340,120,78,3380,20,1,72,32,2
2226,431,7,0,6,1,1,2,1,1,1,1,17,117,2340,120,74,3120,30,0,117,32,2
2227,431,7,0,6,1,1,2,1,1,1,1,17,127,2340,60,78,3380,10,0,117,52,2
2228,431,7,0,6,1,1,2,1,1,1,1,17,127,2600,120,78,3120,30,0,72,52,2
2229,431,7,0,6,1,1,2,1,1,1,1,17,117,3120,60,74,3380,10,1,90,32,2
2230,431,7,0,6,1,1,2,1,1,1,1,17,117,2600,60,78,3120,20,1,117,40,2
2231,431,7,0,6,1,1,2,1,1,1,1,17,127,3120,30,78,4160,20,1,90,52,2
2232,431,7,0,6,1,1,2,1,1,1,1,17,117,2600,120,71,3380,20,0,90,52,2
2233,432,7,0,6,1,1,1,1,1,1,1,17,126,3120,120,56,3120,30,1,60,35,2
2234,432,7,0,6,1,1,1,1,1,1,1,17,105,2340,120,59,3120,30,0,78,28,1
2235,432,7,0,6,1,1,1,1,1,1,1,17,126,2340,120,63,3380,20,1,48,28,1
2236,432,7,0,6,1,1,1,1,1,1,1,17,112,2340,60,63,3380,10,0,78,45,1
2237,432,7,0,6,1,1,1,1,1,1,1,17,112,2600,120,63,3120,30,0,48,45,1
2238,432,7,0,6,1,1,1,1,1,1,1,17,105,2600,60,63,3120,20,1,78,35,1
2239,432,7,0,6,1,1,1,1,1,1,1,17,105,3120,60,59,3380,10,1,60,28,2
2240,432,7,0,6,1,1,1,1,1,1,1,17,105,2600,120,56,3380,20,0,60,45,1
2241,432,7,0,6,1,1,1,1,1,1,1,17,112,3120,30,63,4160,20,1,60,45,1
2242,436,7,1,1,1,0,2,1,2,0,18,25,331,133,30,160,146,10,0,280,160,2
2243,436,7,1,1,1,0,2,1,2,0,18,25,331,133,120,150,174,10,1,364,260,2
2244,436,7,1,1,1,0,2,1,2,0,18,25,331,120,30,142,161,20,0,364,200,2
2245,436,7,1,1,1,0,2,1,2,0,18,25,253,120,60,142,161,30,1,224,260,2
2246,436,7,1,1,1,0,2,1,2,0,18,25,279,133,30,142,150,30,1,364,160,2
2247,436,7,1,1,1,0,2,1,2,0,18,25,279,120,30,150,137,10,1,224,200,2
2248,436,7,1,1,1,0,2,1,2,0,18,25,279,160,60,142,168,20,0,224,160,2
2249,436,7,1,1,1,0,2,1,2,0,18,25,331,160,30,150,178,30,0,224,260,2
2250,436,7,1,1,1,0,2,1,2,0,18,25,279,133,60,150,174,30,0,280,200,2
2251,437,7,1,3,1,3,3,1,2,0,1,25,267,262,120,91,281,30,1,200,100,1
2252,437,7,1,3,1,3,3,1,2,0,1,25,206,196,120,99,225,30,0,260,80,2
2253,437,7,1,3,1,3,3,1,2,0,1,25,267,196,120,109,245,20,1,160,80,3
2254,437,7,1,3,1,3,3,1,2,0,1,25,226,196,60,109,245,10,0,260,130,2
2255,437,7,1,3,1,3,3,1,2,0,1,25,226,218,120,109,245,30,0,160,130,3
2256,437,7,1,3,1,3,3,1,2,0,1,25,206,218,60,109,245,20,1,260,100,2
2257,437,7,1,3,1,3,3,1,2,0,1,25,206,262,60,99,301,10,1,200,80,3
2258,437,7,1,3,1,3,3,1,2,0,1,25,206,218,120,91,266,20,0,200,130,2
2259,437,7,1,3,1,3,3,1,2,0,1,25,226,262,30,109,357,20,1,200,130,3
2260,439,8,1,3,1,1,3,1,3,0,2,1,121,130,30,52,147,10,0,90,44,2
2261,439,8,1,3,1,1,3,1,3,0,2,1,121,130,120,48,176,10,1,117,71,1
2262,439,8,1,3,1,1,3,1,3,0,2,1,121,117,30,45,162,20,0,117,55,1
2263,439,8,1,3,1,1,3,1,3,0,2,1,94,117,60,45,162,30,1,72,71,1
2264,439,8,1,3,1,1,3,1,3,0,2,1,103,130,30,45,153,30,1,117,44,2
2265,439,8,1,3,1,1,3,1,3,0,2,1,103,117,30,48,136,10,1,72,55,2
2266,439,8,1,3,1,1,3,1,3,0,2,1,103,156,60,45,162,20,0,72,44,2
2267,439,8,1,3,1,1,3,1,3,0,2,1,121,156,30,48,169,30,0,72,71,2
2268,439,8,1,3,1,1,3,1,3,0,2,1,103,130,60,48,176,30,0,90,55,1
2269,440,9,0,2,1,1,2,0,1,0,23,25,110,18,30,71,20,10,0,90,16,2
2270,440,9,0,2,1,1,2,0,1,0,23,25,110,16,30,67,21,20,0,117,20,2
2271,440,9,0,2,1,1,2,0,1,0,23,25,110,18,120,69,23,10,1,117,26,2
2272,440,9,0,2,1,1,2,0,1,0,23,25,85,16,60,67,21,30,1,72,26,2
2273,440,9,0,2,1,1,2,0,1,0,23,25,93,18,30,67,20,30,1,117,16,2
2274,440,9,0,2,1,1,2,0,1,0,23,25,93,22,60,67,23,20,0,72,16,2
2275,440,9,0,2,1,1,2,0,1,0,23,25,93,16,30,69,18,10,1,72,20,2
2276,440,9,0,2,1,1,2,0,1,0,23,25,93,18,60,69,23,30,0,90,20,2
2277,440,9,0,2,1,1,2,0,1,0,23,25,110,22,30,69,24,30,0,72,26,2
2278,442,1,0,1,0,0,4,1,0,0,22,2,103,30,120,31,34,30,0,70,40,2
2279,442,1,0,1,0,0,4,1,0,0,22,2,82,22,120,34,26,30,0,91,32,2
2280,442,1,0,1,0,0,4,1,0,0,22,2,103,22,120,38,28,20,0,56,32,3
2281,442,1,0,1,0,0,4,1,0,0,22,2,89,22,60,38,28,10,0,91,52,2
2282,442,1,0,1,0,0,4,1,0,0,22,2,89,25,120,38,29,30,0,56,52,2
2283,442,1,0,1,0,0,4,1,0,0,22,2,82,25,60,38,29,20,0,91,40,2
2284,442,1,0,1,0,0,4,1,0,0,22,2,82,30,60,34,38,10,0,70,32,2
2285,442,1,0,1,0,0,4,1,0,0,22,2,82,25,120,31,32,20,0,70,52,2
2286,442,1,0,1,0,0,4,1,0,0,22,2,89,30,30,38,43,20,0,70,52,2
2287,443,1,0,1,1,0,2,1,1,0,22,17,271,79,120,104,94,20,0,299,145,2
2288,443,1,0,1,1,0,2,1,1,0,22,17,245,79,30,95,88,10,0,299,188,2
2289,443,1,0,1,1,0,2,1,1,0,22,17,323,79,60,116,110,30,0,299,116,2
2290,443,1,0,1,1,0,2,1,1,0,22,17,245,66,30,104,94,20,0,184,116,3
2291,443,1,0,1,1,0,2,1,1,0,22,17,323,59,60,104,72,20,0,230,188,2
2292,443,1,0,1,1,0,2,1,1,0,22,17,271,59,120,95,86,10,0,230,116,2
2293,443,1,0,1,1,0,2,1,1,0,22,17,245,79,120,116,110,10,0,184,145,3
2294,443,1,0,1,1,0,2,1,1,0,22,17,245,59,30,116,74,30,0,230,145,2
2295,443,1,0,1,1,0,2,1,1,0,22,17,323,66,60,95,80,10,0,184,145,3
2296,444,1,0,1,1,0,2,1,2,0,22,2,126,31,120,47,38,30,0,70,45,2
2297,444,1,0,1,1,0,2,1,2,0,22,2,94,23,120,50,28,30,0,91,36,2
2298,444,1,0,1,1,0,2,1,2,0,22,2,126,23,120,54,31,20,0,56,36,2
2299,444,1,0,1,1,0,2,1,2,0,22,2,105,23,60,54,31,10,0,91,58,2
2300,444,1,0,1,1,0,2,1,2,0,22,2,105,26,120,54,32,30,0,56,58,2
2301,444,1,0,1,1,0,2,1,2,0,22,2,94,26,60,54,32,20,0,91,45,2
2302,444,1,0,1,1,0,2,1,2,0,22,2,94,31,60,50,40,10,0,70,36,2
2303,444,1,0,1,1,0,2,1,2,0,22,2,94,26,120,47,34,20,0,70,58,2
2304,444,1,0,1,1,0,2,1,2,0,22,2,105,31,30,54,45,20,0,70,58,2
2305,445,1,0,1,1,0,3,0,1,0,25,22,54,19,120,30,25,20,0,65,30,2
2306,445,1,0,1,1,0,3,0,1,0,25,22,51,19,30,28,22,10,0,65,39,2
2307,445,1,0,1,1,0,3,0,1,0,25,22,61,19,60,32,31,30,0,65,24,1
2308,445,1,0,1,1,0,3,0,1,0,25,22,51,16,30,30,26,20,0,40,24,1
2309,445,1,0,1,1,0,3,0,1,0,25,22,61,14,60,30,18,20,0,50,39,2
2310,445,1,0,1,1,0,3,0,1,0,25,22,54,14,120,28,22,10,0,50,24,2
2311,445,1,0,1,1,0,3,0,1,0,25,22,51,19,120,32,31,10,0,40,30,1
2312,445,1,0,1,1,0,3,0,1,0,25,22,51,14,30,32,19,30,0,50,30,1
2313,445,1,0,1,1,0,3,0,1,0,25,22,61,16,60,28,21,10,0,40,30,2
2314,446,1,0,1,1,0,3,0,2,0,22,2,110,31,120,55,40,20,0,91,40,2
2315,446,1,0,1,1,0,3,0,2,0,22,2,99,31,30,52,36,10,0,91,52,2
2316,446,1,0,1,1,0,3,0,2,0,22,2,132,31,60,59,45,30,0,91,32,3
2317,446,1,0,1,1,0,3,0,2,0,22,2,99,26,30,55,40,20,0,56,32,3
2318,446,1,0,1,1,0,3,0,2,0,22,2,132,23,60,55,28,20,0,70,52,2
2319,446,1,0,1,1,0,3,0,2,0,22,2,110,23,120,52,36,10,0,70,32,2
2320,446,1,0,1,1,0,3,0,2,0,22,2,99,31,120,59,45,10,0,56,40,2
2321,446,1,0,1,1,0,3,0,2,0,22,2,99,23,30,59,29,30,0,70,40,2
2322,446,1,0,1,1,0,3,0,2,0,22,2,132,26,60,52,32,10,0,56,40,2
2323,447,1,0,1,1,0,4,1,3,0,2,22,104,31,120,49,40,20,0,104,40,2
2324,447,1,0,1,1,0,4,1,3,0,2,22,97,31,30,46,36,10,0,104,52,2
2325,447,1,0,1,1,0,4,1,3,0,2,22,118,31,60,53,45,30,0,104,32,2
2326,447,1,0,1,1,0,4,1,3,0,2,22,97,26,30,49,40,20,0,64,32,2
2327,447,1,0,1,1,0,4,1,3,0,2,22,118,23,60,49,28,20,0,80,52,2
2328,447,1,0,1,1,0,4,1,3,0,2,22,104,23,120,46,36,10,0,80,32,2
2329,447,1,0,1,1,0,4,1,3,0,2,22,97,31,120,53,45,10,0,64,40,2
2330,447,1,0,1,1,0,4,1,3,0,2,22,97,23,30,53,29,30,0,80,40,2
2331,447,1,0,1,1,0,4,1,3,0,2,22,118,26,60,46,32,10,0,64,40,2
2332,448,1,0,1,1,1,2,1,2,0,22,2,138,35,30,66,38,10,0,100,48,3
2333,448,1,0,1,1,1,2,1,2,0,22,2,138,35,120,62,45,10,0,130,78,2
2334,448,1,0,1,1,1,2,1,2,0,22,2,138,31,30,59,42,20,0,130,60,2
2335,448,1,0,1,1,1,2,1,2,0,22,2,106,31,60,59,42,30,0,80,78,3
2336,448,1,0,1,1,1,2,1,2,0,22,2,117,35,30,59,40,30,0,130,48,2
2337,448,1,0,1,1,1,2,1,2,0,22,2,117,31,30,62,35,10,0,80,60,3
2338,448,1,0,1,1,1,2,1,2,0,22,2,117,42,60,59,45,20,0,80,48,3
2339,448,1,0,1,1,1,2,1,2,0,22,2,138,42,30,62,46,30,0,80,78,3
2340,448,1,0,1,1,1,2,1,2,0,22,2,117,35,60,62,45,30,0,100,60,2
2341,449,1,0,1,1,1,2,1,2,0,22,14,299,70,120,135,74,30,0,180,100,2
2342,449,1,0,1,1,1,2,1,2,0,22,14,224,52,120,141,62,30,0,234,80,2
2343,449,1,0,1,1,1,2,1,2,0,22,14,299,52,120,149,64,20,0,144,80,3
2344,449,1,0,1,1,1,2,1,2,0,22,14,249,52,60,149,64,10,0,234,130,2
2345,449,1,0,1,1,1,2,1,2,0,22,14,249,58,120,149,66,30,0,144,130,3
2346,449,1,0,1,1,1,2,1,2,0,22,14,224,58,60,149,66,20,0,234,100,2
2347,449,1,0,1,1,1,2,1,2,0,22,14,224,70,60,141,78,10,0,180,80,3
2348,449,1,0,1,1,1,2,1,2,0,22,14,224,58,120,135,70,20,0,180,130,3
2349,449,1,0,1,1,1,2,1,2,0,22,14,249,70,30,149,91,20,0,180,130,3
2350,450,1,0,1,1,1,3,0,2,0,1,2,119,50,120,70,54,20,0,130,60,2
2351,450,1,0,1,1,1,3,0,2,0,1,2,107,50,30,67,52,10,0,130,78,2
2352,450,1,0,1,1,1,3,0,2,0,1,2,143,50,60,74,62,30,0,130,48,2
2353,450,1,0,1,1,1,3,0,2,0,1,2,107,42,30,70,54,20,0,80,48,2
2354,450,1,0,1,1,1,3,0,2,0,1,2,143,38,60,70,43,20,0,100,78,2
2355,450,1,0,1,1,1,3,0,2,0,1,2,119,38,120,67,50,10,0,100,48,2
2356,450,1,0,1,1,1,3,0,2,0,1,2,107,50,120,74,62,10,0,80,60,2
2357,450,1,0,1,1,1,3,0,2,0,1,2,107,38,30,74,45,30,0,100,60,2
2358,450,1,0,1,1,1,3,0,2,0,1,2,143,42,60,67,49,10,0,80,60,2
2359,451,1,0,1,2,0,2,0,1,0,22,17,341,62,30,202,66,10,0,200,100,2
2360,451,1,0,1,2,0,2,0,1,0,22,17,341,62,120,194,80,10,0,260,162,2
2361,451,1,0,1,2,0,2,0,1,0,22,17,341,56,30,188,74,20,0,260,125,2
2362,451,1,0,1,2,0,2,0,1,0,22,17,280,56,60,188,74,30,0,160,162,2
2363,451,1,0,1,2,0,2,0,1,0,22,17,300,62,30,188,70,30,0,260,100,2
2364,451,1,0,1,2,0,2,0,1,0,22,17,300,56,30,194,62,10,0,160,125,2
2365,451,1,0,1,2,0,2,0,1,0,22,17,300,74,60,188,78,20,0,160,100,2
2366,451,1,0,1,2,0,2,0,1,0,22,17,341,74,30,194,80,30,0,160,162,2
2367,451,1,0,1,2,0,2,0,1,0,22,17,300,62,60,194,80,30,0,200,125,2
2368,452,1,0,1,2,0,4,1,3,0,2,1,96,22,30,67,48,10,0,70,32,1
2369,452,1,0,1,2,0,4,1,3,0,2,1,96,22,120,63,56,10,0,91,52,1
2370,452,1,0,1,2,0,4,1,3,0,2,1,96,20,30,60,52,20,0,91,40,1
2371,452,1,0,1,2,0,4,1,3,0,2,1,75,20,60,60,52,30,0,56,52,1
2372,452,1,0,1,2,0,4,1,3,0,2,1,82,22,30,60,50,30,0,91,32,1
2373,452,1,0,1,2,0,4,1,3,0,2,1,82,20,30,63,45,10,0,56,40,1
2374,452,1,0,1,2,0,4,1,3,0,2,1,82,26,60,60,53,20,0,56,32,1
2375,452,1,0,1,2,0,4,1,3,0,2,1,96,26,30,63,56,30,0,56,52,1
2376,452,1,0,1,2,0,4,1,3,0,2,1,82,22,60,63,56,30,0,70,40,1
2377,453,1,0,1,2,1,2,0,2,0,25,1,200,74,120,71,82,20,0,325,160,2
2378,453,1,0,1,2,1,2,0,2,0,25,1,182,74,30,63,78,10,0,325,208,2
2379,453,1,0,1,2,1,2,0,2,0,25,1,236,74,60,81,99,30,0,325,128,2
2380,453,1,0,1,2,1,2,0,2,0,25,1,182,62,30,71,86,20,0,200,128,2
2381,453,1,0,1,2,1,2,0,2,0,25,1,236,56,60,71,64,20,0,250,208,2
2382,453,1,0,1,2,1,2,0,2,0,25,1,200,56,120,63,78,10,0,250,128,2
2383,453,1,0,1,2,1,2,0,2,0,25,1,182,74,120,81,99,10,0,200,160,2
2384,453,1,0,1,2,1,2,0,2,0,25,1,182,56,30,81,66,30,0,250,160,2
2385,453,1,0,1,2,1,2,0,2,0,25,1,236,62,60,63,72,10,0,200,160,2
2386,454,1,0,1,3,0,2,0,2,0,22,1,193,62,120,50,66,30,0,200,115,2
2387,454,1,0,1,3,0,2,0,2,0,22,1,150,47,120,56,53,30,0,260,92,2
2388,454,1,0,1,3,0,2,0,2,0,22,1,193,47,120,64,57,20,0,160,92,3
2389,454,1,0,1,3,0,2,0,2,0,22,1,164,47,60,64,57,10,0,260,149,3
2390,454,1,0,1,3,0,2,0,2,0,22,1,164,52,120,64,57,30,0,160,149,3
2391,454,1,0,1,3,0,2,0,2,0,22,1,150,52,60,64,57,20,0,260,115,3
2392,454,1,0,1,3,0,2,0,2,0,22,1,150,62,60,56,70,10,0,200,92,2
2393,454,1,0,1,3,0,2,0,2,0,22,1,150,52,120,50,62,20,0,200,149,2
2394,454,1,0,1,3,0,2,0,2,0,22,1,164,62,30,64,82,20,0,200,149,3
2395,455,1,0,1,3,0,4,1,2,0,25,2,146,40,30,55,45,10,0,120,56,3
2396,455,1,0,1,3,0,4,1,2,0,25,2,146,40,120,49,53,10,0,156,91,2
2397,455,1,0,1,3,0,4,1,2,0,25,2,146,36,30,44,50,20,0,156,70,2
2398,455,1,0,1,3,0,4,1,2,0,25,2,114,36,60,44,50,30,0,96,91,3
2399,455,1,0,1,3,0,4,1,2,0,25,2,125,40,30,44,46,30,0,156,56,3
2400,455,1,0,1,3,0,4,1,2,0,25,2,125,36,30,49,42,10,0,96,70,2
2401,455,1,0,1,3,0,4,1,2,0,25,2,125,48,60,44,50,20,0,96,56,3
2402,455,1,0,1,3,0,4,1,2,0,25,2,146,48,30,49,53,30,0,96,91,2
2403,455,1,0,1,3,0,4,1,2,0,25,2,125,40,60,49,53,30,0,120,70,2
2404,456,1,0,3,1,0,2,1,2,0,25,10,120,63,30,94,70,10,0,90,44,3
2405,456,1,0,3,1,0,2,1,2,0,25,10,120,63,120,92,80,10,0,117,71,2
2406,456,1,0,3,1,0,2,1,2,0,25,10,120,57,30,90,76,20,0,117,55,2
2407,456,1,0,3,1,0,2,1,2,0,25,10,95,57,60,90,76,30,0,72,71,3
2408,456,1,0,3,1,0,2,1,2,0,25,10,103,63,30,90,71,30,0,117,44,3
2409,456,1,0,3,1,0,2,1,2,0,25,10,103,57,30,92,63,10,0,72,55,3
2410,456,1,0,3,1,0,2,1,2,0,25,10,103,76,60,90,83,20,0,72,44,3
2411,456,1,0,3,1,0,2,1,2,0,25,10,120,76,30,92,83,30,0,72,71,3
2412,456,1,0,3,1,0,2,1,2,0,25,10,103,63,60,92,80,30,0,90,55,3
2413,457,1,0,3,1,0,2,1,3,0,22,2,89,60,120,34,76,20,0,91,45,2
2414,457,1,0,3,1,0,2,1,3,0,22,2,82,60,30,31,68,10,0,91,58,1
2415,457,1,0,3,1,0,2,1,3,0,22,2,103,60,60,38,86,30,0,91,36,3
2416,457,1,0,3,1,0,2,1,3,0,22,2,82,50,30,34,76,20,0,56,36,3
2417,457,1,0,3,1,0,2,1,3,0,22,2,103,45,60,34,52,20,0,70,58,2
2418,457,1,0,3,1,0,2,1,3,0,22,2,89,45,120,31,68,10,0,70,36,2
2419,457,1,0,3,1,0,2,1,3,0,22,2,82,60,120,38,86,10,0,56,45,3
2420,457,1,0,3,1,0,2,1,3,0,22,2,82,45,30,38,57,30,0,70,45,2
2421,457,1,0,3,1,0,2,1,3,0,22,2,103,50,60,31,63,10,0,56,45,2
2422,458,1,0,3,1,0,3,1,2,0,2,19,120,96,120,65,106,20,0,130,60,2
2423,458,1,0,3,1,0,3,1,2,0,2,19,109,96,30,62,99,10,0,130,78,2
2424,458,1,0,3,1,0,3,1,2,0,2,19,142,96,60,69,123,30,0,130,48,3
2425,458,1,0,3,1,0,3,1,2,0,2,19,109,80,30,65,106,20,0,80,48,3
2426,458,1,0,3,1,0,3,1,2,0,2,19,142,72,60,65,83,20,0,100,78,2
2427,458,1,0,3,1,0,3,1,2,0,2,19,120,72,120,62,98,10,0,100,48,3
2428,458,1,0,3,1,0,3,1,2,0,2,19,109,96,120,69,123,10,0,80,60,3
2429,458,1,0,3,1,0,3,1,2,0,2,19,109,72,30,69,90,30,0,100,60,2
2430,458,1,0,3,1,0,3,1,2,0,2,19,142,80,60,62,95,10,0,80,60,2
2431,459,1,0,3,1,0,3,1,3,0,22,1,222,111,30,90,123,10,0,170,76,3
2432,459,1,0,3,1,0,3,1,3,0,22,1,222,111,120,82,149,10,0,221,123,2
2433,459,1,0,3,1,0,3,1,3,0,22,1,222,100,30,76,139,20,0,221,95,2
2434,459,1,0,3,1,0,3,1,3,0,22,1,171,100,60,76,139,30,0,136,123,2
2435,459,1,0,3,1,0,3,1,3,0,22,1,188,111,30,76,132,30,0,221,76,2
2436,459,1,0,3,1,0,3,1,3,0,22,1,188,100,30,82,114,10,0,136,95,2
2437,459,1,0,3,1,0,3,1,3,0,22,1,188,133,60,76,144,20,0,136,76,3
2438,459,1,0,3,1,0,3,1,3,0,22,1,222,133,30,82,149,30,0,136,123,3
2439,459,1,0,3,1,0,3,1,3,0,22,1,188,111,60,82,149,30,0,170,95,3
2440,460,1,0,3,1,0,3,1,3,0,25,22,163,43,30,124,50,10,0,40,24,3
2441,460,1,0,3,1,0,3,1,3,0,25,22,163,43,120,122,62,10,0,52,39,3
2442,460,1,0,3,1,0,3,1,3,0,25,22,163,39,30,120,57,20,0,52,30,3
2443,460,1,0,3,1,0,3,1,3,0,25,22,138,39,60,120,57,30,0,32,39,3
2444,460,1,0,3,1,0,3,1,3,0,25,22,146,43,30,120,53,30,0,52,24,3
2445,460,1,0,3,1,0,3,1,3,0,25,22,146,39,30,122,45,10,0,32,30,3
2446,460,1,0,3,1,0,3,1,3,0,25,22,146,52,60,120,58,20,0,32,24,3
2447,460,1,0,3,1,0,3,1,3,0,25,22,163,52,30,122,63,30,0,32,39,3
2448,460,1,0,3,1,0,3,1,3,0,25,22,146,43,60,122,62,30,0,40,30,3
2449,461,1,0,3,1,0,1,1,1,0,22,2,89,60,120,34,76,20,0,91,35,2
2450,461,1,0,3,1,0,1,1,1,0,22,2,82,60,30,31,68,10,0,91,45,2
2451,461,1,0,3,1,0,1,1,1,0,22,2,103,60,60,38,86,30,0,91,28,3
2452,461,1,0,3,1,0,1,1,1,0,22,2,82,50,30,34,76,20,0,56,28,3
2453,461,1,0,3,1,0,1,1,1,0,22,2,103,45,60,34,52,20,0,70,45,2
2454,461,1,0,3,1,0,1,1,1,0,22,2,89,45,120,31,68,10,0,70,28,2
2455,461,1,0,3,1,0,1,1,1,0,22,2,82,60,120,38,86,10,0,56,35,3
2456,461,1,0,3,1,0,1,1,1,0,22,2,82,45,30,38,57,30,0,70,35,2
2457,461,1,0,3,1,0,1,1,1,0,22,2,103,50,60,31,63,10,0,56,35,3
2458,462,1,0,3,1,0,3,0,1,0,2,22,126,62,120,71,76,20,0,91,40,3
2459,462,1,0,3,1,0,3,0,1,0,2,22,114,62,30,68,71,10,0,91,52,3
2460,462,1,0,3,1,0,3,0,1,0,2,22,149,62,60,75,90,30,0,91,32,3
2461,462,1,0,3,1,0,3,0,1,0,2,22,114,52,30,71,80,20,0,56,32,3
2462,462,1,0,3,1,0,3,0,1,0,2,22,149,47,60,71,53,20,0,70,52,3
2463,462,1,0,3,1,0,3,0,1,0,2,22,126,47,120,68,70,10,0,70,32,3
2464,462,1,0,3,1,0,3,0,1,0,2,22,114,62,120,75,90,10,0,56,40,3
2465,462,1,0,3,1,0,3,0,1,0,2,22,114,47,30,75,58,30,0,70,40,3
2466,462,1,0,3,1,0,3,0,1,0,2,22,149,52,60,68,65,10,0,56,40,3
2467,463,1,0,3,1,0,3,1,3,0,22,2,145,64,120,90,80,20,0,91,40,3
2468,463,1,0,3,1,0,3,1,3,0,22,2,138,64,30,87,76,10,0,91,52,2
2469,463,1,0,3,1,0,3,1,3,0,22,2,159,64,60,94,90,30,0,91,32,3
2470,463,1,0,3,1,0,3,1,3,0,22,2,138,53,30,90,80,20,0,56,32,3
2471,463,1,0,3,1,0,3,1,3,0,22,2,159,48,60,90,57,20,0,70,52,2
2472,463,1,0,3,1,0,3,1,3,0,22,2,145,48,120,87,71,10,0,70,32,3
2473,463,1,0,3,1,0,3,1,3,0,22,2,138,64,120,94,90,10,0,56,40,3
2474,463,1,0,3,1,0,3,1,3,0,22,2,138,48,30,94,62,30,0,70,40,2
2475,463,1,0,3,1,0,3,1,3,0,22,2,159,53,60,87,68,10,0,56,40,2
2476,464,1,0,3,1,0,4,1,2,0,2,1,92,84,120,37,98,20,0,117,55,2
2477,464,1,0,3,1,0,4,1,2,0,2,1,85,84,30,34,91,10,0,117,71,2
2478,464,1,0,3,1,0,4,1,2,0,2,1,106,84,60,41,111,30,0,117,44,3
2479,464,1,0,3,1,0,4,1,2,0,2,1,85,70,30,37,98,20,0,72,44,1
2480,464,1,0,3,1,0,4,1,2,0,2,1,106,63,60,37,76,20,0,90,71,2
2481,464,1,0,3,1,0,4,1,2,0,2,1,92,63,120,34,91,10,0,90,44,3
2482,464,1,0,3,1,0,4,1,2,0,2,1,85,84,120,41,111,10,0,72,55,3
2483,464,1,0,3,1,0,4,1,2,0,2,1,85,63,30,41,80,30,0,90,55,1
2484,464,1,0,3,1,0,4,1,2,0,2,1,106,70,60,34,86,10,0,72,55,2
2485,465,1,0,3,1,1,1,1,1,0,25,1,200,148,120,71,165,20,0,273,120,2
2486,465,1,0,3,1,1,1,1,1,0,25,1,182,148,30,63,156,10,0,273,156,2
2487,465,1,0,3,1,1,1,1,1,0,25,1,236,148,60,81,198,30,0,273,96,3
2488,465,1,0,3,1,1,1,1,1,0,25,1,182,123,30,71,172,20,0,168,96,3
2489,465,1,0,3,1,1,1,1,1,0,25,1,236,111,60,71,128,20,0,210,156,2
2490,465,1,0,3,1,1,1,1,1,0,25,1,200,111,120,63,156,10,0,210,96,2
2491,465,1,0,3,1,1,1,1,1,0,25,1,182,148,120,81,198,10,0,168,120,3
2492,465,1,0,3,1,1,1,1,1,0,25,1,182,111,30,81,132,30,0,210,120,2
2493,465,1,0,3,1,1,1,1,1,0,25,1,236,123,60,63,144,10,0,168,120,2
2494,466,1,0,3,1,1,2,1,2,0,2,1,130,100,120,60,103,30,0,100,60,3
2495,466,1,0,3,1,1,2,1,2,0,2,1,103,75,120,63,86,30,0,130,48,2
2496,466,1,0,3,1,1,2,1,2,0,2,1,130,75,120,67,90,20,0,80,48,3
2497,466,1,0,3,1,1,2,1,2,0,2,1,112,75,60,67,90,10,0,130,78,2
2498,466,1,0,3,1,1,2,1,2,0,2,1,112,83,120,67,91,30,0,80,78,3
2499,466,1,0,3,1,1,2,1,2,0,2,1,103,83,60,67,91,20,0,130,60,2
2500,466,1,0,3,1,1,2,1,2,0,2,1,103,100,60,63,108,10,0,100,48,3
2501,466,1,0,3,1,1,2,1,2,0,2,1,103,83,120,60,95,20,0,100,78,3
2502,466,1,0,3,1,1,2,1,2,0,2,1,112,100,30,67,123,20,0,100,78,3
2503,467,1,0,3,1,1,3,0,2,0,1,2,119,91,120,64,103,20,0,130,70,2
2504,467,1,0,3,1,1,3,0,2,0,1,2,108,91,30,61,98,10,0,130,91,2
2505,467,1,0,3,1,1,3,0,2,0,1,2,141,91,60,68,116,30,0,130,56,3
2506,467,1,0,3,1,1,3,0,2,0,1,2,108,76,30,64,103,20,0,80,56,3
2507,467,1,0,3,1,1,3,0,2,0,1,2,141,68,60,64,80,20,0,100,91,2
2508,467,1,0,3,1,1,3,0,2,0,1,2,119,68,120,61,95,10,0,100,56,3
2509,467,1,0,3,1,1,3,0,2,0,1,2,108,91,120,68,116,10,0,80,70,3
2510,467,1,0,3,1,1,3,0,2,0,1,2,108,68,30,68,86,30,0,100,70,2
2511,467,1,0,3,1,1,3,0,2,0,1,2,141,76,60,61,91,10,0,80,70,2
2512,468,1,0,3,1,1,3,1,2,0,22,3,191,103,120,103,103,30,0,140,95,3
2513,468,1,0,3,1,1,3,1,2,0,22,3,146,77,120,106,86,30,0,182,76,3
2514,468,1,0,3,1,1,3,1,2,0,22,3,191,77,120,110,90,20,0,112,76,3
2515,468,1,0,3,1,1,3,1,2,0,22,3,161,77,60,110,90,10,0,182,123,2
2516,468,1,0,3,1,1,3,1,2,0,22,3,161,86,120,110,91,30,0,112,123,3
2517,468,1,0,3,1,1,3,1,2,0,22,3,146,86,60,110,91,20,0,182,95,2
2518,468,1,0,3,1,1,3,1,2,0,22,3,146,103,60,106,106,10,0,140,76,3
2519,468,1,0,3,1,1,3,1,2,0,22,3,146,86,120,103,95,20,0,140,123,2
2520,468,1,0,3,1,1,3,1,2,0,22,3,161,103,30,110,116,20,0,140,123,3
2521,469,1,0,3,2,0,2,1,3,0,25,22,54,40,120,30,50,20,0,65,30,2
2522,469,1,0,3,2,0,2,1,3,0,25,22,51,40,30,28,45,10,0,65,39,2
2523,469,1,0,3,2,0,2,1,3,0,25,22,61,40,60,32,62,30,0,65,24,3
2524,469,1,0,3,2,0,2,1,3,0,25,22,51,33,30,30,52,20,0,40,24,3
2525,469,1,0,3,2,0,2,1,3,0,25,22,61,30,60,30,37,20,0,50,39,2
2526,469,1,0,3,2,0,2,1,3,0,25,22,54,30,120,28,45,10,0,50,24,3
2527,469,1,0,3,2,0,2,1,3,0,25,22,51,40,120,32,62,10,0,40,30,3
2528,469,1,0,3,2,0,2,1,3,0,25,22,51,30,30,32,38,30,0,50,30,2
2529,469,1,0,3,2,0,2,1,3,0,25,22,61,33,60,28,42,10,0,40,30,2
2530,470,1,0,3,2,0,3,1,2,0,22,9,189,133,120,81,149,20,0,221,135,2
2531,470,1,0,3,2,0,3,1,2,0,22,9,171,133,30,75,144,10,0,221,175,2
2532,470,1,0,3,2,0,3,1,2,0,22,9,225,133,60,89,172,30,0,221,108,2
2533,470,1,0,3,2,0,3,1,2,0,22,9,171,111,30,81,149,20,0,136,108,2
2534,470,1,0,3,2,0,3,1,2,0,22,9,225,100,60,81,114,20,0,170,175,2
2535,470,1,0,3,2,0,3,1,2,0,22,9,189,100,120,75,139,10,0,170,108,2
2536,470,1,0,3,2,0,3,1,2,0,22,9,171,133,120,89,172,10,0,136,135,3
2537,470,1,0,3,2,0,3,1,2,0,22,9,171,100,30,89,123,30,0,170,135,3
2538,470,1,0,3,2,0,3,1,2,0,22,9,225,111,60,75,132,10,0,136,135,2
2539,471,1,0,3,2,1,2,1,3,0,22,1,227,106,30,91,123,10,0,170,88,3
2540,471,1,0,3,2,1,2,1,3,0,22,1,227,106,120,83,144,10,0,221,143,2
2541,471,1,0,3,2,1,2,1,3,0,22,1,227,95,30,77,132,20,0,221,110,2
2542,471,1,0,3,2,1,2,1,3,0,22,1,173,95,60,77,132,30,0,136,143,2
2543,471,1,0,3,2,1,2,1,3,0,22,1,191,106,30,77,128,30,0,221,88,2
2544,471,1,0,3,2,1,2,1,3,0,22,1,191,95,30,83,111,10,0,136,110,2
2545,471,1,0,3,2,1,2,1,3,0,22,1,191,127,60,77,139,20,0,136,88,3
2546,471,1,0,3,2,1,2,1,3,0,22,1,227,127,30,83,144,30,0,136,143,2
2547,471,1,0,3,2,1,2,1,3,0,22,1,191,106,60,83,144,30,0,170,110,2
2548,472,1,0,3,2,1,3,1,4,0,2,18,167,130,120,112,139,20,0,221,110,2
2549,472,1,0,3,2,1,3,1,4,0,2,18,151,130,30,109,132,10,0,221,143,2
2550,472,1,0,3,2,1,3,1,4,0,2,18,198,130,60,116,156,30,0,221,88,3
2551,472,1,0,3,2,1,3,1,4,0,2,18,151,108,30,112,132,20,0,136,88,3
2552,472,1,0,3,2,1,3,1,4,0,2,18,198,97,60,112,108,20,0,170,143,2
2553,472,1,0,3,2,1,3,1,4,0,2,18,167,97,120,109,123,10,0,170,88,3
2554,472,1,0,3,2,1,3,1,4,0,2,18,151,130,120,116,156,10,0,136,110,2
2555,472,1,0,3,2,1,3,1,4,0,2,18,151,97,30,116,111,30,0,170,110,2
2556,472,1,0,3,2,1,3,1,4,0,2,18,198,108,60,109,123,10,0,136,110,2
2557,473,1,0,3,3,0,3,1,3,0,22,21,388,193,120,280,210,20,0,299,165,2
2558,473,1,0,3,3,0,3,1,3,0,22,21,355,193,30,274,198,10,0,299,214,2
2559,473,1,0,3,3,0,3,1,3,0,22,21,454,193,60,288,231,30,0,299,132,3
2560,473,1,0,3,3,0,3,1,3,0,22,21,355,161,30,280,198,20,0,184,132,3
2561,473,1,0,3,3,0,3,1,3,0,22,21,454,145,60,280,161,20,0,230,214,2
2562,473,1,0,3,3,0,3,1,3,0,22,21,388,145,120,274,182,10,0,230,132,3
2563,473,1,0,3,3,0,3,1,3,0,22,21,355,193,120,288,231,10,0,184,165,3
2564,473,1,0,3,3,0,3,1,3,0,22,21,355,145,30,288,165,30,0,230,165,2
2565,473,1,0,3,3,0,3,1,3,0,22,21,454,161,60,274,182,10,0,184,165,3
2566,474,1,0,3,3,0,5,0,1,0,22,2,118,53,30,51,63,10,0,70,32,3
2567,474,1,0,3,3,0,5,0,1,0,22,2,118,53,120,47,80,10,0,91,52,3
2568,474,1,0,3,3,0,5,0,1,0,22,2,118,48,30,44,71,20,0,91,40,1
2569,474,1,0,3,3,0,5,0,1,0,22,2,94,48,60,44,71,30,0,56,52,3
2570,474,1,0,3,3,0,5,0,1,0,22,2,102,53,30,44,68,30,0,91,32,3
2571,474,1,0,3,3,0,5,0,1,0,22,2,102,48,30,47,57,10,0,56,40,2
2572,474,1,0,3,3,0,5,0,1,0,22,2,102,64,60,44,76,20,0,56,32,3
2573,474,1,0,3,3,0,5,0,1,0,22,2,118,64,30,47,80,30,0,56,52,3
2574,474,1,0,3,3,0,5,0,1,0,22,2,102,53,60,47,80,30,0,70,40,3
2575,475,1,0,3,3,0,3,0,2,0,25,2,146,80,30,55,90,10,0,110,64,2
2576,475,1,0,3,3,0,3,0,2,0,25,2,146,80,120,49,106,10,0,143,104,2
2577,475,1,0,3,3,0,3,0,2,0,25,2,146,72,30,44,99,20,0,143,80,2
2578,475,1,0,3,3,0,3,0,2,0,25,2,114,72,60,44,99,30,0,88,104,2
2579,475,1,0,3,3,0,3,0,2,0,25,2,125,80,30,44,91,30,0,143,64,2
2580,475,1,0,3,3,0,3,0,2,0,25,2,125,72,30,49,83,10,0,88,80,3
2581,475,1,0,3,3,0,3,0,2,0,25,2,125,96,60,44,99,20,0,88,64,3
2582,475,1,0,3,3,0,3,0,2,0,25,2,146,96,30,49,106,30,0,88,104,3
2583,475,1,0,3,3,0,3,0,2,0,25,2,125,80,60,49,106,30,0,110,80,3
2584,476,1,0,3,3,0,4,1,2,0,25,19,1022,137,120,785,144,30,0,200,130,2
2585,476,1,0,3,3,0,4,1,2,0,25,19,788,103,120,790,114,30,0,260,104,2
2586,476,1,0,3,3,0,4,1,2,0,25,19,1022,103,120,796,123,20,0,160,104,2
2587,476,1,0,3,3,0,4,1,2,0,25,19,866,103,60,796,123,10,0,260,169,2
2588,476,1,0,3,3,0,4,1,2,0,25,19,866,114,120,796,128,30,0,160,169,2
2589,476,1,0,3,3,0,4,1,2,0,25,19,788,114,60,796,128,20,0,260,130,2
2590,476,1,0,3,3,0,4,1,2,0,25,19,788,137,60,790,149,10,0,200,104,2
2591,476,1,0,3,3,0,4,1,2,0,25,19,788,114,120,785,128,20,0,200,169,2
2592,476,1,0,3,3,0,4,1,2,0,25,19,866,137,30,796,165,20,0,200,169,2
2593,477,1,1,1,1,0,2,0,2,0,22,2,175,89,120,120,90,20,0,130,60,3
2594,477,1,1,1,1,0,2,0,2,0,22,2,160,89,30,117,88,10,0,130,78,2
2595,477,1,1,1,1,0,2,0,2,0,22,2,205,89,60,124,97,30,0,130,48,3
2596,477,1,1,1,1,0,2,0,2,0,22,2,160,74,30,120,88,20,0,80,48,3
2597,477,1,1,1,1,0,2,0,2,0,22,2,205,67,60,120,74,20,0,100,78,2
2598,477,1,1,1,1,0,2,0,2,0,22,2,175,67,120,117,81,10,0,100,48,3
2599,477,1,1,1,1,0,2,0,2,0,22,2,160,89,120,124,97,10,0,80,60,3
2600,477,1,1,1,1,0,2,0,2,0,22,2,160,67,30,124,76,30,0,100,60,3
2601,477,1,1,1,1,0,2,0,2,0,22,2,205,74,60,117,81,10,0,80,60,3
2602,478,1,1,1,1,0,2,1,3,0,25,1,236,105,30,81,118,10,0,190,132,2
2603,478,1,1,1,1,0,2,1,3,0,25,1,236,105,120,71,146,10,0,247,214,2
2604,478,1,1,1,1,0,2,1,3,0,25,1,236,94,30,63,133,20,0,247,165,2
2605,478,1,1,1,1,0,2,1,3,0,25,1,182,94,60,63,133,30,0,152,214,3
2606,478,1,1,1,1,0,2,1,3,0,25,1,200,105,30,63,122,30,0,247,132,2
2607,478,1,1,1,1,0,2,1,3,0,25,1,200,94,30,71,109,10,0,152,165,3
2608,478,1,1,1,1,0,2,1,3,0,25,1,200,126,60,63,133,20,0,152,132,3
2609,478,1,1,1,1,0,2,1,3,0,25,1,236,126,30,71,140,30,0,152,214,3
2610,478,1,1,1,1,0,2,1,3,0,25,1,200,105,60,71,146,30,0,190,165,2
2611,479,1,1,1,1,0,3,1,2,0,25,22,61,29,30,32,34,10,0,40,24,2
2612,479,1,1,1,1,0,3,1,2,0,25,22,61,29,120,30,44,10,0,52,39,2
2613,479,1,1,1,1,0,3,1,2,0,25,22,61,26,30,28,38,20,0,52,30,2
2614,479,1,1,1,1,0,3,1,2,0,25,22,51,26,60,28,38,30,0,32,39,2
2615,479,1,1,1,1,0,3,1,2,0,25,22,54,29,30,28,36,30,0,52,24,2
2616,479,1,1,1,1,0,3,1,2,0,25,22,54,26,30,30,32,10,0,32,30,2
2617,479,1,1,1,1,0,3,1,2,0,25,22,54,35,60,28,38,20,0,32,24,2
2618,479,1,1,1,1,0,3,1,2,0,25,22,61,35,30,30,42,30,0,32,39,2
2619,479,1,1,1,1,0,3,1,2,0,25,22,54,29,60,30,44,30,0,40,30,2
2620,480,1,1,1,1,0,2,1,2,0,25,1,236,126,120,63,133,30,0,210,125,2
2621,480,1,1,1,1,0,2,1,2,0,25,1,182,94,120,71,109,30,0,273,100,2
2622,480,1,1,1,1,0,2,1,2,0,25,1,236,94,120,81,112,20,0,168,100,2
2623,480,1,1,1,1,0,2,1,2,0,25,1,200,94,60,81,112,10,0,273,162,2
2624,480,1,1,1,1,0,2,1,2,0,25,1,200,105,120,81,118,30,0,168,162,2
2625,480,1,1,1,1,0,2,1,2,0,25,1,182,105,60,81,118,20,0,273,125,2
2626,480,1,1,1,1,0,2,1,2,0,25,1,182,126,60,71,140,10,0,210,100,2
2627,480,1,1,1,1,0,2,1,2,0,25,1,182,105,120,63,122,20,0,210,162,2
2628,480,1,1,1,1,0,2,1,2,0,25,1,200,126,30,81,168,20,0,210,162,2
2629,481,1,1,1,1,0,4,1,3,0,22,25,61,29,30,32,34,10,0,40,28,3
2630,481,1,1,1,1,0,4,1,3,0,22,25,61,29,120,30,44,10,0,52,45,2
2631,481,1,1,1,1,0,4,1,3,0,22,25,61,26,30,28,38,20,0,52,35,2
2632,481,1,1,1,1,0,4,1,3,0,22,25,51,26,60,28,38,30,0,32,45,3
2633,481,1,1,1,1,0,4,1,3,0,22,25,54,29,30,28,36,30,0,52,28,2
2634,481,1,1,1,1,0,4,1,3,0,22,25,54,26,30,30,32,10,0,32,35,3
2635,481,1,1,1,1,0,4,1,3,0,22,25,54,35,60,28,38,20,0,32,28,3
2636,481,1,1,1,1,0,4,1,3,0,22,25,61,35,30,30,42,30,0,32,45,3
2637,481,1,1,1,1,0,4,1,3,0,22,25,54,29,60,30,44,30,0,40,35,3
2638,482,1,1,1,1,1,4,1,3,0,22,1,303,108,120,153,118,30,0,170,110,3
2639,482,1,1,1,1,1,4,1,3,0,22,1,249,81,120,159,94,30,0,221,88,2
2640,482,1,1,1,1,1,4,1,3,0,22,1,303,81,120,167,99,20,0,136,88,3
2641,482,1,1,1,1,1,4,1,3,0,22,1,267,81,60,167,99,10,0,221,143,2
2642,482,1,1,1,1,1,4,1,3,0,22,1,267,90,120,167,105,30,0,136,143,3
2643,482,1,1,1,1,1,4,1,3,0,22,1,249,90,60,167,105,20,0,221,110,2
2644,482,1,1,1,1,1,4,1,3,0,22,1,249,108,60,159,122,10,0,170,88,3
2645,482,1,1,1,1,1,4,1,3,0,22,1,249,90,120,153,109,20,0,170,143,2
2646,482,1,1,1,1,1,4,1,3,0,22,1,267,108,30,167,146,20,0,170,143,2
2647,483,1,1,1,1,1,2,1,2,0,2,1,129,82,120,74,90,20,0,130,70,2
2648,483,1,1,1,1,1,2,1,2,0,2,1,116,82,30,71,84,10,0,130,91,2
2649,483,1,1,1,1,1,2,1,2,0,2,1,155,82,60,78,105,30,0,130,56,2
2650,483,1,1,1,1,1,2,1,2,0,2,1,116,68,30,74,90,20,0,80,56,3
2651,483,1,1,1,1,1,2,1,2,0,2,1,155,61,60,74,71,20,0,100,91,2
2652,483,1,1,1,1,1,2,1,2,0,2,1,129,61,120,71,84,10,0,100,56,2
2653,483,1,1,1,1,1,2,1,2,0,2,1,116,82,120,78,105,10,0,80,70,2
2654,483,1,1,1,1,1,2,1,2,0,2,1,116,61,30,78,74,30,0,100,70,3
2655,483,1,1,1,1,1,2,1,2,0,2,1,155,68,60,71,78,10,0,80,70,2
2656,484,1,1,1,2,0,2,1,3,0,17,1,119,36,30,93,56,10,0,60,24,3
2657,484,1,1,1,2,0,2,1,3,0,17,1,119,36,120,90,68,10,0,78,39,2
2658,484,1,1,1,2,0,2,1,3,0,17,1,119,32,30,88,60,20,0,78,30,2
2659,484,1,1,1,2,0,2,1,3,0,17,1,92,32,60,88,60,30,0,48,39,3
2660,484,1,1,1,2,0,2,1,3,0,17,1,101,36,30,88,58,30,0,78,24,2
2661,484,1,1,1,2,0,2,1,3,0,17,1,101,32,30,90,50,10,0,48,30,3
2662,484,1,1,1,2,0,2,1,3,0,17,1,101,43,60,88,65,20,0,48,24,3
2663,484,1,1,1,2,0,2,1,3,0,17,1,119,43,30,90,68,30,0,48,39,3
2664,484,1,1,1,2,0,2,1,3,0,17,1,101,36,60,90,68,30,0,60,30,3
2665,485,1,1,1,2,0,3,1,2,0,25,2,168,82,120,61,84,30,0,110,75,2
2666,485,1,1,1,2,0,3,1,2,0,25,2,129,61,120,66,71,30,0,143,60,2
2667,485,1,1,1,2,0,3,1,2,0,25,2,168,61,120,72,76,20,0,88,60,3
2668,485,1,1,1,2,0,3,1,2,0,25,2,142,61,60,72,76,10,0,143,97,2
2669,485,1,1,1,2,0,3,1,2,0,25,2,142,68,120,72,76,30,0,88,97,2
2670,485,1,1,1,2,0,3,1,2,0,25,2,129,68,60,72,76,20,0,143,75,2
2671,485,1,1,1,2,0,3,1,2,0,25,2,129,82,60,66,90,10,0,110,60,2
2672,485,1,1,1,2,0,3,1,2,0,25,2,129,68,120,61,81,20,0,110,97,2
2673,485,1,1,1,2,0,3,1,2,0,25,2,142,82,30,72,105,20,0,110,97,3
2674,486,1,1,1,2,0,3,1,3,0,22,1,277,90,30,141,105,10,0,170,100,2
2675,486,1,1,1,2,0,3,1,3,0,22,1,277,90,120,133,127,10,0,221,162,2
2676,486,1,1,1,2,0,3,1,3,0,22,1,277,81,30,127,118,20,0,221,125,2
2677,486,1,1,1,2,0,3,1,3,0,22,1,223,81,60,127,118,30,0,136,162,2
2678,486,1,1,1,2,0,3,1,3,0,22,1,241,90,30,127,109,30,0,221,100,2
2679,486,1,1,1,2,0,3,1,3,0,22,1,241,81,30,133,94,10,0,136,125,2
2680,486,1,1,1,2,0,3,1,3,0,22,1,241,108,60,127,118,20,0,136,100,2
2681,486,1,1,1,2,0,3,1,3,0,22,1,277,108,30,133,122,30,0,136,162,2
2682,486,1,1,1,2,0,3,1,3,0,22,1,241,90,60,133,127,30,0,170,125,2
2683,487,1,1,1,2,0,3,1,3,0,22,1,227,90,30,89,105,10,0,170,84,2
2684,487,1,1,1,2,0,3,1,3,0,22,1,227,90,120,81,122,10,0,221,136,2
2685,487,1,1,1,2,0,3,1,3,0,22,1,227,81,30,75,112,20,0,221,105,2
2686,487,1,1,1,2,0,3,1,3,0,22,1,170,81,60,75,112,30,0,136,136,2
2687,487,1,1,1,2,0,3,1,3,0,22,1,189,90,30,75,109,30,0,221,84,2
2688,487,1,1,1,2,0,3,1,3,0,22,1,189,81,30,81,94,10,0,136,105,2
2689,487,1,1,1,2,0,3,1,3,0,22,1,189,108,60,75,118,20,0,136,84,2
2690,487,1,1,1,2,0,3,1,3,0,22,1,227,108,30,81,122,30,0,136,136,2
2691,487,1,1,1,2,0,3,1,3,0,22,1,189,90,60,81,122,30,0,170,105,2
2692,488,1,1,1,2,0,3,1,3,0,22,2,103,42,30,38,50,10,0,70,36,2
2693,488,1,1,1,2,0,3,1,3,0,22,2,103,42,120,34,65,10,0,91,58,2
2694,488,1,1,1,2,0,3,1,3,0,22,2,103,38,30,31,58,20,0,91,45,2
2695,488,1,1,1,2,0,3,1,3,0,22,2,82,38,60,31,58,30,0,56,58,2
2696,488,1,1,1,2,0,3,1,3,0,22,2,89,42,30,31,54,30,0,91,36,2
2697,488,1,1,1,2,0,3,1,3,0,22,2,89,38,30,34,44,10,0,56,45,2
2698,488,1,1,1,2,0,3,1,3,0,22,2,89,50,60,31,58,20,0,56,36,2
2699,488,1,1,1,2,0,3,1,3,0,22,2,103,50,30,34,65,30,0,56,58,2
2700,488,1,1,1,2,0,3,1,3,0,22,2,89,42,60,34,65,30,0,70,45,2
2701,489,1,1,1,2,0,4,1,2,0,22,9,275,105,30,131,112,10,0,200,108,2
2702,489,1,1,1,2,0,4,1,2,0,22,9,275,105,120,123,137,10,0,260,175,2
2703,489,1,1,1,2,0,4,1,2,0,22,9,275,94,30,117,127,20,0,260,135,2
2704,489,1,1,1,2,0,4,1,2,0,22,9,209,94,60,117,127,30,0,160,175,2
2705,489,1,1,1,2,0,4,1,2,0,22,9,231,105,30,117,122,30,0,260,108,2
2706,489,1,1,1,2,0,4,1,2,0,22,9,231,94,30,123,109,10,0,160,135,2
2707,489,1,1,1,2,0,4,1,2,0,22,9,231,126,60,117,133,20,0,160,108,2
2708,489,1,1,1,2,0,4,1,2,0,22,9,275,126,30,123,137,30,0,160,175,2
2709,489,1,1,1,2,0,4,1,2,0,22,9,231,105,60,123,137,30,0,200,135,2
2710,490,1,1,1,2,0,3,1,3,0,22,1,216,116,120,108,133,20,0,234,115,2
2711,490,1,1,1,2,0,3,1,3,0,22,1,199,116,30,102,122,10,0,234,149,2
2712,490,1,1,1,2,0,3,1,3,0,22,1,250,116,60,116,150,30,0,234,92,3
2713,490,1,1,1,2,0,3,1,3,0,22,1,199,97,30,108,133,20,0,144,92,3
2714,490,1,1,1,2,0,3,1,3,0,22,1,250,87,60,108,99,20,0,180,149,2
2715,490,1,1,1,2,0,3,1,3,0,22,1,216,87,120,102,122,10,0,180,92,2
2716,490,1,1,1,2,0,3,1,3,0,22,1,199,116,120,116,150,10,0,144,115,2
2717,490,1,1,1,2,0,3,1,3,0,22,1,199,87,30,116,105,30,0,180,115,2
2718,490,1,1,1,2,0,3,1,3,0,22,1,250,97,60,102,112,10,0,144,115,3
2719,491,1,1,1,2,0,3,1,2,0,10,1,169,89,120,85,92,30,0,120,70,2
2720,491,1,1,1,2,0,3,1,2,0,10,1,130,67,120,88,76,30,0,156,56,2
2721,491,1,1,1,2,0,3,1,2,0,10,1,169,67,120,92,78,20,0,96,56,3
2722,491,1,1,1,2,0,3,1,2,0,10,1,143,67,60,92,78,10,0,156,91,2
2723,491,1,1,1,2,0,3,1,2,0,10,1,143,74,120,92,81,30,0,96,91,3
2724,491,1,1,1,2,0,3,1,2,0,10,1,130,74,60,92,81,20,0,156,70,2
2725,491,1,1,1,2,0,3,1,2,0,10,1,130,89,60,88,94,10,0,120,56,2
2726,491,1,1,1,2,0,3,1,2,0,10,1,130,74,120,85,84,20,0,120,91,2
2727,491,1,1,1,2,0,3,1,2,0,10,1,143,89,30,92,109,20,0,120,91,2
2728,492,1,1,1,2,1,3,1,3,0,22,1,265,110,120,116,118,30,0,180,105,2
2729,492,1,1,1,2,1,3,1,3,0,22,1,212,83,120,122,97,30,0,234,84,2
2730,492,1,1,1,2,1,3,1,3,0,22,1,265,83,120,130,105,20,0,144,84,3
2731,492,1,1,1,2,1,3,1,3,0,22,1,230,83,60,130,105,10,0,234,136,2
2732,492,1,1,1,2,1,3,1,3,0,22,1,230,92,120,130,105,30,0,144,136,3
2733,492,1,1,1,2,1,3,1,3,0,22,1,212,92,60,130,105,20,0,234,105,2
2734,492,1,1,1,2,1,3,1,3,0,22,1,212,110,60,122,127,10,0,180,84,2
2735,492,1,1,1,2,1,3,1,3,0,22,1,212,92,120,116,109,20,0,180,136,2
2736,492,1,1,1,2,1,3,1,3,0,22,1,230,110,30,130,146,20,0,180,136,2
2737,493,1,1,1,3,0,3,1,3,0,2,1,118,78,120,42,81,30,0,90,60,3
2738,493,1,1,1,3,0,3,1,3,0,2,1,91,58,120,45,68,30,0,117,48,2
2739,493,1,1,1,3,0,3,1,3,0,2,1,118,58,120,49,71,20,0,72,48,3
2740,493,1,1,1,3,0,3,1,3,0,2,1,100,58,60,49,71,10,0,117,78,2
2741,493,1,1,1,3,0,3,1,3,0,2,1,100,65,120,49,71,30,0,72,78,3
2742,493,1,1,1,3,0,3,1,3,0,2,1,91,65,60,49,71,20,0,117,60,2
2743,493,1,1,1,3,0,3,1,3,0,2,1,91,78,60,45,84,10,0,90,48,3
2744,493,1,1,1,3,0,3,1,3,0,2,1,91,65,120,42,76,20,0,90,78,2
2745,493,1,1,1,3,0,3,1,3,0,2,1,100,78,30,49,97,20,0,90,78,2
2746,494,1,1,1,3,0,3,1,3,0,25,12,230,90,30,123,97,10,0,190,124,2
2747,494,1,1,1,3,0,3,1,3,0,25,12,230,90,120,117,112,10,0,247,201,2
2748,494,1,1,1,3,0,3,1,3,0,25,12,230,81,30,112,105,20,0,247,155,2
2749,494,1,1,1,3,0,3,1,3,0,25,12,175,81,60,112,105,30,0,152,201,3
2750,494,1,1,1,3,0,3,1,3,0,25,12,193,90,30,112,99,30,0,247,124,2
2751,494,1,1,1,3,0,3,1,3,0,25,12,193,81,30,117,90,10,0,152,155,2
2752,494,1,1,1,3,0,3,1,3,0,25,12,193,108,60,112,109,20,0,152,124,3
2753,494,1,1,1,3,0,3,1,3,0,25,12,230,108,30,117,112,30,0,152,201,3
2754,494,1,1,1,3,0,3,1,3,0,25,12,193,90,60,117,112,30,0,190,155,2
2755,495,1,1,3,1,0,3,1,2,0,2,1,127,184,120,72,194,20,0,169,70,3
2756,495,1,1,3,1,0,3,1,2,0,2,1,114,184,30,69,184,10,0,169,91,2
2757,495,1,1,3,1,0,3,1,2,0,2,1,152,184,60,76,218,30,0,169,56,3
2758,495,1,1,3,1,0,3,1,2,0,2,1,114,153,30,72,189,20,0,104,56,3
2759,495,1,1,3,1,0,3,1,2,0,2,1,152,138,60,72,153,20,0,130,91,2
2760,495,1,1,3,1,0,3,1,2,0,2,1,127,138,120,69,181,10,0,130,56,3
2761,495,1,1,3,1,0,3,1,2,0,2,1,114,184,120,76,218,10,0,104,70,3
2762,495,1,1,3,1,0,3,1,2,0,2,1,114,138,30,76,162,30,0,130,70,3
2763,495,1,1,3,1,0,3,1,2,0,2,1,152,153,60,69,169,10,0,104,70,3
2764,496,1,1,3,1,0,3,1,3,0,22,1,154,200,120,99,218,20,0,182,95,3
2765,496,1,1,3,1,0,3,1,3,0,22,1,140,200,30,96,210,10,0,182,123,2
2766,496,1,1,3,1,0,3,1,3,0,22,1,183,200,60,103,237,30,0,182,76,3
2767,496,1,1,3,1,0,3,1,3,0,22,1,140,167,30,99,210,20,0,112,76,3
2768,496,1,1,3,1,0,3,1,3,0,22,1,183,150,60,99,169,20,0,140,123,2
2769,496,1,1,3,1,0,3,1,3,0,22,1,154,150,120,96,194,10,0,140,76,3
2770,496,1,1,3,1,0,3,1,3,0,22,1,140,200,120,103,237,10,0,112,95,3
2771,496,1,1,3,1,0,3,1,3,0,22,1,140,150,30,103,176,30,0,140,95,3
2772,496,1,1,3,1,0,3,1,3,0,22,1,183,167,60,96,184,10,0,112,95,3
2773,497,1,1,3,1,1,3,1,3,0,17,13,255,153,30,176,162,10,0,140,64,3
2774,497,1,1,3,1,1,3,1,3,0,17,13,255,153,120,172,176,10,0,182,104,3
2775,497,1,1,3,1,1,3,1,3,0,17,13,255,138,30,169,167,20,0,182,80,3
2776,497,1,1,3,1,1,3,1,3,0,17,13,198,138,60,169,167,30,0,112,104,3
2777,497,1,1,3,1,1,3,1,3,0,17,13,217,153,30,169,162,30,0,182,64,3
2778,497,1,1,3,1,1,3,1,3,0,17,13,217,138,30,172,153,10,0,112,80,3
2779,497,1,1,3,1,1,3,1,3,0,17,13,217,184,60,169,181,20,0,112,64,3
2780,497,1,1,3,1,1,3,1,3,0,17,13,255,184,30,172,184,30,0,112,104,3
2781,497,1,1,3,1,1,3,1,3,0,17,13,217,153,60,172,176,30,0,140,80,3
2782,498,1,1,3,1,1,3,0,3,0,25,3,197,211,120,121,225,20,0,234,110,2
2783,498,1,1,3,1,1,3,0,3,0,25,3,178,211,30,116,218,10,0,234,143,2
2784,498,1,1,3,1,1,3,0,3,0,25,3,234,211,60,127,254,30,0,234,88,3
2785,498,1,1,3,1,1,3,0,3,0,25,3,178,176,30,121,225,20,0,144,88,3
2786,498,1,1,3,1,1,3,0,3,0,25,3,234,158,60,121,181,20,0,180,143,2
2787,498,1,1,3,1,1,3,0,3,0,25,3,197,158,120,116,210,10,0,180,88,3
2788,498,1,1,3,1,1,3,0,3,0,25,3,178,211,120,127,254,10,0,144,110,3
2789,498,1,1,3,1,1,3,0,3,0,25,3,178,158,30,127,184,30,0,180,110,2
2790,498,1,1,3,1,1,3,0,3,0,25,3,234,176,60,116,198,10,0,144,110,2
2791,499,1,1,3,2,0,2,1,3,0,22,1,209,211,120,62,225,30,0,170,110,2
2792,499,1,1,3,2,0,2,1,3,0,22,1,159,158,120,68,184,30,0,221,88,2
2793,499,1,1,3,2,0,2,1,3,0,22,1,209,158,120,76,194,20,0,136,88,3
2794,499,1,1,3,2,0,2,1,3,0,22,1,176,158,60,76,194,10,0,221,143,2
2795,499,1,1,3,2,0,2,1,3,0,22,1,176,176,120,76,198,30,0,136,143,3
2796,499,1,1,3,2,0,2,1,3,0,22,1,159,176,60,76,198,20,0,221,110,2
2797,499,1,1,3,2,0,2,1,3,0,22,1,159,211,60,68,245,10,0,170,88,3
2798,499,1,1,3,2,0,2,1,3,0,22,1,159,176,120,62,218,20,0,170,143,2
2799,499,1,1,3,2,0,2,1,3,0,22,1,176,211,30,76,281,20,0,170,143,3
2800,500,1,1,3,2,0,3,1,3,0,22,1,225,221,120,139,225,30,0,160,105,2
2801,500,1,1,3,2,0,3,1,3,0,22,1,179,166,120,142,184,30,0,208,84,2
2802,500,1,1,3,2,0,3,1,3,0,22,1,225,166,120,146,189,20,0,128,84,3
2803,500,1,1,3,2,0,3,1,3,0,22,1,194,166,60,146,189,10,0,208,136,2
2804,500,1,1,3,2,0,3,1,3,0,22,1,194,184,120,146,198,30,0,128,136,3
2805,500,1,1,3,2,0,3,1,3,0,22,1,179,184,60,146,198,20,0,208,105,2
2806,500,1,1,3,2,0,3,1,3,0,22,1,179,221,60,142,237,10,0,160,84,2
2807,500,1,1,3,2,0,3,1,3,0,22,1,179,184,120,139,210,20,0,160,136,3
2808,500,1,1,3,2,0,3,1,3,0,22,1,194,221,30,146,254,20,0,160,136,2
2809,501,1,1,3,2,0,3,1,3,0,22,1,164,211,120,56,237,20,0,221,135,2
2810,501,1,1,3,2,0,3,1,3,0,22,1,150,211,30,50,225,10,0,221,175,2
2811,501,1,1,3,2,0,3,1,3,0,22,1,193,211,60,64,281,30,0,221,108,2
2812,501,1,1,3,2,0,3,1,3,0,22,1,150,176,30,56,245,20,0,136,108,2
2813,501,1,1,3,2,0,3,1,3,0,22,1,193,158,60,56,181,20,0,170,175,2
2814,501,1,1,3,2,0,3,1,3,0,22,1,164,158,120,50,225,10,0,170,108,2
2815,501,1,1,3,2,0,3,1,3,0,22,1,150,211,120,64,281,10,0,136,135,2
2816,501,1,1,3,2,0,3,1,3,0,22,1,150,158,30,64,194,30,0,170,135,2
2817,501,1,1,3,2,0,3,1,3,0,22,1,193,176,60,50,210,10,0,136,135,2
2818,502,1,1,3,2,0,4,1,3,0,2,1,150,145,120,78,162,30,0,90,60,3
2819,502,1,1,3,2,0,4,1,3,0,2,1,129,109,120,81,136,30,0,117,48,3
2820,502,1,1,3,2,0,4,1,3,0,2,1,150,109,120,85,142,20,0,72,48,3
2821,502,1,1,3,2,0,4,1,3,0,2,1,136,109,60,85,142,10,0,117,78,3
2822,502,1,1,3,2,0,4,1,3,0,2,1,136,121,120,85,142,30,0,72,78,3
2823,502,1,1,3,2,0,4,1,3,0,2,1,129,121,60,85,142,20,0,117,60,3
2824,502,1,1,3,2,0,4,1,3,0,2,1,129,145,60,81,169,10,0,90,48,3
2825,502,1,1,3,2,0,4,1,3,0,2,1,129,121,120,78,153,20,0,90,78,3
2826,502,1,1,3,2,0,4,1,3,0,2,1,136,145,30,85,194,20,0,90,78,3
2827,503,1,1,3,2,0,4,1,3,0,22,19,229,170,120,133,167,30,0,130,80,3
2828,503,1,1,3,2,0,4,1,3,0,22,19,172,128,120,136,142,30,0,169,64,2
2829,503,1,1,3,2,0,4,1,3,0,22,19,229,128,120,140,142,20,0,104,64,3
2830,503,1,1,3,2,0,4,1,3,0,22,19,191,128,60,140,142,10,0,169,104,2
2831,503,1,1,3,2,0,4,1,3,0,22,19,191,142,120,140,147,30,0,104,104,3
2832,503,1,1,3,2,0,4,1,3,0,22,19,172,142,60,140,147,20,0,169,80,2
2833,503,1,1,3,2,0,4,1,3,0,22,19,172,170,60,136,169,10,0,130,64,3
2834,503,1,1,3,2,0,4,1,3,0,22,19,172,142,120,133,153,20,0,130,104,3
2835,503,1,1,3,2,0,4,1,3,0,22,19,191,170,30,140,189,20,0,130,104,3
2836,504,1,1,3,2,0,3,1,3,0,25,12,230,217,120,112,218,30,0,170,110,3
2837,504,1,1,3,2,0,3,1,3,0,25,12,175,163,120,117,181,30,0,221,88,2
2838,504,1,1,3,2,0,3,1,3,0,25,12,230,163,120,123,184,20,0,136,88,3
2839,504,1,1,3,2,0,3,1,3,0,25,12,193,163,60,123,184,10,0,221,143,2
2840,504,1,1,3,2,0,3,1,3,0,25,12,193,181,120,123,194,30,0,136,143,3
2841,504,1,1,3,2,0,3,1,3,0,25,12,175,181,60,123,194,20,0,221,110,2
2842,504,1,1,3,2,0,3,1,3,0,25,12,175,217,60,117,225,10,0,170,88,3
2843,504,1,1,3,2,0,3,1,3,0,25,12,175,181,120,112,198,20,0,170,143,2
2844,504,1,1,3,2,0,3,1,3,0,25,12,193,217,30,123,254,20,0,170,143,3
2845,505,1,1,3,2,0,4,1,2,0,22,17,344,270,120,112,293,30,0,220,185,3
2846,505,1,1,3,2,0,4,1,2,0,22,17,260,202,120,121,237,30,0,286,148,3
2847,505,1,1,3,2,0,4,1,2,0,22,17,344,202,120,133,245,20,0,176,148,3
2848,505,1,1,3,2,0,4,1,2,0,22,17,288,202,60,133,245,10,0,286,240,2
2849,505,1,1,3,2,0,4,1,2,0,22,17,288,225,120,133,254,30,0,176,240,2
2850,505,1,1,3,2,0,4,1,2,0,22,17,260,225,60,133,254,20,0,286,185,2
2851,505,1,1,3,2,0,4,1,2,0,22,17,260,270,60,121,310,10,0,220,148,3
2852,505,1,1,3,2,0,4,1,2,0,22,17,260,225,120,112,274,20,0,220,240,2
2853,505,1,1,3,2,0,4,1,2,0,22,17,288,270,30,133,366,20,0,220,240,3
2854,506,1,1,3,2,1,3,1,2,0,22,17,318,218,30,170,237,10,0,220,92,3
2855,506,1,1,3,2,1,3,1,2,0,22,17,318,218,120,162,281,10,0,286,149,2
2856,506,1,1,3,2,1,3,1,2,0,22,17,318,196,30,156,266,20,0,286,115,2
2857,506,1,1,3,2,1,3,1,2,0,22,17,238,196,60,156,266,30,0,176,149,3
2858,506,1,1,3,2,1,3,1,2,0,22,17,265,218,30,156,245,30,0,286,92,3
2859,506,1,1,3,2,1,3,1,2,0,22,17,265,196,30,162,218,10,0,176,115,3
2860,506,1,1,3,2,1,3,1,2,0,22,17,265,262,60,156,274,20,0,176,92,3
2861,506,1,1,3,2,1,3,1,2,0,22,17,318,262,30,162,281,30,0,176,149,3
2862,506,1,1,3,2,1,3,1,2,0,22,17,265,218,60,162,281,30,0,220,115,3
2863,507,1,1,3,2,1,3,1,3,0,25,10,147,111,30,115,121,10,0,90,48,3
2864,507,1,1,3,2,1,3,1,3,0,25,10,147,111,120,113,142,10,0,117,78,2
2865,507,1,1,3,2,1,3,1,3,0,25,10,147,100,30,111,130,20,0,117,60,2
2866,507,1,1,3,2,1,3,1,3,0,25,10,113,100,60,111,130,30,0,72,78,3
2867,507,1,1,3,2,1,3,1,3,0,25,10,124,111,30,111,130,30,0,117,48,3
2868,507,1,1,3,2,1,3,1,3,0,25,10,124,100,30,113,111,10,0,72,60,2
2869,507,1,1,3,2,1,3,1,3,0,25,10,124,133,60,111,142,20,0,72,48,3
2870,507,1,1,3,2,1,3,1,3,0,25,10,147,133,30,113,147,30,0,72,78,3
2871,507,1,1,3,2,1,3,1,3,0,25,10,124,111,60,113,142,30,0,90,60,3
2872,508,1,1,3,2,1,3,1,2,0,22,1,228,184,30,93,210,10,0,210,88,3
2873,508,1,1,3,2,1,3,1,2,0,22,1,228,184,120,85,254,10,0,273,143,2
2874,508,1,1,3,2,1,3,1,2,0,22,1,228,166,30,79,237,20,0,273,110,2
2875,508,1,1,3,2,1,3,1,2,0,22,1,176,166,60,79,237,30,0,168,143,3
2876,508,1,1,3,2,1,3,1,2,0,22,1,193,184,30,79,218,30,0,273,88,2
2877,508,1,1,3,2,1,3,1,2,0,22,1,193,166,30,85,189,10,0,168,110,3
2878,508,1,1,3,2,1,3,1,2,0,22,1,193,221,60,79,237,20,0,168,88,3
2879,508,1,1,3,2,1,3,1,2,0,22,1,228,221,30,85,254,30,0,168,143,3
2880,508,1,1,3,2,1,3,1,2,0,22,1,193,184,60,85,254,30,0,210,110,2
2881,509,1,1,3,3,0,3,1,3,0,22,1,193,176,30,64,194,10,0,170,88,3
2882,509,1,1,3,3,0,3,1,3,0,22,1,193,176,120,56,245,10,0,221,143,2
2883,509,1,1,3,3,0,3,1,3,0,22,1,193,158,30,50,225,20,0,221,110,2
2884,509,1,1,3,3,0,3,1,3,0,22,1,150,158,60,50,225,30,0,136,143,2
2885,509,1,1,3,3,0,3,1,3,0,22,1,164,176,30,50,210,30,0,221,88,2
2886,509,1,1,3,3,0,3,1,3,0,22,1,164,158,30,56,181,10,0,136,110,2
2887,509,1,1,3,3,0,3,1,3,0,22,1,164,211,60,50,225,20,0,136,88,3
2888,509,1,1,3,3,0,3,1,3,0,22,1,193,211,30,56,237,30,0,136,143,3
2889,509,1,1,3,3,0,3,1,3,0,22,1,164,176,60,56,245,30,0,170,110,2
2890,510,1,1,6,1,0,2,1,3,0,22,1,174,23,120,66,25,20,0,221,95,2
2891,510,1,1,6,1,0,2,1,3,0,22,1,158,23,30,60,23,10,0,221,123,2
2892,510,1,1,6,1,0,2,1,3,0,22,1,207,23,60,74,31,30,0,221,76,2
2893,510,1,1,6,1,0,2,1,3,0,22,1,158,19,30,66,31,20,0,136,76,2
2894,510,1,1,6,1,0,2,1,3,0,22,1,207,17,60,66,23,20,0,170,123,2
2895,510,1,1,6,1,0,2,1,3,0,22,1,174,17,120,60,31,10,0,170,76,2
2896,510,1,1,6,1,0,2,1,3,0,22,1,158,23,120,74,31,10,0,136,95,2
2897,510,1,1,6,1,0,2,1,3,0,22,1,158,17,30,74,25,30,0,170,95,2
2898,510,1,1,6,1,0,2,1,3,0,22,1,207,19,60,60,25,10,0,136,95,2
2899,511,1,1,6,1,0,3,1,3,0,2,1,112,23,120,37,23,30,0,110,75,2
2900,511,1,1,6,1,0,3,1,3,0,2,1,86,17,120,40,23,30,0,143,60,2
2901,511,1,1,6,1,0,3,1,3,0,2,1,112,17,120,44,25,20,0,88,60,2
2902,511,1,1,6,1,0,3,1,3,0,2,1,95,17,60,44,25,10,0,143,97,2
2903,511,1,1,6,1,0,3,1,3,0,2,1,95,19,120,44,23,30,0,88,97,2
2904,511,1,1,6,1,0,3,1,3,0,2,1,86,19,60,44,23,20,0,143,75,2
2905,511,1,1,6,1,0,3,1,3,0,2,1,86,23,60,40,25,10,0,110,60,2
2906,511,1,1,6,1,0,3,1,3,0,2,1,86,19,120,37,25,20,0,110,97,2
2907,511,1,1,6,1,0,3,1,3,0,2,1,95,23,30,44,31,20,0,110,97,2
2908,512,2,0,1,1,0,4,1,2,0,22,17,266,77,120,99,91,20,0,299,140,2
2909,512,2,0,1,1,0,4,1,2,0,22,17,240,77,30,90,86,10,0,299,182,2
2910,512,2,0,1,1,0,4,1,2,0,22,17,317,77,60,111,108,30,0,299,112,2
2911,512,2,0,1,1,0,4,1,2,0,22,17,240,64,30,99,91,20,0,184,112,2
2912,512,2,0,1,1,0,4,1,2,0,22,17,317,58,60,99,70,20,0,230,182,2
2913,512,2,0,1,1,0,4,1,2,0,22,17,266,58,120,90,86,10,0,230,112,2
2914,512,2,0,1,1,0,4,1,2,0,22,17,240,77,120,111,108,10,0,184,140,2
2915,512,2,0,1,1,0,4,1,2,0,22,17,240,58,30,111,72,30,0,230,140,2
2916,512,2,0,1,1,0,4,1,2,0,22,17,317,64,60,90,78,10,0,184,140,2
2917,513,2,0,1,1,0,4,1,3,0,22,2,116,31,30,47,34,10,0,70,40,3
2918,513,2,0,1,1,0,4,1,3,0,22,2,116,31,120,43,42,10,0,91,65,2
2919,513,2,0,1,1,0,4,1,3,0,22,2,116,28,30,40,40,20,0,91,50,3
2920,513,2,0,1,1,0,4,1,3,0,22,2,89,28,60,40,40,30,0,56,65,3
2921,513,2,0,1,1,0,4,1,3,0,22,2,98,31,30,40,36,30,0,91,40,3
2922,513,2,0,1,1,0,4,1,3,0,22,2,98,28,30,43,32,10,0,56,50,1
2923,513,2,0,1,1,0,4,1,3,0,22,2,98,37,60,40,40,20,0,56,40,3
2924,513,2,0,1,1,0,4,1,3,0,22,2,116,37,30,43,42,30,0,56,65,2
2925,513,2,0,1,1,0,4,1,3,0,22,2,98,31,60,43,42,30,0,70,50,3
2926,514,2,0,1,1,1,1,0,2,0,22,12,209,59,120,154,62,20,0,182,95,3
2927,514,2,0,1,1,1,1,0,2,0,22,12,191,59,30,151,57,10,0,182,123,2
2928,514,2,0,1,1,1,1,0,2,0,22,12,246,59,60,158,64,30,0,182,76,3
2929,514,2,0,1,1,1,1,0,2,0,22,12,191,49,30,154,56,20,0,112,76,3
2930,514,2,0,1,1,1,1,0,2,0,22,12,246,44,60,154,48,20,0,140,123,2
2931,514,2,0,1,1,1,1,0,2,0,22,12,209,44,120,151,53,10,0,140,76,3
2932,514,2,0,1,1,1,1,0,2,0,22,12,191,59,120,158,64,10,0,112,95,3
2933,514,2,0,1,1,1,1,0,2,0,22,12,191,44,30,158,49,30,0,140,95,3
2934,514,2,0,1,1,1,1,0,2,0,22,12,246,49,60,151,53,10,0,112,95,3
2935,515,2,0,1,1,1,3,1,2,0,2,1,200,55,120,113,56,30,0,110,60,3
2936,515,2,0,1,1,1,3,1,2,0,2,1,152,41,120,116,46,30,0,143,48,2
2937,515,2,0,1,1,1,3,1,2,0,2,1,200,41,120,120,49,20,0,88,48,3
2938,515,2,0,1,1,1,3,1,2,0,2,1,168,41,60,120,49,10,0,143,78,2
2939,515,2,0,1,1,1,3,1,2,0,2,1,168,46,120,120,50,30,0,88,78,3
2940,515,2,0,1,1,1,3,1,2,0,2,1,152,46,60,120,50,20,0,143,60,1
2941,515,2,0,1,1,1,3,1,2,0,2,1,152,55,60,116,58,10,0,110,48,3
2942,515,2,0,1,1,1,3,1,2,0,2,1,152,46,120,113,52,20,0,110,78,2
2943,515,2,0,1,1,1,3,1,2,0,2,1,168,55,30,120,66,20,0,110,78,3
2944,516,2,0,1,1,1,4,1,2,0,2,1,149,40,30,73,43,10,0,90,48,2
2945,516,2,0,1,1,1,4,1,2,0,2,1,149,40,120,69,52,10,0,117,78,3
2946,516,2,0,1,1,1,4,1,2,0,2,1,149,36,30,66,49,20,0,117,60,1
2947,516,2,0,1,1,1,4,1,2,0,2,1,112,36,60,66,49,30,0,72,78,3
2948,516,2,0,1,1,1,4,1,2,0,2,1,124,40,30,66,46,30,0,117,48,2
2949,516,2,0,1,1,1,4,1,2,0,2,1,124,36,30,69,42,10,0,72,60,2
2950,516,2,0,1,1,1,4,1,2,0,2,1,124,48,60,66,49,20,0,72,48,3
2951,516,2,0,1,1,1,4,1,2,0,2,1,149,48,30,69,52,30,0,72,78,2
2952,516,2,0,1,1,1,4,1,2,0,2,1,124,40,60,69,52,30,0,90,60,2
2953,517,2,0,1,1,1,5,1,2,0,22,2,151,46,120,96,48,20,0,143,70,2
2954,517,2,0,1,1,1,5,1,2,0,22,2,138,46,30,93,46,10,0,143,91,2
2955,517,2,0,1,1,1,5,1,2,0,22,2,177,46,60,100,53,30,0,143,56,3
2956,517,2,0,1,1,1,5,1,2,0,22,2,138,38,30,96,48,20,0,88,56,3
2957,517,2,0,1,1,1,5,1,2,0,22,2,177,34,60,96,38,20,0,110,91,2
2958,517,2,0,1,1,1,5,1,2,0,22,2,151,34,120,93,45,10,0,110,56,3
2959,517,2,0,1,1,1,5,1,2,0,22,2,138,46,120,100,53,10,0,88,70,2
2960,517,2,0,1,1,1,5,1,2,0,22,2,138,34,30,100,40,30,0,110,70,2
2961,517,2,0,1,1,1,5,1,2,0,22,2,177,38,60,93,43,10,0,88,70,2
2962,518,2,0,1,1,1,5,1,2,0,1,22,224,67,120,74,72,30,0,170,100,2
2963,518,2,0,1,1,1,5,1,2,0,1,22,170,50,120,80,57,30,0,221,80,2
2964,518,2,0,1,1,1,5,1,2,0,1,22,224,50,120,88,62,20,0,136,80,2
2965,518,2,0,1,1,1,5,1,2,0,1,22,188,50,60,88,62,10,0,221,130,2
2966,518,2,0,1,1,1,5,1,2,0,1,22,188,56,120,88,62,30,0,136,130,2
2967,518,2,0,1,1,1,5,1,2,0,1,22,170,56,60,88,62,20,0,221,100,2
2968,518,2,0,1,1,1,5,1,2,0,1,22,170,67,60,80,74,10,0,170,80,3
2969,518,2,0,1,1,1,5,1,2,0,1,22,170,56,120,74,66,20,0,170,130,2
2970,518,2,0,1,1,1,5,1,2,0,1,22,188,67,30,88,86,20,0,170,130,2
2971,519,2,0,3,1,0,5,1,1,0,17,2,221,119,120,68,132,30,0,140,80,3
2972,519,2,0,3,1,0,5,1,1,0,17,2,170,89,120,74,106,30,0,182,64,3
2973,519,2,0,3,1,0,5,1,1,0,17,2,221,89,120,82,111,20,0,112,64,3
2974,519,2,0,3,1,0,5,1,1,0,17,2,187,89,60,82,111,10,0,182,104,2
2975,519,2,0,3,1,0,5,1,1,0,17,2,187,99,120,82,114,30,0,112,104,2
2976,519,2,0,3,1,0,5,1,1,0,17,2,170,99,60,82,114,20,0,182,80,2
2977,519,2,0,3,1,0,5,1,1,0,17,2,170,119,60,74,139,10,0,140,64,3
2978,519,2,0,3,1,0,5,1,1,0,17,2,170,99,120,68,123,20,0,140,104,2
2979,519,2,0,3,1,0,5,1,1,0,17,2,187,119,30,82,161,20,0,140,104,3
2980,520,2,0,3,1,0,3,1,3,0,25,12,256,127,120,138,132,30,0,170,115,3
2981,520,2,0,3,1,0,3,1,3,0,25,12,201,95,120,143,108,30,0,221,92,2
2982,520,2,0,3,1,0,3,1,3,0,25,12,256,95,120,149,111,20,0,136,92,3
2983,520,2,0,3,1,0,3,1,3,0,25,12,219,95,60,149,111,10,0,221,149,2
2984,520,2,0,3,1,0,3,1,3,0,25,12,219,106,120,149,116,30,0,136,149,3
2985,520,2,0,3,1,0,3,1,3,0,25,12,201,106,60,149,116,20,0,221,115,2
2986,520,2,0,3,1,0,3,1,3,0,25,12,201,127,60,143,139,10,0,170,92,3
2987,520,2,0,3,1,0,3,1,3,0,25,12,201,106,120,138,123,20,0,170,149,3
2988,520,2,0,3,1,0,3,1,3,0,25,12,219,127,30,149,156,20,0,170,149,3
2989,521,2,0,3,1,0,2,1,2,0,25,10,120,82,120,89,83,30,0,90,55,3
2990,521,2,0,3,1,0,2,1,2,0,25,10,93,61,120,91,65,30,0,117,44,2
2991,521,2,0,3,1,0,2,1,2,0,25,10,120,61,120,93,68,20,0,72,44,3
2992,521,2,0,3,1,0,2,1,2,0,25,10,102,61,60,93,68,10,0,117,71,2
2993,521,2,0,3,1,0,2,1,2,0,25,10,102,68,120,93,71,30,0,72,71,3
2994,521,2,0,3,1,0,2,1,2,0,25,10,93,68,60,93,71,20,0,117,55,2
2995,521,2,0,3,1,0,2,1,2,0,25,10,93,82,60,91,86,10,0,90,44,3
2996,521,2,0,3,1,0,2,1,2,0,25,10,93,68,120,89,76,20,0,90,71,3
2997,521,2,0,3,1,0,2,1,2,0,25,10,102,82,30,93,91,20,0,90,71,3
2998,522,2,0,3,1,0,2,0,2,0,25,2,125,96,120,49,106,20,0,156,80,2
2999,522,2,0,3,1,0,2,0,2,0,25,2,114,96,30,44,99,10,0,156,104,2
3000,522,2,0,3,1,0,2,0,2,0,25,2,146,96,60,55,123,30,0,156,64,3
3001,522,2,0,3,1,0,2,0,2,0,25,2,114,80,30,49,106,20,0,96,64,3
3002,522,2,0,3,1,0,2,0,2,0,25,2,146,72,60,49,83,20,0,120,104,2
3003,522,2,0,3,1,0,2,0,2,0,25,2,125,72,120,44,99,10,0,120,64,2
3004,522,2,0,3,1,0,2,0,2,0,25,2,114,96,120,55,123,10,0,96,80,3
3005,522,2,0,3,1,0,2,0,2,0,25,2,114,72,30,55,86,30,0,120,80,2
3006,522,2,0,3,1,0,2,0,2,0,25,2,146,80,60,44,91,10,0,96,80,2
3007,523,2,0,3,1,1,2,0,2,0,22,1,221,133,120,74,144,30,0,180,95,3
3008,523,2,0,3,1,1,2,0,2,0,22,1,168,100,120,80,116,30,0,234,76,2
3009,523,2,0,3,1,1,2,0,2,0,22,1,221,100,120,88,123,20,0,144,76,3
3010,523,2,0,3,1,1,2,0,2,0,22,1,186,100,60,88,123,10,0,234,123,2
3011,523,2,0,3,1,1,2,0,2,0,22,1,186,111,120,88,128,30,0,144,123,2
3012,523,2,0,3,1,1,2,0,2,0,22,1,168,111,60,88,128,20,0,234,95,2
3013,523,2,0,3,1,1,2,0,2,0,22,1,168,133,60,80,149,10,0,180,76,3
3014,523,2,0,3,1,1,2,0,2,0,22,1,168,111,120,74,132,20,0,180,123,2
3015,523,2,0,3,1,1,2,0,2,0,22,1,186,133,30,88,177,20,0,180,123,3
3016,524,2,0,3,1,1,4,1,2,0,2,1,130,80,30,67,90,10,0,100,48,3
3017,524,2,0,3,1,1,4,1,2,0,2,1,130,80,120,63,103,10,0,130,78,1
3018,524,2,0,3,1,1,4,1,2,0,2,1,130,72,30,60,98,20,0,130,60,1
3019,524,2,0,3,1,1,4,1,2,0,2,1,103,72,60,60,98,30,0,80,78,1
3020,524,2,0,3,1,1,4,1,2,0,2,1,112,80,30,60,91,30,0,130,48,3
3021,524,2,0,3,1,1,4,1,2,0,2,1,112,72,30,63,83,10,0,80,60,1
3022,524,2,0,3,1,1,4,1,2,0,2,1,112,96,60,60,98,20,0,80,48,3
3023,524,2,0,3,1,1,4,1,2,0,2,1,130,96,30,63,103,30,0,80,78,3
3024,524,2,0,3,1,1,4,1,2,0,2,1,112,80,60,63,103,30,0,100,60,3
3025,525,2,0,3,1,1,4,1,4,0,25,2,168,80,30,72,91,10,0,120,60,3
3026,525,2,0,3,1,1,4,1,4,0,25,2,168,80,120,66,108,10,0,156,97,1
3027,525,2,0,3,1,1,4,1,4,0,25,2,168,72,30,61,99,20,0,156,75,1
3028,525,2,0,3,1,1,4,1,4,0,25,2,129,72,60,61,99,30,0,96,97,1
3029,525,2,0,3,1,1,4,1,4,0,25,2,142,80,30,61,95,30,0,156,60,3
3030,525,2,0,3,1,1,4,1,4,0,25,2,142,72,30,66,86,10,0,96,75,1
3031,525,2,0,3,1,1,4,1,4,0,25,2,142,96,60,61,103,20,0,96,60,3
3032,525,2,0,3,1,1,4,1,4,0,25,2,168,96,30,66,108,30,0,96,97,3
3033,525,2,0,3,1,1,4,1,4,0,25,2,142,80,60,66,108,30,0,120,75,3
3034,526,2,0,3,3,1,2,1,2,0,25,17,375,156,30,140,172,10,0,290,172,3
3035,526,2,0,3,3,1,2,1,2,0,25,17,375,156,120,126,215,10,0,377,279,2
3036,526,2,0,3,3,1,2,1,2,0,25,17,375,140,30,115,198,20,0,377,215,2
3037,526,2,0,3,3,1,2,1,2,0,25,17,284,140,60,115,198,30,0,232,279,3
3038,526,2,0,3,3,1,2,1,2,0,25,17,314,156,30,115,182,30,0,377,172,2
3039,526,2,0,3,3,1,2,1,2,0,25,17,314,140,30,126,161,10,0,232,215,3
3040,526,2,0,3,3,1,2,1,2,0,25,17,314,187,60,115,198,20,0,232,172,3
3041,526,2,0,3,3,1,2,1,2,0,25,17,375,187,30,126,215,30,0,232,279,3
3042,526,2,0,3,3,1,2,1,2,0,25,17,314,156,60,126,215,30,0,290,215,3
3043,527,2,0,6,1,1,2,0,2,0,1,25,226,14,120,101,15,20,0,273,115,2
3044,527,2,0,6,1,1,2,0,2,0,1,25,204,14,30,93,14,10,0,273,149,2
3045,527,2,0,6,1,1,2,0,2,0,1,25,269,14,60,111,19,30,0,273,92,1
3046,527,2,0,6,1,1,2,0,2,0,1,25,204,12,30,101,19,20,0,168,92,1
3047,527,2,0,6,1,1,2,0,2,0,1,25,269,11,60,101,14,20,0,210,149,2
3048,527,2,0,6,1,1,2,0,2,0,1,25,226,11,120,93,19,10,0,210,92,1
3049,527,2,0,6,1,1,2,0,2,0,1,25,204,14,120,111,19,10,0,168,115,2
3050,527,2,0,6,1,1,2,0,2,0,1,25,204,11,30,111,15,30,0,210,115,2
3051,527,2,0,6,1,1,2,0,2,0,1,25,269,12,60,93,15,10,0,168,115,2
3052,528,2,0,6,1,1,3,1,2,0,2,1,106,14,120,34,14,30,0,80,50,2
3053,528,2,0,6,1,1,3,1,2,0,2,1,85,11,120,37,14,30,0,104,40,2
3054,528,2,0,6,1,1,3,1,2,0,2,1,106,11,120,41,15,20,0,64,40,2
3055,528,2,0,6,1,1,3,1,2,0,2,1,92,11,60,41,15,10,0,104,65,1
3056,528,2,0,6,1,1,3,1,2,0,2,1,92,12,120,41,14,30,0,64,65,2
3057,528,2,0,6,1,1,3,1,2,0,2,1,85,12,60,41,14,20,0,104,50,1
3058,528,2,0,6,1,1,3,1,2,0,2,1,85,14,60,37,15,10,0,80,40,1
3059,528,2,0,6,1,1,3,1,2,0,2,1,85,12,120,34,15,20,0,80,65,2
3060,528,2,0,6,1,1,3,1,2,0,2,1,92,14,30,41,19,20,0,80,65,1
3061,529,2,1,1,0,0,3,1,0,0,2,22,103,50,120,31,58,30,0,70,40,3
3062,529,2,1,1,0,0,3,1,0,0,2,22,82,38,120,34,44,30,0,91,32,2
3063,529,2,1,1,0,0,3,1,0,0,2,22,103,38,120,38,48,20,0,56,32,3
3064,529,2,1,1,0,0,3,1,0,0,2,22,89,38,60,38,48,10,0,91,52,1
3065,529,2,1,1,0,0,3,1,0,0,2,22,89,42,120,38,50,30,0,56,52,2
3066,529,2,1,1,0,0,3,1,0,0,2,22,82,42,60,38,50,20,0,91,40,1
3067,529,2,1,1,0,0,3,1,0,0,2,22,82,50,60,34,65,10,0,70,32,3
3068,529,2,1,1,0,0,3,1,0,0,2,22,82,42,120,31,54,20,0,70,52,2
3069,529,2,1,1,0,0,3,1,0,0,2,22,89,50,30,38,74,20,0,70,52,1
3070,530,2,1,1,1,0,5,1,3,0,25,1,200,126,120,71,140,20,0,273,140,3
3071,530,2,1,1,1,0,5,1,3,0,25,1,182,126,30,63,133,10,0,273,182,2
3072,530,2,1,1,1,0,5,1,3,0,25,1,236,126,60,81,168,30,0,273,112,3
3073,530,2,1,1,1,0,5,1,3,0,25,1,182,105,30,71,146,20,0,168,112,3
3074,530,2,1,1,1,0,5,1,3,0,25,1,236,94,60,71,109,20,0,210,182,2
3075,530,2,1,1,1,0,5,1,3,0,25,1,200,94,120,63,133,10,0,210,112,3
3076,530,2,1,1,1,0,5,1,3,0,25,1,182,126,120,81,168,10,0,168,140,3
3077,530,2,1,1,1,0,5,1,3,0,25,1,182,94,30,81,112,30,0,210,140,2
3078,530,2,1,1,1,0,5,1,3,0,25,1,236,105,60,63,122,10,0,168,140,2
3079,531,2,1,1,1,1,2,0,0,0,22,1,193,106,120,50,112,30,0,170,105,2
3080,531,2,1,1,1,1,2,0,0,0,22,1,150,79,120,56,90,30,0,221,84,2
3081,531,2,1,1,1,1,2,0,0,0,22,1,193,79,120,64,97,20,0,136,84,2
3082,531,2,1,1,1,1,2,0,0,0,22,1,164,79,60,64,97,10,0,221,136,2
3083,531,2,1,1,1,1,2,0,0,0,22,1,164,88,120,64,97,30,0,136,136,2
3084,531,2,1,1,1,1,2,0,0,0,22,1,150,88,60,64,97,20,0,221,105,2
3085,531,2,1,1,1,1,2,0,0,0,22,1,150,106,60,56,118,10,0,170,84,2
3086,531,2,1,1,1,1,2,0,0,0,22,1,150,88,120,50,105,20,0,170,136,2
3087,531,2,1,1,1,1,2,0,0,0,22,1,164,106,30,64,140,20,0,170,136,2
3088,532,2,1,1,1,1,3,0,1,0,10,18,238,116,120,140,118,30,0,210,125,2
3089,532,2,1,1,1,1,3,0,1,0,10,18,178,87,120,143,97,30,0,273,100,2
3090,532,2,1,1,1,1,3,0,1,0,10,18,238,87,120,147,99,20,0,168,100,3
3091,532,2,1,1,1,1,3,0,1,0,10,18,198,87,60,147,99,10,0,273,162,2
3092,532,2,1,1,1,1,3,0,1,0,10,18,198,97,120,147,105,30,0,168,162,2
3093,532,2,1,1,1,1,3,0,1,0,10,18,178,97,60,147,105,20,0,273,125,2
3094,532,2,1,1,1,1,3,0,1,0,10,18,178,116,60,143,122,10,0,210,100,2
3095,532,2,1,1,1,1,3,0,1,0,10,18,178,97,120,140,109,20,0,210,162,2
3096,532,2,1,1,1,1,3,0,1,0,10,18,198,116,30,147,137,20,0,210,162,2
3097,533,2,1,1,1,1,3,1,3,0,19,25,250,84,30,143,90,10,0,150,76,3
3098,533,2,1,1,1,1,3,1,3,0,19,25,250,84,120,137,109,10,0,195,123,2
3099,533,2,1,1,1,1,3,1,3,0,19,25,250,76,30,132,97,20,0,195,95,2
3100,533,2,1,1,1,1,3,1,3,0,19,25,194,76,60,132,97,30,0,120,123,3
3101,533,2,1,1,1,1,3,1,3,0,19,25,213,84,30,132,94,30,0,195,76,3
3102,533,2,1,1,1,1,3,1,3,0,19,25,213,76,30,137,84,10,0,120,95,3
3103,533,2,1,1,1,1,3,1,3,0,19,25,213,101,60,132,105,20,0,120,76,3
3104,533,2,1,1,1,1,3,1,3,0,19,25,250,101,30,137,109,30,0,120,123,2
3105,533,2,1,1,1,1,3,1,3,0,19,25,213,84,60,137,109,30,0,150,95,2
3106,534,2,1,1,1,1,4,1,2,0,1,25,272,131,120,95,140,30,0,220,135,2
3107,534,2,1,1,1,1,4,1,2,0,1,25,206,98,120,103,112,30,0,286,108,2
3108,534,2,1,1,1,1,4,1,2,0,1,25,272,98,120,113,118,20,0,176,108,3
3109,534,2,1,1,1,1,4,1,2,0,1,25,228,98,60,113,118,10,0,286,175,2
3110,534,2,1,1,1,1,4,1,2,0,1,25,228,109,120,113,122,30,0,176,175,2
3111,534,2,1,1,1,1,4,1,2,0,1,25,206,109,60,113,122,20,0,286,135,2
3112,534,2,1,1,1,1,4,1,2,0,1,25,206,131,60,103,150,10,0,220,108,2
3113,534,2,1,1,1,1,4,1,2,0,1,25,206,109,120,95,127,20,0,220,175,2
3114,534,2,1,1,1,1,4,1,2,0,1,25,228,131,30,113,174,20,0,220,175,3
3115,535,2,1,1,3,1,3,1,2,0,17,25,317,112,30,153,127,10,0,210,128,2
3116,535,2,1,1,3,1,3,1,2,0,17,25,317,112,120,143,155,10,0,273,208,2
3117,535,2,1,1,3,1,3,1,2,0,17,25,317,101,30,135,146,20,0,273,160,2
3118,535,2,1,1,3,1,3,1,2,0,17,25,249,101,60,135,146,30,0,168,208,2
3119,535,2,1,1,3,1,3,1,2,0,17,25,272,112,30,135,137,30,0,273,128,2
3120,535,2,1,1,3,1,3,1,2,0,17,25,272,101,30,143,118,10,0,168,160,3
3121,535,2,1,1,3,1,3,1,2,0,17,25,272,134,60,135,146,20,0,168,128,3
3122,535,2,1,1,3,1,3,1,2,0,17,25,317,134,30,143,155,30,0,168,208,2
3123,535,2,1,1,3,1,3,1,2,0,17,25,272,112,60,143,155,30,0,210,160,2
3124,536,2,1,3,0,0,3,0,0,0,22,2,122,145,120,67,162,20,0,143,90,3
3125,536,2,1,3,0,0,3,0,0,0,22,2,112,145,30,64,155,10,0,143,117,2
3126,536,2,1,3,0,0,3,0,0,0,22,2,141,145,60,71,176,30,0,143,72,3
3127,536,2,1,3,0,0,3,0,0,0,22,2,112,121,30,67,155,20,0,88,72,3
3128,536,2,1,3,0,0,3,0,0,0,22,2,141,109,60,67,130,20,0,110,117,2
3129,536,2,1,3,0,0,3,0,0,0,22,2,122,109,120,64,147,10,0,110,72,3
3130,536,2,1,3,0,0,3,0,0,0,22,2,112,145,120,71,176,10,0,88,90,3
3131,536,2,1,3,0,0,3,0,0,0,22,2,112,109,30,71,130,30,0,110,90,3
3132,536,2,1,3,0,0,3,0,0,0,22,2,141,121,60,64,142,10,0,88,90,3
3133,537,2,1,3,1,0,4,0,4,0,25,10,109,109,120,85,130,20,0,91,50,3
3134,537,2,1,3,1,0,4,0,4,0,25,10,102,109,30,83,121,10,0,91,65,3
3135,537,2,1,3,1,0,4,0,4,0,25,10,123,109,60,87,142,30,0,91,40,3
3136,537,2,1,3,1,0,4,0,4,0,25,10,102,91,30,85,121,20,0,56,40,3
3137,537,2,1,3,1,0,4,0,4,0,25,10,123,82,60,85,91,20,0,70,65,2
3138,537,2,1,3,1,0,4,0,4,0,25,10,109,82,120,83,111,10,0,70,40,3
3139,537,2,1,3,1,0,4,0,4,0,25,10,102,109,120,87,142,10,0,56,50,3
3140,537,2,1,3,1,0,4,0,4,0,25,10,102,82,30,87,97,30,0,70,50,3
3141,537,2,1,3,1,0,4,0,4,0,25,10,123,91,60,83,108,10,0,56,50,3
3142,538,2,1,3,1,1,4,1,3,0,25,10,150,130,30,124,136,10,0,90,44,3
3143,538,2,1,3,1,1,4,1,3,0,25,10,150,130,120,122,153,10,0,117,71,3
3144,538,2,1,3,1,1,4,1,3,0,25,10,150,117,30,120,142,20,0,117,55,3
3145,538,2,1,3,1,1,4,1,3,0,25,10,125,117,60,120,142,30,0,72,71,3
3146,538,2,1,3,1,1,4,1,3,0,25,10,133,130,30,120,142,30,0,117,44,3
3147,538,2,1,3,1,1,4,1,3,0,25,10,133,117,30,122,130,10,0,72,55,3
3148,538,2,1,3,1,1,4,1,3,0,25,10,133,156,60,120,155,20,0,72,44,3
3149,538,2,1,3,1,1,4,1,3,0,25,10,150,156,30,122,155,30,0,72,71,3
3150,538,2,1,3,1,1,4,1,3,0,25,10,133,130,60,122,153,30,0,90,55,3
3151,539,2,1,3,3,0,4,1,2,0,25,10,120,130,120,90,142,30,0,110,65,3
3152,539,2,1,3,3,0,4,1,2,0,25,10,95,97,120,92,108,30,0,143,52,2
3153,539,2,1,3,3,0,4,1,2,0,25,10,120,97,120,94,111,20,0,88,52,3
3154,539,2,1,3,3,0,4,1,2,0,25,10,103,97,60,94,111,10,0,143,84,2
3155,539,2,1,3,3,0,4,1,2,0,25,10,103,108,120,94,119,30,0,88,84,2
3156,539,2,1,3,3,0,4,1,2,0,25,10,95,108,60,94,119,20,0,143,65,2
3157,539,2,1,3,3,0,4,1,2,0,25,10,95,130,60,92,142,10,0,110,52,3
3158,539,2,1,3,3,0,4,1,2,0,25,10,95,108,120,90,121,20,0,110,84,2
3159,539,2,1,3,3,0,4,1,2,0,25,10,103,130,30,94,155,20,0,110,84,3
3160,540,2,1,6,1,1,3,1,3,0,9,10,206,23,120,126,23,30,0,130,80,2
3161,540,2,1,6,1,1,3,1,3,0,9,10,155,17,120,129,23,30,0,169,64,2
3162,540,2,1,6,1,1,3,1,3,0,9,10,206,17,120,133,25,20,0,104,64,3
3163,540,2,1,6,1,1,3,1,3,0,9,10,172,17,60,133,25,10,0,169,104,2
3164,540,2,1,6,1,1,3,1,3,0,9,10,172,19,120,133,23,30,0,104,104,3
3165,540,2,1,6,1,1,3,1,3,0,9,10,155,19,60,133,23,20,0,169,80,2
3166,540,2,1,6,1,1,3,1,3,0,9,10,155,23,60,129,25,10,0,130,64,2
3167,540,2,1,6,1,1,3,1,3,0,9,10,155,19,120,126,25,20,0,130,104,2
3168,540,2,1,6,1,1,3,1,3,0,9,10,172,23,30,133,31,20,0,130,104,2
3169,541,3,0,1,0,0,3,0,0,0,2,22,105,37,120,50,43,20,0,117,50,2
3170,541,3,0,1,0,0,3,0,0,0,2,22,95,37,30,47,40,10,0,117,65,2
3171,541,3,0,1,0,0,3,0,0,0,2,22,124,37,60,54,48,30,0,117,40,2
3172,541,3,0,1,0,0,3,0,0,0,2,22,95,31,30,50,42,20,0,72,40,3
3173,541,3,0,1,0,0,3,0,0,0,2,22,124,28,60,50,32,20,0,90,65,2
3174,541,3,0,1,0,0,3,0,0,0,2,22,105,28,120,47,40,10,0,90,40,2
3175,541,3,0,1,0,0,3,0,0,0,2,22,95,37,120,54,48,10,0,72,50,3
3176,541,3,0,1,0,0,3,0,0,0,2,22,95,28,30,54,32,30,0,90,50,2
3177,541,3,0,1,0,0,3,0,0,0,2,22,124,31,60,47,38,10,0,72,50,2
3178,542,3,0,1,0,0,3,1,0,0,2,25,146,48,120,44,50,30,0,140,95,2
3179,542,3,0,1,0,0,3,1,0,0,2,25,114,36,120,49,42,30,0,182,76,2
3180,542,3,0,1,0,0,3,1,0,0,2,25,146,36,120,55,43,20,0,112,76,2
3181,542,3,0,1,0,0,3,1,0,0,2,25,125,36,60,55,43,10,0,182,123,2
3182,542,3,0,1,0,0,3,1,0,0,2,25,125,40,120,55,45,30,0,112,123,2
3183,542,3,0,1,0,0,3,1,0,0,2,25,114,40,60,55,45,20,0,182,95,2
3184,542,3,0,1,0,0,3,1,0,0,2,25,114,48,60,49,53,10,0,140,76,2
3185,542,3,0,1,0,0,3,1,0,0,2,25,114,40,120,44,46,20,0,140,123,2
3186,542,3,0,1,0,0,3,1,0,0,2,25,125,48,30,55,62,20,0,140,123,2
3187,543,3,0,1,0,0,3,1,0,0,22,1,193,62,120,50,66,30,0,170,105,2
3188,543,3,0,1,0,0,3,1,0,0,22,1,150,47,120,56,53,30,0,221,84,2
3189,543,3,0,1,0,0,3,1,0,0,22,1,193,47,120,64,57,20,0,136,84,2
3190,543,3,0,1,0,0,3,1,0,0,22,1,164,47,60,64,57,10,0,221,136,2
3191,543,3,0,1,0,0,3,1,0,0,22,1,164,52,120,64,57,30,0,136,136,2
3192,543,3,0,1,0,0,3,1,0,0,22,1,150,52,60,64,57,20,0,221,105,2
3193,543,3,0,1,0,0,3,1,0,0,22,1,150,62,60,56,70,10,0,170,84,2
3194,543,3,0,1,0,0,3,1,0,0,22,1,150,52,120,50,62,20,0,170,136,2
3195,543,3,0,1,0,0,3,1,0,0,22,1,164,62,30,64,82,20,0,170,136,2
3196,544,3,0,1,0,0,3,1,0,0,25,2,148,48,120,72,53,20,0,143,70,2
3197,544,3,0,1,0,0,3,1,0,0,25,2,137,48,30,67,50,10,0,143,91,2
3198,544,3,0,1,0,0,3,1,0,0,25,2,169,48,60,78,62,30,0,143,56,2
3199,544,3,0,1,0,0,3,1,0,0,25,2,137,40,30,72,54,20,0,88,56,1
3200,544,3,0,1,0,0,3,1,0,0,25,2,169,36,60,72,42,20,0,110,91,1
3201,544,3,0,1,0,0,3,1,0,0,25,2,148,36,120,67,50,10,0,110,56,2
3202,544,3,0,1,0,0,3,1,0,0,25,2,137,48,120,78,62,10,0,88,70,2
3203,544,3,0,1,0,0,3,1,0,0,25,2,137,36,30,78,45,30,0,110,70,1
3204,544,3,0,1,0,0,3,1,0,0,25,2,169,40,60,67,48,10,0,88,70,2
3205,545,3,0,1,1,0,3,1,3,0,22,2,126,32,30,54,38,10,0,90,44,3
3206,545,3,0,1,1,0,3,1,3,0,22,2,126,32,120,50,45,10,0,117,71,2
3207,545,3,0,1,1,0,3,1,3,0,22,2,126,29,30,47,42,20,0,117,55,2
3208,545,3,0,1,1,0,3,1,3,0,22,2,94,29,60,47,42,30,0,72,71,1
3209,545,3,0,1,1,0,3,1,3,0,22,2,105,32,30,47,40,30,0,117,44,2
3210,545,3,0,1,1,0,3,1,3,0,22,2,105,29,30,50,34,10,0,72,55,3
3211,545,3,0,1,1,0,3,1,3,0,22,2,105,38,60,47,43,20,0,72,44,3
3212,545,3,0,1,1,0,3,1,3,0,22,2,126,38,30,50,45,30,0,72,71,2
3213,545,3,0,1,1,0,3,1,3,0,22,2,105,32,60,50,45,30,0,90,55,1
3214,546,3,0,1,1,0,2,1,2,0,19,25,240,68,120,164,72,20,0,273,125,2
3215,546,3,0,1,1,0,2,1,2,0,19,25,220,68,30,159,70,10,0,273,162,2
3216,546,3,0,1,1,0,2,1,2,0,19,25,280,68,60,170,80,30,0,273,100,3
3217,546,3,0,1,1,0,2,1,2,0,19,25,220,57,30,164,70,20,0,168,100,3
3218,546,3,0,1,1,0,2,1,2,0,19,25,280,51,60,164,57,20,0,210,162,2
3219,546,3,0,1,1,0,2,1,2,0,19,25,240,51,120,159,66,10,0,210,100,2
3220,546,3,0,1,1,0,2,1,2,0,19,25,220,68,120,170,80,10,0,168,125,3
3221,546,3,0,1,1,0,2,1,2,0,19,25,220,51,30,170,58,30,0,210,125,2
3222,546,3,0,1,1,0,2,1,2,0,19,25,280,57,60,159,64,10,0,168,125,2
3223,547,3,0,1,1,0,3,1,2,0,25,10,120,38,120,90,42,30,0,100,65,2
3224,547,3,0,1,1,0,3,1,2,0,25,10,95,29,120,92,32,30,0,130,52,2
3225,547,3,0,1,1,0,3,1,2,0,25,10,120,29,120,94,32,20,0,80,52,2
3226,547,3,0,1,1,0,3,1,2,0,25,10,103,29,60,94,32,10,0,130,84,2
3227,547,3,0,1,1,0,3,1,2,0,25,10,103,32,120,94,35,30,0,80,84,2
3228,547,3,0,1,1,0,3,1,2,0,25,10,95,32,60,94,35,20,0,130,65,2
3229,547,3,0,1,1,0,3,1,2,0,25,10,95,38,60,92,42,10,0,100,52,2
3230,547,3,0,1,1,0,3,1,2,0,25,10,95,32,120,90,36,20,0,100,84,2
3231,547,3,0,1,1,0,3,1,2,0,25,10,103,38,30,94,46,20,0,100,84,2
3232,548,3,0,1,1,0,4,1,2,0,2,1,106,35,30,41,42,10,0,90,40,3
3233,548,3,0,1,1,0,4,1,2,0,2,1,106,35,120,37,49,10,0,117,65,1
3234,548,3,0,1,1,0,4,1,2,0,2,1,106,31,30,34,46,20,0,117,50,1
3235,548,3,0,1,1,0,4,1,2,0,2,1,85,31,60,34,46,30,0,72,65,1
3236,548,3,0,1,1,0,4,1,2,0,2,1,92,35,30,34,43,30,0,117,40,1
3237,548,3,0,1,1,0,4,1,2,0,2,1,92,31,30,37,38,10,0,72,50,1
3238,548,3,0,1,1,0,4,1,2,0,2,1,92,42,60,34,46,20,0,72,40,2
3239,548,3,0,1,1,0,4,1,2,0,2,1,106,42,30,37,49,30,0,72,65,2
3240,548,3,0,1,1,0,4,1,2,0,2,1,92,35,60,37,49,30,0,90,50,1
3241,549,3,0,1,1,1,2,0,2,0,22,2,89,30,120,34,38,20,0,91,40,2
3242,549,3,0,1,1,1,2,0,2,0,22,2,82,30,30,31,34,10,0,91,52,2
3243,549,3,0,1,1,1,2,0,2,0,22,2,103,30,60,38,43,30,0,91,32,2
3244,549,3,0,1,1,1,2,0,2,0,22,2,82,25,30,34,38,20,0,56,32,3
3245,549,3,0,1,1,1,2,0,2,0,22,2,103,22,60,34,26,20,0,70,52,2
3246,549,3,0,1,1,1,2,0,2,0,22,2,89,22,120,31,34,10,0,70,32,2
3247,549,3,0,1,1,1,2,0,2,0,22,2,82,30,120,38,43,10,0,56,40,3
3248,549,3,0,1,1,1,2,0,2,0,22,2,82,22,30,38,28,30,0,70,40,2
3249,549,3,0,1,1,1,2,0,2,0,22,2,103,25,60,31,32,10,0,56,40,2
3250,550,3,0,1,1,1,2,1,2,0,1,2,106,35,30,41,42,10,0,80,36,3
3251,550,3,0,1,1,1,2,1,2,0,1,2,106,35,120,37,49,10,0,104,58,2
3252,550,3,0,1,1,1,2,1,2,0,1,2,106,31,30,34,46,20,0,104,45,2
3253,550,3,0,1,1,1,2,1,2,0,1,2,85,31,60,34,46,30,0,64,58,3
3254,550,3,0,1,1,1,2,1,2,0,1,2,92,35,30,34,43,30,0,104,36,3
3255,550,3,0,1,1,1,2,1,2,0,1,2,92,31,30,37,38,10,0,64,45,3
3256,550,3,0,1,1,1,2,1,2,0,1,2,92,42,60,34,46,20,0,64,36,3
3257,550,3,0,1,1,1,2,1,2,0,1,2,106,42,30,37,49,30,0,64,58,3
3258,550,3,0,1,1,1,2,1,2,0,1,2,92,35,60,37,49,30,0,80,45,3
3259,551,3,0,1,1,1,2,1,2,0,2,17,212,42,30,132,43,10,0,120,48,3
3260,551,3,0,1,1,1,2,1,2,0,2,17,212,42,120,128,49,10,0,156,78,2
3261,551,3,0,1,1,1,2,1,2,0,2,17,212,38,30,125,45,20,0,156,60,2
3262,551,3,0,1,1,1,2,1,2,0,2,17,165,38,60,125,45,30,0,96,78,3
3263,551,3,0,1,1,1,2,1,2,0,2,17,181,42,30,125,45,30,0,156,48,2
3264,551,3,0,1,1,1,2,1,2,0,2,17,181,38,30,128,40,10,0,96,60,3
3265,551,3,0,1,1,1,2,1,2,0,2,17,181,50,60,125,49,20,0,96,48,3
3266,551,3,0,1,1,1,2,1,2,0,2,17,212,50,30,128,50,30,0,96,78,3
3267,551,3,0,1,1,1,2,1,2,0,2,17,181,42,60,128,49,30,0,120,60,3
3268,552,3,0,1,1,1,3,1,1,0,17,2,193,54,120,138,57,20,0,143,60,2
3269,552,3,0,1,1,1,3,1,1,0,17,2,181,54,30,135,54,10,0,143,78,2
3270,552,3,0,1,1,1,3,1,1,0,17,2,217,54,60,142,64,30,0,143,48,2
3271,552,3,0,1,1,1,3,1,1,0,17,2,181,45,30,138,56,20,0,88,48,3
3272,552,3,0,1,1,1,3,1,1,0,17,2,217,40,60,138,45,20,0,110,78,2
3273,552,3,0,1,1,1,3,1,1,0,17,2,193,40,120,135,52,10,0,110,48,2
3274,552,3,0,1,1,1,3,1,1,0,17,2,181,54,120,142,64,10,0,88,60,3
3275,552,3,0,1,1,1,3,1,1,0,17,2,181,40,30,142,46,30,0,110,60,2
3276,552,3,0,1,1,1,3,1,1,0,17,2,217,45,60,135,50,10,0,88,60,3
3277,553,3,0,1,1,1,3,1,2,0,1,22,233,53,30,96,58,10,0,170,84,2
3278,553,3,0,1,1,1,3,1,2,0,1,22,233,53,120,88,72,10,0,221,136,2
3279,553,3,0,1,1,1,3,1,2,0,1,22,233,48,30,82,66,20,0,221,105,2
3280,553,3,0,1,1,1,3,1,2,0,1,22,177,48,60,82,66,30,0,136,136,2
3281,553,3,0,1,1,1,3,1,2,0,1,22,196,53,30,82,64,30,0,221,84,2
3282,553,3,0,1,1,1,3,1,2,0,1,22,196,48,30,88,54,10,0,136,105,2
3283,553,3,0,1,1,1,3,1,2,0,1,22,196,64,60,82,66,20,0,136,84,2
3284,553,3,0,1,1,1,3,1,2,0,1,22,233,64,30,88,72,30,0,136,136,2
3285,553,3,0,1,1,1,3,1,2,0,1,22,196,53,60,88,72,30,0,170,105,2
3286,554,3,0,1,1,1,3,1,3,0,2,1,125,46,120,48,49,30,0,100,60,2
3287,554,3,0,1,1,1,3,1,3,0,2,1,96,34,120,51,40,30,0,130,48,2
3288,554,3,0,1,1,1,3,1,3,0,2,1,125,34,120,55,43,20,0,80,48,3
3289,554,3,0,1,1,1,3,1,3,0,2,1,106,34,60,55,43,10,0,130,78,2
3290,554,3,0,1,1,1,3,1,3,0,2,1,106,38,120,55,43,30,0,80,78,3
3291,554,3,0,1,1,1,3,1,3,0,2,1,96,38,60,55,43,20,0,130,60,2
3292,554,3,0,1,1,1,3,1,3,0,2,1,96,46,60,51,52,10,0,100,48,2
3293,554,3,0,1,1,1,3,1,3,0,2,1,96,38,120,48,46,20,0,100,78,2
3294,554,3,0,1,1,1,3,1,3,0,2,1,106,46,30,55,58,20,0,100,78,2
3295,555,3,0,1,1,1,4,1,2,0,25,9,264,77,120,85,82,30,0,220,145,2
3296,555,3,0,1,1,1,4,1,2,0,25,9,201,58,120,93,66,30,0,286,116,2
3297,555,3,0,1,1,1,4,1,2,0,25,9,264,58,120,103,72,20,0,176,116,2
3298,555,3,0,1,1,1,4,1,2,0,25,9,222,58,60,103,72,10,0,286,188,2
3299,555,3,0,1,1,1,4,1,2,0,25,9,222,64,120,103,72,30,0,176,188,2
3300,555,3,0,1,1,1,4,1,2,0,25,9,201,64,60,103,72,20,0,286,145,2
3301,555,3,0,1,1,1,4,1,2,0,25,9,201,77,60,93,88,10,0,220,116,3
3302,555,3,0,1,1,1,4,1,2,0,25,9,201,64,120,85,78,20,0,220,188,2
3303,555,3,0,1,1,1,4,1,2,0,25,9,222,77,30,103,105,20,0,220,188,2
3304,556,3,0,1,2,0,2,0,2,0,1,17,116,25,30,49,28,10,0,60,32,2
3305,556,3,0,1,2,0,2,0,2,0,1,17,116,25,120,45,36,10,0,78,52,2
3306,556,3,0,1,2,0,2,0,2,0,1,17,116,22,30,42,32,20,0,78,40,2
3307,556,3,0,1,2,0,2,0,2,0,1,17,89,22,60,42,32,30,0,48,52,1
3308,556,3,0,1,2,0,2,0,2,0,1,17,98,25,30,42,31,30,0,78,32,2
3309,556,3,0,1,2,0,2,0,2,0,1,17,98,22,30,45,26,10,0,48,40,2
3310,556,3,0,1,2,0,2,0,2,0,1,17,98,30,60,42,34,20,0,48,32,2
3311,556,3,0,1,2,0,2,0,2,0,1,17,116,30,30,45,36,30,0,48,52,2
3312,556,3,0,1,2,0,2,0,2,0,1,17,98,25,60,45,36,30,0,60,40,3
3313,557,3,0,1,2,0,2,1,2,0,2,17,214,62,120,61,66,30,0,140,75,2
3314,557,3,0,1,2,0,2,1,2,0,2,17,163,47,120,67,53,30,0,182,60,2
3315,557,3,0,1,2,0,2,1,2,0,2,17,214,47,120,75,56,20,0,112,60,3
3316,557,3,0,1,2,0,2,1,2,0,2,17,180,47,60,75,56,10,0,182,97,2
3317,557,3,0,1,2,0,2,1,2,0,2,17,180,52,120,75,57,30,0,112,97,2
3318,557,3,0,1,2,0,2,1,2,0,2,17,163,52,60,75,57,20,0,182,75,2
3319,557,3,0,1,2,0,2,1,2,0,2,17,163,62,60,67,70,10,0,140,60,2
3320,557,3,0,1,2,0,2,1,2,0,2,17,163,52,120,61,62,20,0,140,97,2
3321,557,3,0,1,2,0,2,1,2,0,2,17,180,62,30,75,80,20,0,140,97,2
3322,558,3,0,1,2,0,2,1,2,0,22,1,199,65,120,91,74,20,0,221,95,2
3323,558,3,0,1,2,0,2,1,2,0,22,1,180,65,30,85,70,10,0,221,123,2
3324,558,3,0,1,2,0,2,1,2,0,22,1,237,65,60,99,86,30,0,221,76,3
3325,558,3,0,1,2,0,2,1,2,0,22,1,180,54,30,91,74,20,0,136,76,2
3326,558,3,0,1,2,0,2,1,2,0,22,1,237,49,60,91,57,20,0,170,123,2
3327,558,3,0,1,2,0,2,1,2,0,22,1,199,49,120,85,70,10,0,170,76,2
3328,558,3,0,1,2,0,2,1,2,0,22,1,180,65,120,99,86,10,0,136,95,2
3329,558,3,0,1,2,0,2,1,2,0,22,1,180,49,30,99,62,30,0,170,95,2
3330,558,3,0,1,2,0,2,1,2,0,22,1,237,54,60,85,64,10,0,136,95,2
3331,559,3,0,1,2,0,2,1,3,0,2,1,130,48,120,52,50,30,0,100,60,2
3332,559,3,0,1,2,0,2,1,3,0,2,1,100,36,120,55,42,30,0,130,48,2
3333,559,3,0,1,2,0,2,1,3,0,2,1,130,36,120,59,43,20,0,80,48,2
3334,559,3,0,1,2,0,2,1,3,0,2,1,110,36,60,59,43,10,0,130,78,2
3335,559,3,0,1,2,0,2,1,3,0,2,1,110,40,120,59,45,30,0,80,78,2
3336,559,3,0,1,2,0,2,1,3,0,2,1,100,40,60,59,45,20,0,130,60,2
3337,559,3,0,1,2,0,2,1,3,0,2,1,100,48,60,55,53,10,0,100,48,2
3338,559,3,0,1,2,0,2,1,3,0,2,1,100,40,120,52,46,20,0,100,78,2
3339,559,3,0,1,2,0,2,1,3,0,2,1,110,48,30,59,62,20,0,100,78,1
3340,560,3,0,1,2,0,2,1,3,0,2,17,174,59,120,61,66,20,0,182,80,2
3341,560,3,0,1,2,0,2,1,3,0,2,17,159,59,30,55,64,10,0,182,104,2
3342,560,3,0,1,2,0,2,1,3,0,2,17,205,59,60,69,80,30,0,182,64,2
3343,560,3,0,1,2,0,2,1,3,0,2,17,159,49,30,61,70,20,0,112,64,3
3344,560,3,0,1,2,0,2,1,3,0,2,17,205,44,60,61,52,20,0,140,104,2
3345,560,3,0,1,2,0,2,1,3,0,2,17,174,44,120,55,64,10,0,140,64,2
3346,560,3,0,1,2,0,2,1,3,0,2,17,159,59,120,69,80,10,0,112,80,3
3347,560,3,0,1,2,0,2,1,3,0,2,17,159,44,30,69,54,30,0,140,80,2
3348,560,3,0,1,2,0,2,1,3,0,2,17,205,49,60,55,58,10,0,112,80,3
3349,561,3,0,1,2,0,3,1,2,0,22,1,212,49,30,146,53,10,0,180,76,2
3350,561,3,0,1,2,0,3,1,2,0,22,1,212,49,120,142,62,10,0,234,123,2
3351,561,3,0,1,2,0,3,1,2,0,22,1,212,44,30,139,56,20,0,234,95,2
3352,561,3,0,1,2,0,3,1,2,0,22,1,171,44,60,139,56,30,0,144,123,3
3353,561,3,0,1,2,0,3,1,2,0,22,1,185,49,30,139,54,30,0,234,76,2
3354,561,3,0,1,2,0,3,1,2,0,22,1,185,44,30,142,49,10,0,144,95,3
3355,561,3,0,1,2,0,3,1,2,0,22,1,185,59,60,139,62,20,0,144,76,2
3356,561,3,0,1,2,0,3,1,2,0,22,1,212,59,30,142,64,30,0,144,123,2
3357,561,3,0,1,2,0,3,1,2,0,22,1,185,49,60,142,62,30,0,180,95,2
3358,562,3,0,1,2,0,3,1,3,0,22,2,103,30,120,31,34,30,0,90,55,2
3359,562,3,0,1,2,0,3,1,3,0,22,2,82,22,120,34,26,30,0,117,44,2
3360,562,3,0,1,2,0,3,1,3,0,22,2,103,22,120,38,28,20,0,72,44,3
3361,562,3,0,1,2,0,3,1,3,0,22,2,89,22,60,38,28,10,0,117,71,2
3362,562,3,0,1,2,0,3,1,3,0,22,2,89,25,120,38,29,30,0,72,71,3
3363,562,3,0,1,2,0,3,1,3,0,22,2,82,25,60,38,29,20,0,117,55,2
3364,562,3,0,1,2,0,3,1,3,0,22,2,82,30,60,34,38,10,0,90,44,2
3365,562,3,0,1,2,0,3,1,3,0,22,2,82,25,120,31,32,20,0,90,71,2
3366,562,3,0,1,2,0,3,1,3,0,22,2,89,30,30,38,43,20,0,90,71,1
3367,563,3,0,1,2,0,2,1,2,0,17,2,156,50,120,74,52,30,0,110,65,2
3368,563,3,0,1,2,0,2,1,2,0,17,2,120,38,120,77,43,30,0,143,52,2
3369,563,3,0,1,2,0,2,1,2,0,17,2,156,38,120,81,45,20,0,88,52,3
3370,563,3,0,1,2,0,2,1,2,0,17,2,132,38,60,81,45,10,0,143,84,2
3371,563,3,0,1,2,0,2,1,2,0,17,2,132,42,120,81,46,30,0,88,84,2
3372,563,3,0,1,2,0,2,1,2,0,17,2,120,42,60,81,46,20,0,143,65,2
3373,563,3,0,1,2,0,2,1,2,0,17,2,120,50,60,77,54,10,0,110,52,2
3374,563,3,0,1,2,0,2,1,2,0,17,2,120,42,120,74,49,20,0,110,84,2
3375,563,3,0,1,2,0,2,1,2,0,17,2,132,50,30,81,62,20,0,110,84,2
3376,564,3,0,1,2,0,2,1,3,0,2,1,164,52,120,115,54,20,0,130,55,3
3377,564,3,0,1,2,0,2,1,3,0,2,1,152,52,30,112,53,10,0,130,71,2
3378,564,3,0,1,2,0,2,1,3,0,2,1,189,52,60,119,64,30,0,130,44,3
3379,564,3,0,1,2,0,2,1,3,0,2,1,152,43,30,115,54,20,0,80,44,3
3380,564,3,0,1,2,0,2,1,3,0,2,1,189,39,60,115,43,20,0,100,71,2
3381,564,3,0,1,2,0,2,1,3,0,2,1,164,39,120,112,52,10,0,100,44,2
3382,564,3,0,1,2,0,2,1,3,0,2,1,152,52,120,119,64,10,0,80,55,3
3383,564,3,0,1,2,0,2,1,3,0,2,1,152,39,30,119,46,30,0,100,55,2
3384,564,3,0,1,2,0,2,1,3,0,2,1,189,43,60,112,49,10,0,80,55,3
3385,565,3,0,1,2,1,2,1,1,0,17,2,149,42,30,75,46,10,0,110,56,3
3386,565,3,0,1,2,1,2,1,1,0,17,2,149,42,120,71,54,10,0,143,91,2
3387,565,3,0,1,2,1,2,1,1,0,17,2,149,38,30,68,50,20,0,143,70,2
3388,565,3,0,1,2,1,2,1,1,0,17,2,114,38,60,68,50,30,0,88,91,3
3389,565,3,0,1,2,1,2,1,1,0,17,2,126,42,30,68,49,30,0,143,56,2
3390,565,3,0,1,2,1,2,1,1,0,17,2,126,38,30,71,43,10,0,88,70,3
3391,565,3,0,1,2,1,2,1,1,0,17,2,126,50,60,68,52,20,0,88,56,3
3392,565,3,0,1,2,1,2,1,1,0,17,2,149,50,30,71,54,30,0,88,91,3
3393,565,3,0,1,2,1,2,1,1,0,17,2,126,42,60,71,54,30,0,110,70,3
3394,566,3,0,1,2,1,2,1,2,0,1,22,245,65,120,97,72,30,0,160,105,2
3395,566,3,0,1,2,1,2,1,2,0,1,22,194,49,120,103,57,30,0,208,84,2
3396,566,3,0,1,2,1,2,1,2,0,1,22,245,49,120,111,62,20,0,128,84,2
3397,566,3,0,1,2,1,2,1,2,0,1,22,211,49,60,111,62,10,0,208,136,2
3398,566,3,0,1,2,1,2,1,2,0,1,22,211,54,120,111,62,30,0,128,136,2
3399,566,3,0,1,2,1,2,1,2,0,1,22,194,54,60,111,62,20,0,208,105,2
3400,566,3,0,1,2,1,2,1,2,0,1,22,194,65,60,103,74,10,0,160,84,2
3401,566,3,0,1,2,1,2,1,2,0,1,22,194,54,120,97,66,20,0,160,136,2
3402,566,3,0,1,2,1,2,1,2,0,1,22,211,65,30,111,86,20,0,160,136,2
3403,567,3,0,1,2,1,2,1,2,0,2,1,108,50,120,53,54,20,0,130,65,2
3404,567,3,0,1,2,1,2,1,2,0,2,1,98,50,30,50,52,10,0,130,84,2
3405,567,3,0,1,2,1,2,1,2,0,2,1,128,50,60,57,62,30,0,130,52,2
3406,567,3,0,1,2,1,2,1,2,0,2,1,98,42,30,53,54,20,0,80,52,3
3407,567,3,0,1,2,1,2,1,2,0,2,1,128,38,60,53,43,20,0,100,84,2
3408,567,3,0,1,2,1,2,1,2,0,2,1,108,38,120,50,50,10,0,100,52,3
3409,567,3,0,1,2,1,2,1,2,0,2,1,98,50,120,57,62,10,0,80,65,3
3410,567,3,0,1,2,1,2,1,2,0,2,1,98,38,30,57,45,30,0,100,65,3
3411,567,3,0,1,2,1,2,1,2,0,2,1,128,42,60,50,49,10,0,80,65,3
3412,568,3,0,1,2,1,2,1,2,0,2,1,159,42,30,84,46,10,0,110,44,3
3413,568,3,0,1,2,1,2,1,2,0,2,1,159,42,120,80,53,10,0,143,71,2
3414,568,3,0,1,2,1,2,1,2,0,2,1,159,38,30,77,50,20,0,143,55,2
3415,568,3,0,1,2,1,2,1,2,0,2,1,123,38,60,77,50,30,0,88,71,3
3416,568,3,0,1,2,1,2,1,2,0,2,1,135,42,30,77,48,30,0,143,44,2
3417,568,3,0,1,2,1,2,1,2,0,2,1,135,38,30,80,43,10,0,88,55,3
3418,568,3,0,1,2,1,2,1,2,0,2,1,135,50,60,77,52,20,0,88,44,3
3419,568,3,0,1,2,1,2,1,2,0,2,1,159,50,30,80,53,30,0,88,71,3
3420,568,3,0,1,2,1,2,1,2,0,2,1,135,42,60,80,53,30,0,110,55,2
3421,569,3,0,1,2,1,2,1,2,0,2,17,205,49,30,69,56,10,0,150,68,2
3422,569,3,0,1,2,1,2,1,2,0,2,17,205,49,120,61,70,10,0,195,110,2
3423,569,3,0,1,2,1,2,1,2,0,2,17,205,44,30,55,64,20,0,195,85,2
3424,569,3,0,1,2,1,2,1,2,0,2,17,159,44,60,55,64,30,0,120,110,2
3425,569,3,0,1,2,1,2,1,2,0,2,17,174,49,30,55,58,30,0,195,68,2
3426,569,3,0,1,2,1,2,1,2,0,2,17,174,44,30,61,52,10,0,120,85,2
3427,569,3,0,1,2,1,2,1,2,0,2,17,174,59,60,55,64,20,0,120,68,2
3428,569,3,0,1,2,1,2,1,2,0,2,17,205,59,30,61,66,30,0,120,110,2
3429,569,3,0,1,2,1,2,1,2,0,2,17,174,49,60,61,70,30,0,150,85,2
3430,570,3,0,1,2,1,2,1,2,0,2,17,233,50,30,149,54,10,0,140,64,2
3431,570,3,0,1,2,1,2,1,2,0,2,17,233,50,120,145,64,10,0,182,104,2
3432,570,3,0,1,2,1,2,1,2,0,2,17,233,45,30,142,58,20,0,182,80,2
3433,570,3,0,1,2,1,2,1,2,0,2,17,177,45,60,142,58,30,0,112,104,3
3434,570,3,0,1,2,1,2,1,2,0,2,17,196,50,30,142,57,30,0,182,64,2
3435,570,3,0,1,2,1,2,1,2,0,2,17,196,45,30,145,50,10,0,112,80,3
3436,570,3,0,1,2,1,2,1,2,0,2,17,196,60,60,142,62,20,0,112,64,3
3437,570,3,0,1,2,1,2,1,2,0,2,17,233,60,30,145,64,30,0,112,104,3
3438,570,3,0,1,2,1,2,1,2,0,2,17,196,50,60,145,64,30,0,140,80,2
3439,571,3,0,1,2,1,2,1,3,0,22,1,193,62,120,50,66,30,0,170,125,2
3440,571,3,0,1,2,1,2,1,3,0,22,1,150,47,120,56,53,30,0,221,100,2
3441,571,3,0,1,2,1,2,1,3,0,22,1,193,47,120,64,57,20,0,136,100,3
3442,571,3,0,1,2,1,2,1,3,0,22,1,164,47,60,64,57,10,0,221,162,2
3443,571,3,0,1,2,1,2,1,3,0,22,1,164,52,120,64,57,30,0,136,162,2
3444,571,3,0,1,2,1,2,1,3,0,22,1,150,52,60,64,57,20,0,221,125,2
3445,571,3,0,1,2,1,2,1,3,0,22,1,150,62,60,56,70,10,0,170,100,3
3446,571,3,0,1,2,1,2,1,3,0,22,1,150,52,120,50,62,20,0,170,162,2
3447,571,3,0,1,2,1,2,1,3,0,22,1,164,62,30,64,82,20,0,170,162,2
3448,572,3,0,1,2,1,3,0,3,0,22,1,240,64,120,91,70,30,0,200,125,2
3449,572,3,0,1,2,1,3,0,3,0,22,1,188,48,120,97,56,30,0,260,100,2
3450,572,3,0,1,2,1,3,0,3,0,22,1,240,48,120,105,58,20,0,160,100,2
3451,572,3,0,1,2,1,3,0,3,0,22,1,205,48,60,105,58,10,0,260,162,2
3452,572,3,0,1,2,1,3,0,3,0,22,1,205,53,120,105,62,30,0,160,162,2
3453,572,3,0,1,2,1,3,0,3,0,22,1,188,53,60,105,62,20,0,260,125,2
3454,572,3,0,1,2,1,3,0,3,0,22,1,188,64,60,97,72,10,0,200,100,2
3455,572,3,0,1,2,1,3,0,3,0,22,1,188,53,120,91,64,20,0,200,162,2
3456,572,3,0,1,2,1,3,0,3,0,22,1,205,64,30,105,86,20,0,200,162,2
3457,573,3,0,1,2,1,3,1,2,0,1,2,211,46,30,128,49,10,0,130,52,2
3458,573,3,0,1,2,1,3,1,2,0,1,2,211,46,120,124,57,10,0,169,84,2
3459,573,3,0,1,2,1,3,1,2,0,1,2,211,41,30,121,53,20,0,169,65,2
3460,573,3,0,1,2,1,3,1,2,0,1,2,158,41,60,121,53,30,0,104,84,1
3461,573,3,0,1,2,1,3,1,2,0,1,2,176,46,30,121,52,30,0,169,52,2
3462,573,3,0,1,2,1,3,1,2,0,1,2,176,41,30,124,46,10,0,104,65,2
3463,573,3,0,1,2,1,3,1,2,0,1,2,176,55,60,121,56,20,0,104,52,2
3464,573,3,0,1,2,1,3,1,2,0,1,2,211,55,30,124,58,30,0,104,84,2
3465,573,3,0,1,2,1,3,1,2,0,1,2,176,46,60,124,57,30,0,130,65,2
3466,574,3,0,1,2,1,3,1,2,0,1,2,105,43,120,50,50,20,0,104,65,1
3467,574,3,0,1,2,1,3,1,2,0,1,2,95,43,30,47,48,10,0,104,84,2
3468,574,3,0,1,2,1,3,1,2,0,1,2,124,43,60,54,57,30,0,104,52,3
3469,574,3,0,1,2,1,3,1,2,0,1,2,95,36,30,50,50,20,0,64,52,3
3470,574,3,0,1,2,1,3,1,2,0,1,2,124,32,60,50,38,20,0,80,84,2
3471,574,3,0,1,2,1,3,1,2,0,1,2,105,32,120,47,48,10,0,80,52,3
3472,574,3,0,1,2,1,3,1,2,0,1,2,95,43,120,54,57,10,0,64,65,3
3473,574,3,0,1,2,1,3,1,2,0,1,2,95,32,30,54,42,30,0,80,65,3
3474,574,3,0,1,2,1,3,1,2,0,1,2,124,36,60,47,45,10,0,64,65,3
3475,575,3,0,1,2,1,3,1,2,0,2,1,131,38,30,60,43,10,0,90,40,3
3476,575,3,0,1,2,1,3,1,2,0,2,1,131,38,120,56,52,10,0,117,65,2
3477,575,3,0,1,2,1,3,1,2,0,2,1,131,34,30,53,48,20,0,117,50,3
3478,575,3,0,1,2,1,3,1,2,0,2,1,101,34,60,53,48,30,0,72,65,2
3479,575,3,0,1,2,1,3,1,2,0,2,1,111,38,30,53,46,30,0,117,40,2
3480,575,3,0,1,2,1,3,1,2,0,2,1,111,34,30,56,40,10,0,72,50,2
3481,575,3,0,1,2,1,3,1,2,0,2,1,111,46,60,53,49,20,0,72,40,2
3482,575,3,0,1,2,1,3,1,2,0,2,1,131,46,30,56,52,30,0,72,65,3
3483,575,3,0,1,2,1,3,1,2,0,2,1,111,38,60,56,52,30,0,90,50,3
3484,576,3,0,1,2,1,3,1,2,0,22,18,281,79,120,176,80,30,0,270,180,3
3485,576,3,0,1,2,1,3,1,2,0,22,18,211,59,120,179,66,30,0,351,144,3
3486,576,3,0,1,2,1,3,1,2,0,22,18,281,59,120,183,66,20,0,216,144,3
3487,576,3,0,1,2,1,3,1,2,0,22,18,234,59,60,183,66,10,0,351,234,3
3488,576,3,0,1,2,1,3,1,2,0,22,18,234,66,120,183,70,30,0,216,234,3
3489,576,3,0,1,2,1,3,1,2,0,22,18,211,66,60,183,70,20,0,351,180,3
3490,576,3,0,1,2,1,3,1,2,0,22,18,211,79,60,179,82,10,0,270,144,3
3491,576,3,0,1,2,1,3,1,2,0,22,18,211,66,120,176,72,20,0,270,234,3
3492,576,3,0,1,2,1,3,1,2,0,22,18,234,79,30,183,91,20,0,270,234,3
3493,577,3,0,1,2,1,3,1,3,0,1,2,184,48,30,109,52,10,0,130,64,3
3494,577,3,0,1,2,1,3,1,3,0,1,2,184,48,120,105,62,10,0,169,104,2
3495,577,3,0,1,2,1,3,1,3,0,1,2,184,43,30,102,56,20,0,169,80,2
3496,577,3,0,1,2,1,3,1,3,0,1,2,144,43,60,102,56,30,0,104,104,3
3497,577,3,0,1,2,1,3,1,3,0,1,2,157,48,30,102,54,30,0,169,64,2
3498,577,3,0,1,2,1,3,1,3,0,1,2,157,43,30,105,49,10,0,104,80,3
3499,577,3,0,1,2,1,3,1,3,0,1,2,157,58,60,102,58,20,0,104,64,3
3500,577,3,0,1,2,1,3,1,3,0,1,2,184,58,30,105,62,30,0,104,104,3
3501,577,3,0,1,2,1,3,1,3,0,1,2,157,48,60,105,62,30,0,130,80,3
3502,578,3,0,1,2,1,3,1,3,0,2,17,255,54,30,109,62,10,0,160,88,3
3503,578,3,0,1,2,1,3,1,3,0,2,17,255,54,120,101,72,10,0,208,143,3
3504,578,3,0,1,2,1,3,1,3,0,2,17,255,49,30,95,66,20,0,208,110,3
3505,578,3,0,1,2,1,3,1,3,0,2,17,194,49,60,95,66,30,0,128,143,3
3506,578,3,0,1,2,1,3,1,3,0,2,17,214,54,30,95,64,30,0,208,88,3
3507,578,3,0,1,2,1,3,1,3,0,2,17,214,49,30,101,56,10,0,128,110,3
3508,578,3,0,1,2,1,3,1,3,0,2,17,214,65,60,95,70,20,0,128,88,3
3509,578,3,0,1,2,1,3,1,3,0,2,17,255,65,30,101,72,30,0,128,143,3
3510,578,3,0,1,2,1,3,1,3,0,2,17,214,54,60,101,72,30,0,160,110,3
3511,579,3,0,1,2,1,4,1,3,0,2,25,225,58,120,115,58,30,0,150,90,2
3512,579,3,0,1,2,1,4,1,3,0,2,25,181,43,120,120,49,30,0,195,72,2
3513,579,3,0,1,2,1,4,1,3,0,2,25,225,43,120,126,50,20,0,120,72,3
3514,579,3,0,1,2,1,4,1,3,0,2,25,196,43,60,126,50,10,0,195,117,2
3515,579,3,0,1,2,1,4,1,3,0,2,25,196,48,120,126,52,30,0,120,117,3
3516,579,3,0,1,2,1,4,1,3,0,2,25,181,48,60,126,52,20,0,195,90,1
3517,579,3,0,1,2,1,4,1,3,0,2,25,181,58,60,120,62,10,0,150,72,3
3518,579,3,0,1,2,1,4,1,3,0,2,25,181,48,120,115,54,20,0,150,117,2
3519,579,3,0,1,2,1,4,1,3,0,2,25,196,58,30,126,70,20,0,150,117,2
3520,580,3,0,1,2,1,2,1,2,0,17,2,200,49,30,122,53,10,0,120,64,2
3521,580,3,0,1,2,1,2,1,2,0,17,2,200,49,120,118,62,10,0,156,104,2
3522,580,3,0,1,2,1,2,1,2,0,17,2,200,44,30,115,56,20,0,156,80,2
3523,580,3,0,1,2,1,2,1,2,0,17,2,152,44,60,115,56,30,0,96,104,2
3524,580,3,0,1,2,1,2,1,2,0,17,2,168,49,30,115,54,30,0,156,64,2
3525,580,3,0,1,2,1,2,1,2,0,17,2,168,44,30,118,49,10,0,96,80,2
3526,580,3,0,1,2,1,2,1,2,0,17,2,168,59,60,115,58,20,0,96,64,3
3527,580,3,0,1,2,1,2,1,2,0,17,2,200,59,30,118,62,30,0,96,104,2
3528,580,3,0,1,2,1,2,1,2,0,17,2,168,49,60,118,62,30,0,120,80,3
3529,581,3,0,1,2,1,3,1,2,0,23,1,339,74,120,170,78,30,0,220,180,2
3530,581,3,0,1,2,1,3,1,2,0,23,1,257,56,120,176,64,30,0,286,144,2
3531,581,3,0,1,2,1,3,1,2,0,23,1,339,56,120,184,66,20,0,176,144,2
3532,581,3,0,1,2,1,3,1,2,0,23,1,284,56,60,184,66,10,0,286,234,2
3533,581,3,0,1,2,1,3,1,2,0,23,1,284,62,120,184,70,30,0,176,234,2
3534,581,3,0,1,2,1,3,1,2,0,23,1,257,62,60,184,70,20,0,286,180,2
3535,581,3,0,1,2,1,3,1,2,0,23,1,257,74,60,176,82,10,0,220,144,2
3536,581,3,0,1,2,1,3,1,2,0,23,1,257,62,120,170,72,20,0,220,234,2
3537,581,3,0,1,2,1,3,1,2,0,23,1,284,74,30,184,94,20,0,220,234,2
3538,582,3,0,1,2,1,4,1,2,0,22,1,193,62,120,50,66,30,0,170,95,2
3539,582,3,0,1,2,1,4,1,2,0,22,1,150,47,120,56,53,30,0,221,76,2
3540,582,3,0,1,2,1,4,1,2,0,22,1,193,47,120,64,57,20,0,136,76,2
3541,582,3,0,1,2,1,4,1,2,0,22,1,164,47,60,64,57,10,0,221,123,2
3542,582,3,0,1,2,1,4,1,2,0,22,1,164,52,120,64,57,30,0,136,123,2
3543,582,3,0,1,2,1,4,1,2,0,22,1,150,52,60,64,57,20,0,221,95,2
3544,582,3,0,1,2,1,4,1,2,0,22,1,150,62,60,56,70,10,0,170,76,2
3545,582,3,0,1,2,1,4,1,2,0,22,1,150,52,120,50,62,20,0,170,123,2
3546,582,3,0,1,2,1,4,1,2,0,22,1,164,62,30,64,82,20,0,170,123,2
3547,583,3,0,1,2,1,4,1,3,0,2,25,251,58,120,139,58,30,0,140,95,2
3548,583,3,0,1,2,1,4,1,3,0,2,25,205,43,120,144,49,30,0,182,76,2
3549,583,3,0,1,2,1,4,1,3,0,2,25,251,43,120,150,50,20,0,112,76,3
3550,583,3,0,1,2,1,4,1,3,0,2,25,220,43,60,150,50,10,0,182,123,2
3551,583,3,0,1,2,1,4,1,3,0,2,25,220,48,120,150,52,30,0,112,123,2
3552,583,3,0,1,2,1,4,1,3,0,2,25,205,48,60,150,52,20,0,182,95,2
3553,583,3,0,1,2,1,4,1,3,0,2,25,205,58,60,144,62,10,0,140,76,2
3554,583,3,0,1,2,1,4,1,3,0,2,25,205,48,120,139,54,20,0,140,123,2
3555,583,3,0,1,2,1,4,1,3,0,2,25,220,58,30,150,70,20,0,140,123,2
3556,584,3,0,1,2,1,3,1,4,0,2,20,178,45,30,100,49,10,0,120,56,2
3557,584,3,0,1,2,1,3,1,4,0,2,20,178,45,120,96,57,10,0,156,91,2
3558,584,3,0,1,2,1,3,1,4,0,2,20,178,40,30,93,53,20,0,156,70,2
3559,584,3,0,1,2,1,3,1,4,0,2,20,133,40,60,93,53,30,0,96,91,2
3560,584,3,0,1,2,1,3,1,4,0,2,20,148,45,30,93,52,30,0,156,56,2
3561,584,3,0,1,2,1,3,1,4,0,2,20,148,40,30,96,46,10,0,96,70,2
3562,584,3,0,1,2,1,3,1,4,0,2,20,148,54,60,93,56,20,0,96,56,3
3563,584,3,0,1,2,1,3,1,4,0,2,20,178,54,30,96,58,30,0,96,91,2
3564,584,3,0,1,2,1,3,1,4,0,2,20,148,45,60,96,57,30,0,120,70,2
3565,585,3,0,1,3,0,2,0,2,0,1,2,128,50,120,76,53,20,0,143,60,2
3566,585,3,0,1,3,0,2,0,2,0,1,2,117,50,30,73,52,10,0,143,78,2
3567,585,3,0,1,3,0,2,0,2,0,1,2,150,50,60,80,62,30,0,143,48,2
3568,585,3,0,1,3,0,2,0,2,0,1,2,117,42,30,76,53,20,0,88,48,3
3569,585,3,0,1,3,0,2,0,2,0,1,2,150,38,60,76,43,20,0,110,78,2
3570,585,3,0,1,3,0,2,0,2,0,1,2,128,38,120,73,50,10,0,110,48,3
3571,585,3,0,1,3,0,2,0,2,0,1,2,117,50,120,80,62,10,0,88,60,3
3572,585,3,0,1,3,0,2,0,2,0,1,2,117,38,30,80,45,30,0,110,60,3
3573,585,3,0,1,3,0,2,0,2,0,1,2,150,42,60,73,48,10,0,88,60,2
3574,586,3,0,1,3,0,2,1,3,0,2,1,135,38,30,65,43,10,0,80,40,3
3575,586,3,0,1,3,0,2,1,3,0,2,1,135,38,120,61,52,10,0,104,65,2
3576,586,3,0,1,3,0,2,1,3,0,2,1,135,34,30,58,48,20,0,104,50,2
3577,586,3,0,1,3,0,2,1,3,0,2,1,106,34,60,58,48,30,0,64,65,3
3578,586,3,0,1,3,0,2,1,3,0,2,1,116,38,30,58,45,30,0,104,40,3
3579,586,3,0,1,3,0,2,1,3,0,2,1,116,34,30,61,40,10,0,64,50,2
3580,586,3,0,1,3,0,2,1,3,0,2,1,116,46,60,58,49,20,0,64,40,2
3581,586,3,0,1,3,0,2,1,3,0,2,1,135,46,30,61,50,30,0,64,65,3
3582,586,3,0,1,3,0,2,1,3,0,2,1,116,38,60,61,52,30,0,80,50,1
3583,587,3,0,1,3,0,3,1,3,0,17,2,205,49,30,69,56,10,0,150,76,2
3584,587,3,0,1,3,0,3,1,3,0,17,2,205,49,120,61,70,10,0,195,123,2
3585,587,3,0,1,3,0,3,1,3,0,17,2,205,44,30,55,64,20,0,195,95,2
3586,587,3,0,1,3,0,3,1,3,0,17,2,159,44,60,55,64,30,0,120,123,2
3587,587,3,0,1,3,0,3,1,3,0,17,2,174,49,30,55,58,30,0,195,76,2
3588,587,3,0,1,3,0,3,1,3,0,17,2,174,44,30,61,52,10,0,120,95,2
3589,587,3,0,1,3,0,3,1,3,0,17,2,174,59,60,55,64,20,0,120,76,2
3590,587,3,0,1,3,0,3,1,3,0,17,2,205,59,30,61,66,30,0,120,123,2
3591,587,3,0,1,3,0,3,1,3,0,17,2,174,49,60,61,70,30,0,150,95,2
3592,588,3,0,1,3,0,4,1,3,0,25,22,72,22,120,48,26,20,0,65,25,2
3593,588,3,0,1,3,0,4,1,3,0,25,22,69,22,30,46,25,10,0,65,32,2
3594,588,3,0,1,3,0,4,1,3,0,25,22,79,22,60,50,32,30,0,65,20,3
3595,588,3,0,1,3,0,4,1,3,0,25,22,69,18,30,48,26,20,0,40,20,2
3596,588,3,0,1,3,0,4,1,3,0,25,22,79,16,60,48,19,20,0,50,32,2
3597,588,3,0,1,3,0,4,1,3,0,25,22,72,16,120,46,24,10,0,50,20,2
3598,588,3,0,1,3,0,4,1,3,0,25,22,69,22,120,50,32,10,0,40,25,3
3599,588,3,0,1,3,0,4,1,3,0,25,22,69,16,30,50,20,30,0,50,25,2
3600,588,3,0,1,3,0,4,1,3,0,25,22,79,18,60,46,22,10,0,40,25,2
3601,589,3,0,1,3,0,5,1,2,0,1,22,210,52,30,142,56,10,0,150,68,3
3602,589,3,0,1,3,0,5,1,2,0,1,22,210,52,120,138,64,10,0,195,110,1
3603,589,3,0,1,3,0,5,1,2,0,1,22,210,47,30,135,62,20,0,195,85,1
3604,589,3,0,1,3,0,5,1,2,0,1,22,167,47,60,135,62,30,0,120,110,1
3605,589,3,0,1,3,0,5,1,2,0,1,22,181,52,30,135,58,30,0,195,68,3
3606,589,3,0,1,3,0,5,1,2,0,1,22,181,47,30,138,53,10,0,120,85,1
3607,589,3,0,1,3,0,5,1,2,0,1,22,181,62,60,135,64,20,0,120,68,3
3608,589,3,0,1,3,0,5,1,2,0,1,22,210,62,30,138,66,30,0,120,110,1
3609,589,3,0,1,3,0,5,1,2,0,1,22,181,52,60,138,64,30,0,150,85,1
3610,590,3,0,1,3,1,3,1,3,0,2,20,252,56,30,167,62,10,0,170,76,2
3611,590,3,0,1,3,1,3,1,3,0,2,20,252,56,120,163,66,10,0,221,123,2
3612,590,3,0,1,3,1,3,1,3,0,2,20,252,50,30,160,64,20,0,221,95,2
3613,590,3,0,1,3,1,3,1,3,0,2,20,196,50,60,160,64,30,0,136,123,3
3614,590,3,0,1,3,1,3,1,3,0,2,20,215,56,30,160,62,30,0,221,76,2
3615,590,3,0,1,3,1,3,1,3,0,2,20,215,50,30,163,56,10,0,136,95,3
3616,590,3,0,1,3,1,3,1,3,0,2,20,215,67,60,160,70,20,0,136,76,3
3617,590,3,0,1,3,1,3,1,3,0,2,20,252,67,30,163,70,30,0,136,123,3
3618,590,3,0,1,3,1,3,1,3,0,2,20,215,56,60,163,66,30,0,170,95,3
3619,591,3,0,1,3,1,2,1,2,0,1,22,193,52,30,64,57,10,0,170,84,2
3620,591,3,0,1,3,1,2,1,2,0,1,22,193,52,120,56,72,10,0,221,136,2
3621,591,3,0,1,3,1,2,1,2,0,1,22,193,47,30,50,66,20,0,221,105,2
3622,591,3,0,1,3,1,2,1,2,0,1,22,150,47,60,50,66,30,0,136,136,2
3623,591,3,0,1,3,1,2,1,2,0,1,22,164,52,30,50,62,30,0,221,84,2
3624,591,3,0,1,3,1,2,1,2,0,1,22,164,47,30,56,53,10,0,136,105,2
3625,591,3,0,1,3,1,2,1,2,0,1,22,164,62,60,50,66,20,0,136,84,2
3626,591,3,0,1,3,1,2,1,2,0,1,22,193,62,30,56,70,30,0,136,136,2
3627,591,3,0,1,3,1,2,1,2,0,1,22,164,52,60,56,72,30,0,170,105,2
3628,592,3,0,1,3,1,3,1,3,0,22,1,186,60,120,143,64,20,0,208,90,2
3629,592,3,0,1,3,1,3,1,3,0,22,1,168,60,30,140,62,10,0,208,117,2
3630,592,3,0,1,3,1,3,1,3,0,22,1,221,60,60,147,72,30,0,208,72,2
3631,592,3,0,1,3,1,3,1,3,0,22,1,168,50,30,143,62,20,0,128,72,3
3632,592,3,0,1,3,1,3,1,3,0,22,1,221,45,60,143,50,20,0,160,117,2
3633,592,3,0,1,3,1,3,1,3,0,22,1,186,45,120,140,57,10,0,160,72,2
3634,592,3,0,1,3,1,3,1,3,0,22,1,168,60,120,147,72,10,0,128,90,3
3635,592,3,0,1,3,1,3,1,3,0,22,1,168,45,30,147,52,30,0,160,90,1
3636,592,3,0,1,3,1,3,1,3,0,22,1,221,50,60,140,56,10,0,128,90,3
3637,593,3,0,3,0,0,2,1,0,0,2,1,157,96,120,74,99,30,0,100,60,3
3638,593,3,0,3,0,0,2,1,0,0,2,1,119,72,120,77,83,30,0,130,48,2
3639,593,3,0,3,0,0,2,1,0,0,2,1,157,72,120,81,86,20,0,80,48,3
3640,593,3,0,3,0,0,2,1,0,0,2,1,132,72,60,81,86,10,0,130,78,2
3641,593,3,0,3,0,0,2,1,0,0,2,1,132,80,120,81,90,30,0,80,78,3
3642,593,3,0,3,0,0,2,1,0,0,2,1,119,80,60,81,90,20,0,130,60,2
3643,593,3,0,3,0,0,2,1,0,0,2,1,119,96,60,77,106,10,0,100,48,3
3644,593,3,0,3,0,0,2,1,0,0,2,1,119,80,120,74,95,20,0,100,78,2
3645,593,3,0,3,0,0,2,1,0,0,2,1,132,96,30,81,123,20,0,100,78,3
3646,594,3,0,3,0,0,2,1,0,0,2,25,125,96,120,49,106,20,0,156,70,2
3647,594,3,0,3,0,0,2,1,0,0,2,25,114,96,30,44,99,10,0,156,91,1
3648,594,3,0,3,0,0,2,1,0,0,2,25,146,96,60,55,123,30,0,156,56,3
3649,594,3,0,3,0,0,2,1,0,0,2,25,114,80,30,49,106,20,0,96,56,3
3650,594,3,0,3,0,0,2,1,0,0,2,25,146,72,60,49,83,20,0,120,91,2
3651,594,3,0,3,0,0,2,1,0,0,2,25,125,72,120,44,99,10,0,120,56,2
3652,594,3,0,3,0,0,2,1,0,0,2,25,114,96,120,55,123,10,0,96,70,3
3653,594,3,0,3,0,0,2,1,0,0,2,25,114,72,30,55,86,30,0,120,70,2
3654,594,3,0,3,0,0,2,1,0,0,2,25,146,80,60,44,91,10,0,96,70,3
3655,595,3,0,3,0,0,2,1,0,0,17,22,298,148,120,140,156,30,0,200,115,2
3656,595,3,0,3,0,0,2,1,0,0,17,22,232,111,120,146,128,30,0,260,92,2
3657,595,3,0,3,0,0,2,1,0,0,17,22,298,111,120,154,132,20,0,160,92,2
3658,595,3,0,3,0,0,2,1,0,0,17,22,254,111,60,154,132,10,0,260,149,2
3659,595,3,0,3,0,0,2,1,0,0,17,22,254,123,120,154,132,30,0,160,149,2
3660,595,3,0,3,0,0,2,1,0,0,17,22,232,123,60,154,132,20,0,260,115,2
3661,595,3,0,3,0,0,2,1,0,0,17,22,232,148,60,146,161,10,0,200,92,2
3662,595,3,0,3,0,0,2,1,0,0,17,22,232,123,120,140,144,20,0,200,149,2
3663,595,3,0,3,0,0,2,1,0,0,17,22,254,148,30,154,189,20,0,200,149,2
3664,596,3,0,3,0,0,3,1,0,0,2,1,120,80,30,55,90,10,0,110,52,3
3665,596,3,0,3,0,0,3,1,0,0,2,1,120,80,120,51,103,10,0,143,84,3
3666,596,3,0,3,0,0,3,1,0,0,2,1,120,72,30,48,98,20,0,143,65,3
3667,596,3,0,3,0,0,3,1,0,0,2,1,99,72,60,48,98,30,0,88,84,3
3668,596,3,0,3,0,0,3,1,0,0,2,1,106,80,30,48,91,30,0,143,52,3
3669,596,3,0,3,0,0,3,1,0,0,2,1,106,72,30,51,83,10,0,88,65,3
3670,596,3,0,3,0,0,3,1,0,0,2,1,106,96,60,48,99,20,0,88,52,3
3671,596,3,0,3,0,0,3,1,0,0,2,1,120,96,30,51,103,30,0,88,84,3
3672,596,3,0,3,0,0,3,1,0,0,2,1,106,80,60,51,103,30,0,110,65,3
3673,597,3,0,3,0,0,4,1,0,0,25,2,125,96,120,49,106,20,0,156,80,2
3674,597,3,0,3,0,0,4,1,0,0,25,2,114,96,30,44,99,10,0,156,104,2
3675,597,3,0,3,0,0,4,1,0,0,25,2,146,96,60,55,123,30,0,156,64,2
3676,597,3,0,3,0,0,4,1,0,0,25,2,114,80,30,49,106,20,0,96,64,3
3677,597,3,0,3,0,0,4,1,0,0,25,2,146,72,60,49,83,20,0,120,104,2
3678,597,3,0,3,0,0,4,1,0,0,25,2,125,72,120,44,99,10,0,120,64,2
3679,597,3,0,3,0,0,4,1,0,0,25,2,114,96,120,55,123,10,0,96,80,3
3680,597,3,0,3,0,0,4,1,0,0,25,2,114,72,30,55,86,30,0,120,80,2
3681,597,3,0,3,0,0,4,1,0,0,25,2,146,80,60,44,91,10,0,96,80,3
3682,598,3,0,3,0,1,3,1,3,0,17,25,308,139,30,143,156,10,0,250,144,2
3683,598,3,0,3,0,1,3,1,3,0,17,25,308,139,120,133,189,10,0,325,234,2
3684,598,3,0,3,0,1,3,1,3,0,17,25,308,125,30,125,172,20,0,325,180,2
3685,598,3,0,3,0,1,3,1,3,0,17,25,236,125,60,125,172,30,0,200,234,2
3686,598,3,0,3,0,1,3,1,3,0,17,25,260,139,30,125,161,30,0,325,144,2
3687,598,3,0,3,0,1,3,1,3,0,17,25,260,125,30,133,139,10,0,200,180,2
3688,598,3,0,3,0,1,3,1,3,0,17,25,260,167,60,125,177,20,0,200,144,3
3689,598,3,0,3,0,1,3,1,3,0,17,25,308,167,30,133,189,30,0,200,234,3
3690,598,3,0,3,0,1,3,1,3,0,17,25,260,139,60,133,189,30,0,250,180,2
3691,599,3,0,3,1,0,2,1,1,0,2,1,92,84,120,37,98,20,0,143,60,2
3692,599,3,0,3,1,0,2,1,1,0,2,1,85,84,30,34,91,10,0,143,78,2
3693,599,3,0,3,1,0,2,1,1,0,2,1,106,84,60,41,111,30,0,143,48,3
3694,599,3,0,3,1,0,2,1,1,0,2,1,85,70,30,37,98,20,0,88,48,3
3695,599,3,0,3,1,0,2,1,1,0,2,1,106,63,60,37,76,20,0,110,78,2
3696,599,3,0,3,1,0,2,1,1,0,2,1,92,63,120,34,91,10,0,110,48,2
3697,599,3,0,3,1,0,2,1,1,0,2,1,85,84,120,41,111,10,0,88,60,3
3698,599,3,0,3,1,0,2,1,1,0,2,1,85,63,30,41,80,30,0,110,60,1
3699,599,3,0,3,1,0,2,1,1,0,2,1,106,70,60,34,86,10,0,88,60,2
3700,600,3,0,3,1,0,2,1,2,0,1,2,171,91,30,96,99,10,0,120,64,2
3701,600,3,0,3,1,0,2,1,2,0,1,2,171,91,120,92,116,10,0,156,104,2
3702,600,3,0,3,1,0,2,1,2,0,1,2,171,82,30,89,108,20,0,156,80,2
3703,600,3,0,3,1,0,2,1,2,0,1,2,131,82,60,89,108,30,0,96,104,3
3704,600,3,0,3,1,0,2,1,2,0,1,2,144,91,30,89,103,30,0,156,64,2
3705,600,3,0,3,1,0,2,1,2,0,1,2,144,82,30,92,95,10,0,96,80,3
3706,600,3,0,3,1,0,2,1,2,0,1,2,144,109,60,89,114,20,0,96,64,3
3707,600,3,0,3,1,0,2,1,2,0,1,2,171,109,30,92,116,30,0,96,104,3
3708,600,3,0,3,1,0,2,1,2,0,1,2,144,91,60,92,116,30,0,120,80,2
3709,601,3,0,3,1,0,2,1,2,0,14,2,149,108,120,94,114,20,0,143,65,3
3710,601,3,0,3,1,0,2,1,2,0,14,2,134,108,30,91,111,10,0,143,84,2
3711,601,3,0,3,1,0,2,1,2,0,14,2,179,108,60,98,128,30,0,143,52,3
3712,601,3,0,3,1,0,2,1,2,0,14,2,134,90,30,94,114,20,0,88,52,3
3713,601,3,0,3,1,0,2,1,2,0,14,2,179,81,60,94,91,20,0,110,84,2
3714,601,3,0,3,1,0,2,1,2,0,14,2,149,81,120,91,106,10,0,110,52,3
3715,601,3,0,3,1,0,2,1,2,0,14,2,134,108,120,98,128,10,0,88,65,3
3716,601,3,0,3,1,0,2,1,2,0,14,2,134,81,30,98,95,30,0,110,65,3
3717,601,3,0,3,1,0,2,1,2,0,14,2,179,90,60,91,99,10,0,88,65,3
3718,602,3,0,3,1,0,3,1,1,0,22,1,254,111,30,117,123,10,0,180,104,3
3719,602,3,0,3,1,0,3,1,1,0,22,1,254,111,120,109,149,10,0,234,169,2
3720,602,3,0,3,1,0,3,1,1,0,22,1,254,100,30,103,139,20,0,234,130,2
3721,602,3,0,3,1,0,3,1,1,0,22,1,193,100,60,103,139,30,0,144,169,3
3722,602,3,0,3,1,0,3,1,1,0,22,1,213,111,30,103,132,30,0,234,104,2
3723,602,3,0,3,1,0,3,1,1,0,22,1,213,100,30,109,114,10,0,144,130,3
3724,602,3,0,3,1,0,3,1,1,0,22,1,213,133,60,103,144,20,0,144,104,3
3725,602,3,0,3,1,0,3,1,1,0,22,1,254,133,30,109,149,30,0,144,169,2
3726,602,3,0,3,1,0,3,1,1,0,22,1,213,111,60,109,149,30,0,180,130,3
3727,603,3,0,3,1,0,3,1,2,0,1,2,106,70,30,41,83,10,0,80,36,3
3728,603,3,0,3,1,0,3,1,2,0,1,2,106,70,120,37,98,10,0,104,58,3
3729,603,3,0,3,1,0,3,1,2,0,1,2,106,63,30,34,91,20,0,104,45,3
3730,603,3,0,3,1,0,3,1,2,0,1,2,85,63,60,34,91,30,0,64,58,3
3731,603,3,0,3,1,0,3,1,2,0,1,2,92,70,30,34,86,30,0,104,36,3
3732,603,3,0,3,1,0,3,1,2,0,1,2,92,63,30,37,76,10,0,64,45,3
3733,603,3,0,3,1,0,3,1,2,0,1,2,92,84,60,34,91,20,0,64,36,3
3734,603,3,0,3,1,0,3,1,2,0,1,2,106,84,30,37,98,30,0,64,58,3
3735,603,3,0,3,1,0,3,1,2,0,1,2,92,70,60,37,98,30,0,80,45,3
3736,604,3,0,3,1,0,3,1,2,0,17,2,205,118,120,55,128,30,0,180,110,2
3737,604,3,0,3,1,0,3,1,2,0,17,2,159,88,120,61,103,30,0,234,88,2
3738,604,3,0,3,1,0,3,1,2,0,17,2,205,88,120,69,108,20,0,144,88,3
3739,604,3,0,3,1,0,3,1,2,0,17,2,174,88,60,69,108,10,0,234,143,2
3740,604,3,0,3,1,0,3,1,2,0,17,2,174,98,120,69,111,30,0,144,143,3
3741,604,3,0,3,1,0,3,1,2,0,17,2,159,98,60,69,111,20,0,234,110,2
3742,604,3,0,3,1,0,3,1,2,0,17,2,159,118,60,61,132,10,0,180,88,3
3743,604,3,0,3,1,0,3,1,2,0,17,2,159,98,120,55,116,20,0,180,143,2
3744,604,3,0,3,1,0,3,1,2,0,17,2,174,118,30,69,161,20,0,180,143,3
3745,605,3,0,3,1,0,2,1,2,0,2,1,171,91,30,96,99,10,0,120,64,3
3746,605,3,0,3,1,0,2,1,2,0,2,1,171,91,120,92,116,10,0,156,104,2
3747,605,3,0,3,1,0,2,1,2,0,2,1,171,82,30,89,108,20,0,156,80,2
3748,605,3,0,3,1,0,2,1,2,0,2,1,131,82,60,89,108,30,0,96,104,3
3749,605,3,0,3,1,0,2,1,2,0,2,1,144,91,30,89,103,30,0,156,64,2
3750,605,3,0,3,1,0,2,1,2,0,2,1,144,82,30,92,95,10,0,96,80,3
3751,605,3,0,3,1,0,2,1,2,0,2,1,144,109,60,89,114,20,0,96,64,3
3752,605,3,0,3,1,0,2,1,2,0,2,1,171,109,30,92,116,30,0,96,104,3
3753,605,3,0,3,1,0,2,1,2,0,2,1,144,91,60,92,116,30,0,120,80,2
3754,606,3,0,3,1,0,3,1,2,0,1,2,106,70,30,41,83,10,0,90,44,2
3755,606,3,0,3,1,0,3,1,2,0,1,2,106,70,120,37,98,10,0,117,71,3
3756,606,3,0,3,1,0,3,1,2,0,1,2,106,63,30,34,91,20,0,117,55,2
3757,606,3,0,3,1,0,3,1,2,0,1,2,85,63,60,34,91,30,0,72,71,2
3758,606,3,0,3,1,0,3,1,2,0,1,2,92,70,30,34,86,30,0,117,44,2
3759,606,3,0,3,1,0,3,1,2,0,1,2,92,63,30,37,76,10,0,72,55,2
3760,606,3,0,3,1,0,3,1,2,0,1,2,92,84,60,34,91,20,0,72,44,2
3761,606,3,0,3,1,0,3,1,2,0,1,2,106,84,30,37,98,30,0,72,71,2
3762,606,3,0,3,1,0,3,1,2,0,1,2,92,70,60,37,98,30,0,90,55,2
3763,607,3,0,3,1,0,4,1,2,0,17,22,247,154,120,80,177,20,0,286,130,2
3764,607,3,0,3,1,0,4,1,2,0,17,22,224,154,30,71,165,10,0,286,169,2
3765,607,3,0,3,1,0,4,1,2,0,17,22,292,154,60,92,210,30,0,286,104,3
3766,607,3,0,3,1,0,4,1,2,0,17,22,224,128,30,80,182,20,0,176,104,3
3767,607,3,0,3,1,0,4,1,2,0,17,22,292,115,60,80,132,20,0,220,169,2
3768,607,3,0,3,1,0,4,1,2,0,17,22,247,115,120,71,165,10,0,220,104,2
3769,607,3,0,3,1,0,4,1,2,0,17,22,224,154,120,92,210,10,0,176,130,2
3770,607,3,0,3,1,0,4,1,2,0,17,22,224,115,30,92,144,30,0,220,130,2
3771,607,3,0,3,1,0,4,1,2,0,17,22,292,128,60,71,156,10,0,176,130,3
3772,608,3,0,3,1,1,2,0,4,0,22,1,218,127,120,69,139,30,0,160,105,2
3773,608,3,0,3,1,1,2,0,4,0,22,1,166,95,120,75,111,30,0,208,84,2
3774,608,3,0,3,1,1,2,0,4,0,22,1,218,95,120,83,116,20,0,128,84,3
3775,608,3,0,3,1,1,2,0,4,0,22,1,183,95,60,83,116,10,0,208,136,2
3776,608,3,0,3,1,1,2,0,4,0,22,1,183,106,120,83,123,30,0,128,136,3
3777,608,3,0,3,1,1,2,0,4,0,22,1,166,106,60,83,123,20,0,208,105,2
3778,608,3,0,3,1,1,2,0,4,0,22,1,166,127,60,75,144,10,0,160,84,3
3779,608,3,0,3,1,1,2,0,4,0,22,1,166,106,120,69,128,20,0,160,136,2
3780,608,3,0,3,1,1,2,0,4,0,22,1,183,127,30,83,172,20,0,160,136,3
3781,609,3,0,3,1,1,2,1,2,0,2,1,106,84,120,34,91,30,0,90,50,2
3782,609,3,0,3,1,1,2,1,2,0,2,1,85,63,120,37,76,30,0,117,40,2
3783,609,3,0,3,1,1,2,1,2,0,2,1,106,63,120,41,80,20,0,72,40,2
3784,609,3,0,3,1,1,2,1,2,0,2,1,92,63,60,41,80,10,0,117,65,2
3785,609,3,0,3,1,1,2,1,2,0,2,1,92,70,120,41,83,30,0,72,65,2
3786,609,3,0,3,1,1,2,1,2,0,2,1,85,70,60,41,83,20,0,117,50,2
3787,609,3,0,3,1,1,2,1,2,0,2,1,85,84,60,37,98,10,0,90,40,1
3788,609,3,0,3,1,1,2,1,2,0,2,1,85,70,120,34,86,20,0,90,65,2
3789,609,3,0,3,1,1,2,1,2,0,2,1,92,84,30,41,111,20,0,90,65,1
3790,610,3,0,3,1,1,3,1,2,0,2,1,143,80,30,70,90,10,0,100,48,3
3791,610,3,0,3,1,1,3,1,2,0,2,1,143,80,120,66,103,10,0,130,78,3
3792,610,3,0,3,1,1,3,1,2,0,2,1,143,72,30,63,98,20,0,130,60,3
3793,610,3,0,3,1,1,3,1,2,0,2,1,110,72,60,63,98,30,0,80,78,3
3794,610,3,0,3,1,1,3,1,2,0,2,1,121,80,30,63,91,30,0,130,48,3
3795,610,3,0,3,1,1,3,1,2,0,2,1,121,72,30,66,83,10,0,80,60,3
3796,610,3,0,3,1,1,3,1,2,0,2,1,121,96,60,63,98,20,0,80,48,3
3797,610,3,0,3,1,1,3,1,2,0,2,1,143,96,30,66,103,30,0,80,78,3
3798,610,3,0,3,1,1,3,1,2,0,2,1,121,80,60,66,103,30,0,100,60,3
3799,611,3,0,3,1,1,5,1,1,0,25,2,164,96,120,57,99,30,0,120,70,2
3800,611,3,0,3,1,1,5,1,1,0,25,2,125,72,120,62,83,30,0,156,56,2
3801,611,3,0,3,1,1,5,1,1,0,25,2,164,72,120,68,90,20,0,96,56,3
3802,611,3,0,3,1,1,5,1,1,0,25,2,138,72,60,68,90,10,0,156,91,2
3803,611,3,0,3,1,1,5,1,1,0,25,2,138,80,120,68,90,30,0,96,91,2
3804,611,3,0,3,1,1,5,1,1,0,25,2,125,80,60,68,90,20,0,156,70,2
3805,611,3,0,3,1,1,5,1,1,0,25,2,125,96,60,62,106,10,0,120,56,3
3806,611,3,0,3,1,1,5,1,1,0,25,2,125,80,120,57,95,20,0,120,91,2
3807,611,3,0,3,1,1,5,1,1,0,25,2,138,96,30,68,123,20,0,120,91,1
3808,612,3,0,3,1,1,3,0,2,0,15,2,192,119,120,109,144,20,0,169,70,3
3809,612,3,0,3,1,1,3,0,2,0,15,2,176,119,30,103,132,10,0,169,91,3
3810,612,3,0,3,1,1,3,0,2,0,15,2,224,119,60,117,165,30,0,169,56,3
3811,612,3,0,3,1,1,3,0,2,0,15,2,176,99,30,109,144,20,0,104,56,3
3812,612,3,0,3,1,1,3,0,2,0,15,2,224,89,60,109,108,20,0,130,91,2
3813,612,3,0,3,1,1,3,0,2,0,15,2,192,89,120,103,132,10,0,130,56,3
3814,612,3,0,3,1,1,3,0,2,0,15,2,176,119,120,117,165,10,0,104,70,3
3815,612,3,0,3,1,1,3,0,2,0,15,2,176,89,30,117,114,30,0,130,70,3
3816,612,3,0,3,1,1,3,0,2,0,15,2,224,99,60,103,128,10,0,104,70,3
3817,613,3,0,3,1,1,3,1,2,0,22,1,164,108,120,92,108,30,0,150,95,3
3818,613,3,0,3,1,1,3,1,2,0,22,1,125,81,120,95,91,30,0,195,76,2
3819,613,3,0,3,1,1,3,1,2,0,22,1,164,81,120,99,95,20,0,120,76,3
3820,613,3,0,3,1,1,3,1,2,0,22,1,138,81,60,99,95,10,0,195,123,2
3821,613,3,0,3,1,1,3,1,2,0,22,1,138,90,120,99,98,30,0,120,123,3
3822,613,3,0,3,1,1,3,1,2,0,22,1,125,90,60,99,98,20,0,195,95,2
3823,613,3,0,3,1,1,3,1,2,0,22,1,125,108,60,95,114,10,0,150,76,3
3824,613,3,0,3,1,1,3,1,2,0,22,1,125,90,120,92,99,20,0,150,123,3
3825,613,3,0,3,1,1,3,1,2,0,22,1,138,108,30,99,128,20,0,150,123,3
3826,614,3,0,3,2,0,2,1,2,0,1,25,236,148,120,63,156,30,0,190,115,2
3827,614,3,0,3,2,0,2,1,2,0,1,25,182,111,120,71,128,30,0,247,92,2
3828,614,3,0,3,2,0,2,1,2,0,1,25,236,111,120,81,132,20,0,152,92,3
3829,614,3,0,3,2,0,2,1,2,0,1,25,200,111,60,81,132,10,0,247,149,2
3830,614,3,0,3,2,0,2,1,2,0,1,25,200,123,120,81,139,30,0,152,149,3
3831,614,3,0,3,2,0,2,1,2,0,1,25,182,123,60,81,139,20,0,247,115,2
3832,614,3,0,3,2,0,2,1,2,0,1,25,182,148,60,71,165,10,0,190,92,2
3833,614,3,0,3,2,0,2,1,2,0,1,25,182,123,120,63,144,20,0,190,149,2
3834,614,3,0,3,2,0,2,1,2,0,1,25,200,148,30,81,198,20,0,190,149,2
3835,615,3,0,3,2,0,2,1,2,0,22,1,222,108,30,89,123,10,0,170,84,3
3836,615,3,0,3,2,0,2,1,2,0,22,1,222,108,120,81,149,10,0,221,136,2
3837,615,3,0,3,2,0,2,1,2,0,22,1,222,97,30,75,139,20,0,221,105,1
3838,615,3,0,3,2,0,2,1,2,0,22,1,173,97,60,75,139,30,0,136,136,1
3839,615,3,0,3,2,0,2,1,2,0,22,1,189,108,30,75,128,30,0,221,84,2
3840,615,3,0,3,2,0,2,1,2,0,22,1,189,97,30,81,114,10,0,136,105,3
3841,615,3,0,3,2,0,2,1,2,0,22,1,189,130,60,75,139,20,0,136,84,3
3842,615,3,0,3,2,0,2,1,2,0,22,1,222,130,30,81,149,30,0,136,136,2
3843,615,3,0,3,2,0,2,1,2,0,22,1,189,108,60,81,149,30,0,170,105,1
3844,616,3,0,3,2,0,2,1,2,0,22,17,247,154,120,80,177,20,0,286,135,2
3845,616,3,0,3,2,0,2,1,2,0,22,17,224,154,30,71,165,10,0,286,175,2
3846,616,3,0,3,2,0,2,1,2,0,22,17,292,154,60,92,210,30,0,286,108,3
3847,616,3,0,3,2,0,2,1,2,0,22,17,224,128,30,80,182,20,0,176,108,3
3848,616,3,0,3,2,0,2,1,2,0,22,17,292,115,60,80,132,20,0,220,175,2
3849,616,3,0,3,2,0,2,1,2,0,22,17,247,115,120,71,165,10,0,220,108,3
3850,616,3,0,3,2,0,2,1,2,0,22,17,224,154,120,92,210,10,0,176,135,3
3851,616,3,0,3,2,0,2,1,2,0,22,17,224,115,30,92,144,30,0,220,135,2
3852,616,3,0,3,2,0,2,1,2,0,22,17,292,128,60,71,156,10,0,176,135,2
3853,617,3,0,3,2,0,2,1,3,0,2,1,125,76,30,53,86,10,0,90,48,2
3854,617,3,0,3,2,0,2,1,3,0,2,1,125,76,120,49,99,10,0,117,78,2
3855,617,3,0,3,2,0,2,1,3,0,2,1,125,68,30,46,95,20,0,117,60,2
3856,617,3,0,3,2,0,2,1,3,0,2,1,94,68,60,46,95,30,0,72,78,3
3857,617,3,0,3,2,0,2,1,3,0,2,1,104,76,30,46,90,30,0,117,48,2
3858,617,3,0,3,2,0,2,1,3,0,2,1,104,68,30,49,80,10,0,72,60,2
3859,617,3,0,3,2,0,2,1,3,0,2,1,104,91,60,46,95,20,0,72,48,2
3860,617,3,0,3,2,0,2,1,3,0,2,1,125,91,30,49,99,30,0,72,78,3
3861,617,3,0,3,2,0,2,1,3,0,2,1,104,76,60,49,99,30,0,90,60,2
3862,618,3,0,3,2,0,2,1,3,0,25,1,200,148,120,71,165,20,0,273,135,2
3863,618,3,0,3,2,0,2,1,3,0,25,1,182,148,30,63,156,10,0,273,175,2
3864,618,3,0,3,2,0,2,1,3,0,25,1,236,148,60,81,198,30,0,273,108,2
3865,618,3,0,3,2,0,2,1,3,0,25,1,182,123,30,71,172,20,0,168,108,2
3866,618,3,0,3,2,0,2,1,3,0,25,1,236,111,60,71,128,20,0,210,175,2
3867,618,3,0,3,2,0,2,1,3,0,25,1,200,111,120,63,156,10,0,210,108,2
3868,618,3,0,3,2,0,2,1,3,0,25,1,182,148,120,81,198,10,0,168,135,2
3869,618,3,0,3,2,0,2,1,3,0,25,1,182,111,30,81,132,30,0,210,135,2
3870,618,3,0,3,2,0,2,1,3,0,25,1,236,123,60,63,144,10,0,168,135,2
3871,619,3,0,3,2,0,2,1,4,0,17,25,308,167,120,125,177,30,0,250,155,2
3872,619,3,0,3,2,0,2,1,4,0,17,25,236,125,120,133,139,30,0,325,124,2
3873,619,3,0,3,2,0,2,1,4,0,17,25,308,125,120,143,149,20,0,200,124,3
3874,619,3,0,3,2,0,2,1,4,0,17,25,260,125,60,143,149,10,0,325,201,2
3875,619,3,0,3,2,0,2,1,4,0,17,25,260,139,120,143,156,30,0,200,201,3
3876,619,3,0,3,2,0,2,1,4,0,17,25,236,139,60,143,156,20,0,325,155,2
3877,619,3,0,3,2,0,2,1,4,0,17,25,236,167,60,133,189,10,0,250,124,3
3878,619,3,0,3,2,0,2,1,4,0,17,25,236,139,120,125,161,20,0,250,201,2
3879,619,3,0,3,2,0,2,1,4,0,17,25,260,167,30,143,215,20,0,250,201,2
3880,620,3,0,3,2,0,3,1,2,0,2,1,106,70,30,41,83,10,0,90,56,2
3881,620,3,0,3,2,0,3,1,2,0,2,1,106,70,120,37,98,10,0,117,91,2
3882,620,3,0,3,2,0,3,1,2,0,2,1,106,63,30,34,91,20,0,117,70,2
3883,620,3,0,3,2,0,3,1,2,0,2,1,85,63,60,34,91,30,0,72,91,3
3884,620,3,0,3,2,0,3,1,2,0,2,1,92,70,30,34,86,30,0,117,56,2
3885,620,3,0,3,2,0,3,1,2,0,2,1,92,63,30,37,76,10,0,72,70,2
3886,620,3,0,3,2,0,3,1,2,0,2,1,92,84,60,34,91,20,0,72,56,3
3887,620,3,0,3,2,0,3,1,2,0,2,1,106,84,30,37,98,30,0,72,91,3
3888,620,3,0,3,2,0,3,1,2,0,2,1,92,70,60,37,98,30,0,90,70,3
3889,621,3,0,3,2,0,3,1,2,0,22,2,116,74,120,40,80,30,0,80,55,2
3890,621,3,0,3,2,0,3,1,2,0,22,2,89,56,120,43,63,30,0,104,44,2
3891,621,3,0,3,2,0,3,1,2,0,22,2,116,56,120,47,65,20,0,64,44,2
3892,621,3,0,3,2,0,3,1,2,0,22,2,98,56,60,47,65,10,0,104,71,2
3893,621,3,0,3,2,0,3,1,2,0,22,2,98,62,120,47,68,30,0,64,71,2
3894,621,3,0,3,2,0,3,1,2,0,22,2,89,62,60,47,68,20,0,104,55,2
3895,621,3,0,3,2,0,3,1,2,0,22,2,89,74,60,43,83,10,0,80,44,2
3896,621,3,0,3,2,0,3,1,2,0,22,2,89,62,120,40,71,20,0,80,71,2
3897,621,3,0,3,2,0,3,1,2,0,22,2,98,74,30,47,95,20,0,80,71,2
3898,622,3,0,3,2,0,3,1,3,0,22,1,216,127,120,68,132,30,0,170,100,3
3899,622,3,0,3,2,0,3,1,3,0,22,1,165,95,120,74,108,30,0,221,80,2
3900,622,3,0,3,2,0,3,1,3,0,22,1,216,95,120,82,116,20,0,136,80,3
3901,622,3,0,3,2,0,3,1,3,0,22,1,182,95,60,82,116,10,0,221,130,2
3902,622,3,0,3,2,0,3,1,3,0,22,1,182,106,120,82,116,30,0,136,130,3
3903,622,3,0,3,2,0,3,1,3,0,22,1,165,106,60,82,116,20,0,221,100,3
3904,622,3,0,3,2,0,3,1,3,0,22,1,165,127,60,74,144,10,0,170,80,2
3905,622,3,0,3,2,0,3,1,3,0,22,1,165,106,120,68,128,20,0,170,130,3
3906,622,3,0,3,2,0,3,1,3,0,22,1,182,127,30,82,165,20,0,170,130,3
3907,623,3,0,3,2,0,3,1,4,0,2,1,142,96,120,66,98,30,0,100,65,3
3908,623,3,0,3,2,0,3,1,4,0,2,1,106,72,120,69,83,30,0,130,52,2
3909,623,3,0,3,2,0,3,1,4,0,2,1,142,72,120,73,86,20,0,80,52,3
3910,623,3,0,3,2,0,3,1,4,0,2,1,118,72,60,73,86,10,0,130,84,2
3911,623,3,0,3,2,0,3,1,4,0,2,1,118,80,120,73,90,30,0,80,84,3
3912,623,3,0,3,2,0,3,1,4,0,2,1,106,80,60,73,90,20,0,130,65,2
3913,623,3,0,3,2,0,3,1,4,0,2,1,106,96,60,69,103,10,0,100,52,3
3914,623,3,0,3,2,0,3,1,4,0,2,1,106,80,120,66,91,20,0,100,84,3
3915,623,3,0,3,2,0,3,1,4,0,2,1,118,96,30,73,116,20,0,100,84,3
3916,624,3,0,3,2,0,3,1,3,0,2,25,132,83,30,80,98,10,0,130,68,3
3917,624,3,0,3,2,0,3,1,3,0,2,25,132,83,120,74,116,10,0,169,110,2
3918,624,3,0,3,2,0,3,1,3,0,2,25,132,75,30,69,108,20,0,169,85,2
3919,624,3,0,3,2,0,3,1,3,0,2,25,102,75,60,69,108,30,0,104,110,3
3920,624,3,0,3,2,0,3,1,3,0,2,25,112,83,30,69,103,30,0,169,68,2
3921,624,3,0,3,2,0,3,1,3,0,2,25,112,75,30,74,91,10,0,104,85,3
3922,624,3,0,3,2,0,3,1,3,0,2,25,112,100,60,69,111,20,0,104,68,3
3923,624,3,0,3,2,0,3,1,3,0,2,25,132,100,30,74,116,30,0,104,110,3
3924,624,3,0,3,2,0,3,1,3,0,2,25,112,83,60,74,116,30,0,130,85,2
3925,625,3,0,3,2,0,4,1,3,0,22,1,255,130,120,100,139,30,0,200,120,2
3926,625,3,0,3,2,0,4,1,3,0,22,1,194,97,120,106,114,30,0,260,96,2
3927,625,3,0,3,2,0,4,1,3,0,22,1,255,97,120,114,123,20,0,160,96,3
3928,625,3,0,3,2,0,4,1,3,0,22,1,214,97,60,114,123,10,0,260,156,2
3929,625,3,0,3,2,0,4,1,3,0,22,1,214,108,120,114,123,30,0,160,156,3
3930,625,3,0,3,2,0,4,1,3,0,22,1,194,108,60,114,123,20,0,260,120,2
3931,625,3,0,3,2,0,4,1,3,0,22,1,194,130,60,106,149,10,0,200,96,3
3932,625,3,0,3,2,0,4,1,3,0,22,1,194,108,120,100,128,20,0,200,156,2
3933,625,3,0,3,2,0,4,1,3,0,22,1,214,130,30,114,172,20,0,200,156,2
3934,626,3,0,3,2,1,2,0,1,0,2,25,190,103,120,83,108,30,0,130,100,2
3935,626,3,0,3,2,1,2,0,1,0,2,25,151,77,120,88,90,30,0,169,80,2
3936,626,3,0,3,2,1,2,0,1,0,2,25,190,77,120,94,91,20,0,104,80,3
3937,626,3,0,3,2,1,2,0,1,0,2,25,164,77,60,94,91,10,0,169,130,2
3938,626,3,0,3,2,1,2,0,1,0,2,25,164,86,120,94,95,30,0,104,130,3
3939,626,3,0,3,2,1,2,0,1,0,2,25,151,86,60,94,95,20,0,169,100,2
3940,626,3,0,3,2,1,2,0,1,0,2,25,151,103,60,88,111,10,0,130,80,2
3941,626,3,0,3,2,1,2,0,1,0,2,25,151,86,120,83,99,20,0,130,130,2
3942,626,3,0,3,2,1,2,0,1,0,2,25,164,103,30,94,128,20,0,130,130,2
3943,627,3,0,3,2,1,2,1,2,0,2,17,233,137,120,128,156,20,0,195,90,3
3944,627,3,0,3,2,1,2,1,2,0,2,17,210,137,30,122,149,10,0,195,117,2
3945,627,3,0,3,2,1,2,1,2,0,2,17,278,137,60,136,177,30,0,195,72,3
3946,627,3,0,3,2,1,2,1,2,0,2,17,210,114,30,128,156,20,0,120,72,3
3947,627,3,0,3,2,1,2,1,2,0,2,17,278,103,60,128,123,20,0,150,117,2
3948,627,3,0,3,2,1,2,1,2,0,2,17,233,103,120,122,144,10,0,150,72,3
3949,627,3,0,3,2,1,2,1,2,0,2,17,210,137,120,136,177,10,0,120,90,3
3950,627,3,0,3,2,1,2,1,2,0,2,17,210,103,30,136,128,30,0,150,90,2
3951,627,3,0,3,2,1,2,1,2,0,2,17,278,114,60,122,132,10,0,120,90,3
3952,628,3,0,3,2,1,2,1,2,0,2,25,146,96,120,44,99,30,0,120,85,2
3953,628,3,0,3,2,1,2,1,2,0,2,25,114,72,120,49,83,30,0,156,68,2
3954,628,3,0,3,2,1,2,1,2,0,2,25,146,72,120,55,86,20,0,96,68,3
3955,628,3,0,3,2,1,2,1,2,0,2,25,125,72,60,55,86,10,0,156,110,2
3956,628,3,0,3,2,1,2,1,2,0,2,25,125,80,120,55,90,30,0,96,110,3
3957,628,3,0,3,2,1,2,1,2,0,2,25,114,80,60,55,90,20,0,156,85,2
3958,628,3,0,3,2,1,2,1,2,0,2,25,114,96,60,49,106,10,0,120,68,2
3959,628,3,0,3,2,1,2,1,2,0,2,25,114,80,120,44,91,20,0,120,110,2
3960,628,3,0,3,2,1,2,1,2,0,2,25,125,96,30,55,123,20,0,120,110,2
3961,629,3,0,3,2,1,2,1,2,0,17,2,149,100,120,68,103,30,0,110,75,3
3962,629,3,0,3,2,1,2,1,2,0,17,2,114,75,120,71,86,30,0,143,60,2
3963,629,3,0,3,2,1,2,1,2,0,17,2,149,75,120,75,90,20,0,88,60,3
3964,629,3,0,3,2,1,2,1,2,0,17,2,126,75,60,75,90,10,0,143,97,1
3965,629,3,0,3,2,1,2,1,2,0,17,2,126,83,120,75,91,30,0,88,97,2
3966,629,3,0,3,2,1,2,1,2,0,17,2,114,83,60,75,91,20,0,143,75,2
3967,629,3,0,3,2,1,2,1,2,0,17,2,114,100,60,71,108,10,0,110,60,3
3968,629,3,0,3,2,1,2,1,2,0,17,2,114,83,120,68,98,20,0,110,97,2
3969,629,3,0,3,2,1,2,1,2,0,17,2,126,100,30,75,123,20,0,110,97,3
3970,630,3,0,3,2,1,2,1,2,0,17,2,179,114,120,124,123,20,0,143,65,3
3971,630,3,0,3,2,1,2,1,2,0,17,2,161,114,30,121,116,10,0,143,84,2
3972,630,3,0,3,2,1,2,1,2,0,17,2,215,114,60,128,139,30,0,143,52,3
3973,630,3,0,3,2,1,2,1,2,0,17,2,161,95,30,124,123,20,0,88,52,3
3974,630,3,0,3,2,1,2,1,2,0,17,2,215,85,60,124,95,20,0,110,84,2
3975,630,3,0,3,2,1,2,1,2,0,17,2,179,85,120,121,111,10,0,110,52,3
3976,630,3,0,3,2,1,2,1,2,0,17,2,161,114,120,128,139,10,0,88,65,3
3977,630,3,0,3,2,1,2,1,2,0,17,2,161,85,30,128,99,30,0,110,65,3
3978,630,3,0,3,2,1,2,1,2,0,17,2,215,95,60,121,106,10,0,88,65,3
3979,631,3,0,3,2,1,2,1,2,0,22,1,214,127,120,70,139,30,0,210,130,2
3980,631,3,0,3,2,1,2,1,2,0,22,1,163,95,120,76,111,30,0,273,104,2
3981,631,3,0,3,2,1,2,1,2,0,22,1,214,95,120,84,116,20,0,168,104,2
3982,631,3,0,3,2,1,2,1,2,0,22,1,180,95,60,84,116,10,0,273,169,2
3983,631,3,0,3,2,1,2,1,2,0,22,1,180,106,120,84,123,30,0,168,169,2
3984,631,3,0,3,2,1,2,1,2,0,22,1,163,106,60,84,123,20,0,273,130,2
3985,631,3,0,3,2,1,2,1,2,0,22,1,163,127,60,76,144,10,0,210,104,2
3986,631,3,0,3,2,1,2,1,2,0,22,1,163,106,120,70,128,20,0,210,169,2
3987,631,3,0,3,2,1,2,1,2,0,22,1,180,127,30,84,172,20,0,210,169,2
3988,632,3,0,3,2,1,2,1,2,0,22,1,173,130,120,65,149,20,0,221,95,2
3989,632,3,0,3,2,1,2,1,2,0,22,1,157,130,30,59,139,10,0,221,123,2
3990,632,3,0,3,2,1,2,1,2,0,22,1,206,130,60,73,172,30,0,221,76,2
3991,632,3,0,3,2,1,2,1,2,0,22,1,157,108,30,65,149,20,0,136,76,3
3992,632,3,0,3,2,1,2,1,2,0,22,1,206,97,60,65,114,20,0,170,123,2
3993,632,3,0,3,2,1,2,1,2,0,22,1,173,97,120,59,139,10,0,170,76,3
3994,632,3,0,3,2,1,2,1,2,0,22,1,157,130,120,73,172,10,0,136,95,3
3995,632,3,0,3,2,1,2,1,2,0,22,1,157,97,30,73,123,30,0,170,95,3
3996,632,3,0,3,2,1,2,1,2,0,22,1,206,108,60,59,128,10,0,136,95,3
3997,633,3,0,3,2,1,2,1,2,0,22,17,247,154,120,80,177,20,0,260,140,2
3998,633,3,0,3,2,1,2,1,2,0,22,17,224,154,30,71,165,10,0,260,182,2
3999,633,3,0,3,2,1,2,1,2,0,22,17,292,154,60,92,210,30,0,260,112,2
4000,633,3,0,3,2,1,2,1,2,0,22,17,224,128,30,80,182,20,0,160,112,3
4001,633,3,0,3,2,1,2,1,2,0,22,17,292,115,60,80,132,20,0,200,182,2
4002,633,3,0,3,2,1,2,1,2,0,22,17,247,115,120,71,165,10,0,200,112,2
4003,633,3,0,3,2,1,2,1,2,0,22,17,224,154,120,92,210,10,0,160,140,3
4004,633,3,0,3,2,1,2,1,2,0,22,17,224,115,30,92,144,30,0,200,140,2
4005,633,3,0,3,2,1,2,1,2,0,22,17,292,128,60,71,156,10,0,160,140,3
4006,634,3,0,3,2,1,2,1,2,0,22,19,214,114,120,120,114,30,0,150,105,2
4007,634,3,0,3,2,1,2,1,2,0,22,19,160,85,120,123,95,30,0,195,84,3
4008,634,3,0,3,2,1,2,1,2,0,22,19,214,85,120,127,98,20,0,120,84,3
4009,634,3,0,3,2,1,2,1,2,0,22,19,178,85,60,127,98,10,0,195,136,1
4010,634,3,0,3,2,1,2,1,2,0,22,19,178,95,120,127,99,30,0,120,136,3
4011,634,3,0,3,2,1,2,1,2,0,22,19,160,95,60,127,99,20,0,195,105,2
4012,634,3,0,3,2,1,2,1,2,0,22,19,160,114,60,123,116,10,0,150,84,2
4013,634,3,0,3,2,1,2,1,2,0,22,19,160,95,120,120,103,20,0,150,136,2
4014,634,3,0,3,2,1,2,1,2,0,22,19,178,114,30,127,128,20,0,150,136,2
4015,635,3,0,3,2,1,2,1,3,0,15,1,105,42,30,70,58,10,0,50,20,3
4016,635,3,0,3,2,1,2,1,3,0,15,1,105,42,120,66,76,10,0,65,32,3
4017,635,3,0,3,2,1,2,1,3,0,15,1,105,38,30,63,68,20,0,65,25,3
4018,635,3,0,3,2,1,2,1,3,0,15,1,81,38,60,63,68,30,0,40,32,3
4019,635,3,0,3,2,1,2,1,3,0,15,1,89,42,30,63,63,30,0,65,20,3
4020,635,3,0,3,2,1,2,1,3,0,15,1,89,38,30,66,53,10,0,40,25,3
4021,635,3,0,3,2,1,2,1,3,0,15,1,89,50,60,63,70,20,0,40,20,3
4022,635,3,0,3,2,1,2,1,3,0,15,1,105,50,30,66,76,30,0,40,32,3
4023,635,3,0,3,2,1,2,1,3,0,15,1,89,42,60,66,76,30,0,50,25,3
4024,636,3,0,3,2,1,3,0,2,0,2,17,156,100,120,74,103,30,0,110,65,3
4025,636,3,0,3,2,1,3,0,2,0,2,17,120,75,120,77,86,30,0,143,52,2
4026,636,3,0,3,2,1,3,0,2,0,2,17,156,75,120,81,90,20,0,88,52,3
4027,636,3,0,3,2,1,3,0,2,0,2,17,132,75,60,81,90,10,0,143,84,2
4028,636,3,0,3,2,1,3,0,2,0,2,17,132,83,120,81,91,30,0,88,84,3
4029,636,3,0,3,2,1,3,0,2,0,2,17,120,83,60,81,91,20,0,143,65,3
4030,636,3,0,3,2,1,3,0,2,0,2,17,120,100,60,77,108,10,0,110,52,3
4031,636,3,0,3,2,1,3,0,2,0,2,17,120,83,120,74,98,20,0,110,84,2
4032,636,3,0,3,2,1,3,0,2,0,2,17,132,100,30,81,123,20,0,110,84,3
4033,637,3,0,3,2,1,3,1,2,0,2,1,172,100,120,91,99,30,0,100,65,3
4034,637,3,0,3,2,1,3,1,2,0,2,1,129,75,120,94,83,30,0,130,52,2
4035,637,3,0,3,2,1,3,1,2,0,2,1,172,75,120,98,90,20,0,80,52,3
4036,637,3,0,3,2,1,3,1,2,0,2,1,143,75,60,98,90,10,0,130,84,2
4037,637,3,0,3,2,1,3,1,2,0,2,1,143,83,120,98,90,30,0,80,84,3
4038,637,3,0,3,2,1,3,1,2,0,2,1,129,83,60,98,90,20,0,130,65,2
4039,637,3,0,3,2,1,3,1,2,0,2,1,129,100,60,94,106,10,0,100,52,3
4040,637,3,0,3,2,1,3,1,2,0,2,1,129,83,120,91,95,20,0,100,84,3
4041,637,3,0,3,2,1,3,1,2,0,2,1,143,100,30,98,123,20,0,100,84,3
4042,638,3,0,3,2,1,3,1,2,0,2,17,239,130,120,82,139,30,0,170,100,3
4043,638,3,0,3,2,1,3,1,2,0,2,17,182,97,120,88,111,30,0,221,80,2
4044,638,3,0,3,2,1,3,1,2,0,2,17,239,97,120,96,116,20,0,136,80,3
4045,638,3,0,3,2,1,3,1,2,0,2,17,201,97,60,96,116,10,0,221,130,2
4046,638,3,0,3,2,1,3,1,2,0,2,17,201,108,120,96,123,30,0,136,130,3
4047,638,3,0,3,2,1,3,1,2,0,2,17,182,108,60,96,123,20,0,221,100,2
4048,638,3,0,3,2,1,3,1,2,0,2,17,182,130,60,88,144,10,0,170,80,3
4049,638,3,0,3,2,1,3,1,2,0,2,17,182,108,120,82,128,20,0,170,130,3
4050,638,3,0,3,2,1,3,1,2,0,2,17,201,130,30,96,172,20,0,170,130,3
4051,639,3,0,3,2,1,3,1,2,0,2,17,205,98,30,69,111,10,0,140,76,3
4052,639,3,0,3,2,1,3,1,2,0,2,17,205,98,120,61,139,10,0,182,123,2
4053,639,3,0,3,2,1,3,1,2,0,2,17,205,88,30,55,128,20,0,182,95,2
4054,639,3,0,3,2,1,3,1,2,0,2,17,159,88,60,55,128,30,0,112,123,2
4055,639,3,0,3,2,1,3,1,2,0,2,17,174,98,30,55,116,30,0,182,76,2
4056,639,3,0,3,2,1,3,1,2,0,2,17,174,88,30,61,103,10,0,112,95,2
4057,639,3,0,3,2,1,3,1,2,0,2,17,174,118,60,55,128,20,0,112,76,3
4058,639,3,0,3,2,1,3,1,2,0,2,17,205,118,30,61,132,30,0,112,123,2
4059,639,3,0,3,2,1,3,1,2,0,2,17,174,98,60,61,139,30,0,140,95,2
4060,640,3,0,3,2,1,3,1,2,0,20,22,251,154,120,114,182,20,0,286,130,2
4061,640,3,0,3,2,1,3,1,2,0,20,22,227,154,30,105,172,10,0,286,169,2
4062,640,3,0,3,2,1,3,1,2,0,20,22,299,154,60,126,215,30,0,286,104,1
4063,640,3,0,3,2,1,3,1,2,0,20,22,227,128,30,114,189,20,0,176,104,3
4064,640,3,0,3,2,1,3,1,2,0,20,22,299,115,60,114,139,20,0,220,169,2
4065,640,3,0,3,2,1,3,1,2,0,20,22,251,115,120,105,172,10,0,220,104,3
4066,640,3,0,3,2,1,3,1,2,0,20,22,227,154,120,126,215,10,0,176,130,3
4067,640,3,0,3,2,1,3,1,2,0,20,22,227,115,30,126,149,30,0,220,130,2
4068,640,3,0,3,2,1,3,1,2,0,20,22,299,128,60,105,161,10,0,176,130,2
4069,641,3,0,3,2,1,3,1,3,0,2,1,118,52,30,67,90,10,0,70,36,3
4070,641,3,0,3,2,1,3,1,3,0,2,1,118,52,120,63,106,10,0,91,58,3
4071,641,3,0,3,2,1,3,1,3,0,2,1,118,47,30,60,98,20,0,91,45,3
4072,641,3,0,3,2,1,3,1,3,0,2,1,91,47,60,60,98,30,0,56,58,3
4073,641,3,0,3,2,1,3,1,3,0,2,1,100,52,30,60,91,30,0,91,36,2
4074,641,3,0,3,2,1,3,1,3,0,2,1,100,47,30,63,83,10,0,56,45,3
4075,641,3,0,3,2,1,3,1,3,0,2,1,100,62,60,60,99,20,0,56,36,3
4076,641,3,0,3,2,1,3,1,3,0,2,1,118,62,30,63,106,30,0,56,58,3
4077,641,3,0,3,2,1,3,1,3,0,2,1,100,52,60,63,106,30,0,70,45,3
4078,642,3,0,3,2,1,4,1,2,0,22,1,224,133,120,74,144,30,0,170,105,3
4079,642,3,0,3,2,1,4,1,2,0,22,1,170,100,120,80,114,30,0,221,84,2
4080,642,3,0,3,2,1,4,1,2,0,22,1,224,100,120,88,123,20,0,136,84,2
4081,642,3,0,3,2,1,4,1,2,0,22,1,188,100,60,88,123,10,0,221,136,2
4082,642,3,0,3,2,1,4,1,2,0,22,1,188,111,120,88,123,30,0,136,136,2
4083,642,3,0,3,2,1,4,1,2,0,22,1,170,111,60,88,123,20,0,221,105,2
4084,642,3,0,3,2,1,4,1,2,0,22,1,170,133,60,80,149,10,0,170,84,2
4085,642,3,0,3,2,1,4,1,2,0,22,1,170,111,120,74,132,20,0,170,136,2
4086,642,3,0,3,2,1,4,1,2,0,22,1,188,133,30,88,172,20,0,170,136,3
4087,643,3,0,3,2,1,4,1,3,0,2,1,188,86,30,112,95,10,0,110,52,3
4088,643,3,0,3,2,1,4,1,3,0,2,1,188,86,120,108,111,10,0,143,84,2
4089,643,3,0,3,2,1,4,1,3,0,2,1,188,77,30,105,103,20,0,143,65,1
4090,643,3,0,3,2,1,4,1,3,0,2,1,142,77,60,105,103,30,0,88,84,2
4091,643,3,0,3,2,1,4,1,3,0,2,1,157,86,30,105,98,30,0,143,52,2
4092,643,3,0,3,2,1,4,1,3,0,2,1,157,77,30,108,90,10,0,88,65,2
4093,643,3,0,3,2,1,4,1,3,0,2,1,157,103,60,105,106,20,0,88,52,3
4094,643,3,0,3,2,1,4,1,3,0,2,1,188,103,30,108,111,30,0,88,84,2
4095,643,3,0,3,2,1,4,1,3,0,2,1,157,86,60,108,111,30,0,110,65,3
4096,644,3,0,3,2,1,4,1,3,0,2,17,263,127,120,102,132,30,0,150,130,3
4097,644,3,0,3,2,1,4,1,3,0,2,17,200,95,120,108,108,30,0,195,104,3
4098,644,3,0,3,2,1,4,1,3,0,2,17,263,95,120,116,116,20,0,120,104,3
4099,644,3,0,3,2,1,4,1,3,0,2,17,221,95,60,116,116,10,0,195,169,3
4100,644,3,0,3,2,1,4,1,3,0,2,17,221,106,120,116,116,30,0,120,169,3
4101,644,3,0,3,2,1,4,1,3,0,2,17,200,106,60,116,116,20,0,195,130,2
4102,644,3,0,3,2,1,4,1,3,0,2,17,200,127,60,108,144,10,0,150,104,3
4103,644,3,0,3,2,1,4,1,3,0,2,17,200,106,120,102,128,20,0,150,169,3
4104,644,3,0,3,2,1,4,1,3,0,2,17,221,127,30,116,165,20,0,150,169,3
4105,645,3,0,3,2,1,4,1,3,0,25,1,200,148,120,71,165,20,0,247,120,2
4106,645,3,0,3,2,1,4,1,3,0,25,1,182,148,30,63,156,10,0,247,156,2
4107,645,3,0,3,2,1,4,1,3,0,25,1,236,148,60,81,198,30,0,247,96,2
4108,645,3,0,3,2,1,4,1,3,0,25,1,182,123,30,71,172,20,0,152,96,3
4109,645,3,0,3,2,1,4,1,3,0,25,1,236,111,60,71,128,20,0,190,156,2
4110,645,3,0,3,2,1,4,1,3,0,25,1,200,111,120,63,156,10,0,190,96,2
4111,645,3,0,3,2,1,4,1,3,0,25,1,182,148,120,81,198,10,0,152,120,3
4112,645,3,0,3,2,1,4,1,3,0,25,1,182,111,30,81,132,30,0,190,120,2
4113,645,3,0,3,2,1,4,1,3,0,25,1,236,123,60,63,144,10,0,152,120,3
4114,646,3,0,3,2,1,3,1,3,0,1,25,300,158,120,115,172,30,0,220,145,2
4115,646,3,0,3,2,1,3,1,3,0,1,25,228,119,120,123,139,30,0,286,116,2
4116,646,3,0,3,2,1,3,1,3,0,1,25,300,119,120,133,144,20,0,176,116,3
4117,646,3,0,3,2,1,3,1,3,0,1,25,252,119,60,133,144,10,0,286,188,2
4118,646,3,0,3,2,1,3,1,3,0,1,25,252,132,120,133,149,30,0,176,188,3
4119,646,3,0,3,2,1,3,1,3,0,1,25,228,132,60,133,149,20,0,286,145,2
4120,646,3,0,3,2,1,3,1,3,0,1,25,228,158,60,123,177,10,0,220,116,2
4121,646,3,0,3,2,1,3,1,3,0,1,25,228,132,120,115,156,20,0,220,188,2
4122,646,3,0,3,2,1,3,1,3,0,1,25,252,158,30,133,210,20,0,220,188,2
4123,647,3,0,3,2,1,4,0,2,0,22,1,167,124,120,59,144,20,0,221,105,3
4124,647,3,0,3,2,1,4,0,2,0,22,1,151,124,30,53,132,10,0,221,136,3
4125,647,3,0,3,2,1,4,0,2,0,22,1,198,124,60,67,165,30,0,221,84,3
4126,647,3,0,3,2,1,4,0,2,0,22,1,151,103,30,59,144,20,0,136,84,3
4127,647,3,0,3,2,1,4,0,2,0,22,1,198,93,60,59,108,20,0,170,136,3
4128,647,3,0,3,2,1,4,0,2,0,22,1,167,93,120,53,132,10,0,170,84,3
4129,647,3,0,3,2,1,4,0,2,0,22,1,151,124,120,67,165,10,0,136,105,3
4130,647,3,0,3,2,1,4,0,2,0,22,1,151,93,30,67,114,30,0,170,105,3
4131,647,3,0,3,2,1,4,0,2,0,22,1,198,103,60,53,123,10,0,136,105,3
4132,648,3,0,3,2,1,4,1,3,0,2,1,106,91,120,51,99,20,0,143,75,2
4133,648,3,0,3,2,1,4,1,3,0,2,1,96,91,30,48,95,10,0,143,97,2
4134,648,3,0,3,2,1,4,1,3,0,2,1,125,91,60,55,114,30,0,143,60,2
4135,648,3,0,3,2,1,4,1,3,0,2,1,96,76,30,51,99,20,0,88,60,3
4136,648,3,0,3,2,1,4,1,3,0,2,1,125,68,60,51,80,20,0,110,97,2
4137,648,3,0,3,2,1,4,1,3,0,2,1,106,68,120,48,95,10,0,110,60,3
4138,648,3,0,3,2,1,4,1,3,0,2,1,96,91,120,55,114,10,0,88,75,3
4139,648,3,0,3,2,1,4,1,3,0,2,1,96,68,30,55,83,30,0,110,75,3
4140,648,3,0,3,2,1,4,1,3,0,2,1,125,76,60,48,90,10,0,88,75,3
4141,649,3,0,3,3,0,2,1,1,0,2,17,248,95,30,133,116,10,0,140,64,3
4142,649,3,0,3,3,0,2,1,1,0,2,17,248,95,120,125,144,10,0,182,104,2
4143,649,3,0,3,3,0,2,1,1,0,2,17,248,85,30,119,132,20,0,182,80,2
4144,649,3,0,3,3,0,2,1,1,0,2,17,197,85,60,119,132,30,0,112,104,3
4145,649,3,0,3,3,0,2,1,1,0,2,17,214,95,30,119,128,30,0,182,64,2
4146,649,3,0,3,3,0,2,1,1,0,2,17,214,85,30,125,108,10,0,112,80,3
4147,649,3,0,3,3,0,2,1,1,0,2,17,214,114,60,119,132,20,0,112,64,3
4148,649,3,0,3,3,0,2,1,1,0,2,17,248,114,30,125,144,30,0,112,104,3
4149,649,3,0,3,3,0,2,1,1,0,2,17,214,95,60,125,144,30,0,140,80,3
4150,650,3,0,3,3,0,3,1,3,0,14,22,354,154,120,190,161,30,0,190,125,3
4151,650,3,0,3,3,0,3,1,3,0,14,22,279,115,120,196,128,30,0,247,100,2
4152,650,3,0,3,3,0,3,1,3,0,14,22,354,115,120,204,132,20,0,152,100,3
4153,650,3,0,3,3,0,3,1,3,0,14,22,304,115,60,204,132,10,0,247,162,2
4154,650,3,0,3,3,0,3,1,3,0,14,22,304,128,120,204,139,30,0,152,162,3
4155,650,3,0,3,3,0,3,1,3,0,14,22,279,128,60,204,139,20,0,247,125,2
4156,650,3,0,3,3,0,3,1,3,0,14,22,279,154,60,196,165,10,0,190,100,3
4157,650,3,0,3,3,0,3,1,3,0,14,22,279,128,120,190,144,20,0,190,162,2
4158,650,3,0,3,3,0,3,1,3,0,14,22,304,154,30,204,189,20,0,190,162,3
4159,651,3,0,3,3,0,4,1,2,0,25,1,200,148,120,71,165,20,0,273,155,3
4160,651,3,0,3,3,0,4,1,2,0,25,1,182,148,30,63,156,10,0,273,201,3
4161,651,3,0,3,3,0,4,1,2,0,25,1,236,148,60,81,198,30,0,273,124,3
4162,651,3,0,3,3,0,4,1,2,0,25,1,182,123,30,71,172,20,0,168,124,3
4163,651,3,0,3,3,0,4,1,2,0,25,1,236,111,60,71,128,20,0,210,201,3
4164,651,3,0,3,3,0,4,1,2,0,25,1,200,111,120,63,156,10,0,210,124,3
4165,651,3,0,3,3,0,4,1,2,0,25,1,182,148,120,81,198,10,0,168,155,3
4166,651,3,0,3,3,0,4,1,2,0,25,1,182,111,30,81,132,30,0,210,155,3
4167,651,3,0,3,3,0,4,1,2,0,25,1,236,123,60,63,144,10,0,168,155,2
4168,652,3,0,3,3,1,2,1,3,0,25,1,236,123,30,81,139,10,0,210,100,3
4169,652,3,0,3,3,1,2,1,3,0,25,1,236,123,120,71,172,10,0,273,162,3
4170,652,3,0,3,3,1,2,1,3,0,25,1,236,111,30,63,156,20,0,273,125,3
4171,652,3,0,3,3,1,2,1,3,0,25,1,182,111,60,63,156,30,0,168,162,3
4172,652,3,0,3,3,1,2,1,3,0,25,1,200,123,30,63,144,30,0,273,100,3
4173,652,3,0,3,3,1,2,1,3,0,25,1,200,111,30,71,128,10,0,168,125,3
4174,652,3,0,3,3,1,2,1,3,0,25,1,200,148,60,63,156,20,0,168,100,3
4175,652,3,0,3,3,1,2,1,3,0,25,1,236,148,30,71,165,30,0,168,162,3
4176,652,3,0,3,3,1,2,1,3,0,25,1,200,123,60,71,172,30,0,210,125,3
4177,653,3,0,3,3,1,2,1,4,0,2,14,170,109,120,84,114,30,0,110,80,3
4178,653,3,0,3,3,1,2,1,4,0,2,14,128,82,120,87,95,30,0,143,64,2
4179,653,3,0,3,3,1,2,1,4,0,2,14,170,82,120,91,98,20,0,88,64,3
4180,653,3,0,3,3,1,2,1,4,0,2,14,142,82,60,91,98,10,0,143,104,2
4181,653,3,0,3,3,1,2,1,4,0,2,14,142,91,120,91,99,30,0,88,104,3
4182,653,3,0,3,3,1,2,1,4,0,2,14,128,91,60,91,99,20,0,143,80,2
4183,653,3,0,3,3,1,2,1,4,0,2,14,128,109,60,87,116,10,0,110,64,3
4184,653,3,0,3,3,1,2,1,4,0,2,14,128,91,120,84,103,20,0,110,104,2
4185,653,3,0,3,3,1,2,1,4,0,2,14,142,109,30,91,132,20,0,110,104,2
4186,654,3,0,3,3,1,3,1,2,0,2,17,200,100,120,112,99,30,0,130,65,3
4187,654,3,0,3,3,1,3,1,2,0,2,17,152,75,120,115,83,30,0,169,52,3
4188,654,3,0,3,3,1,3,1,2,0,2,17,200,75,120,119,86,20,0,104,52,3
4189,654,3,0,3,3,1,3,1,2,0,2,17,168,75,60,119,86,10,0,169,84,2
4190,654,3,0,3,3,1,3,1,2,0,2,17,168,83,120,119,90,30,0,104,84,3
4191,654,3,0,3,3,1,3,1,2,0,2,17,152,83,60,119,90,20,0,169,65,2
4192,654,3,0,3,3,1,3,1,2,0,2,17,152,100,60,115,103,10,0,130,52,3
4193,654,3,0,3,3,1,3,1,2,0,2,17,152,83,120,112,91,20,0,130,84,3
4194,654,3,0,3,3,1,3,1,2,0,2,17,168,100,30,119,111,20,0,130,84,3
4195,655,3,0,6,1,1,4,1,3,0,1,22,210,12,30,77,14,10,0,170,84,2
4196,655,3,0,6,1,1,4,1,3,0,1,22,210,12,120,69,19,10,0,221,136,2
4197,655,3,0,6,1,1,4,1,3,0,1,22,210,11,30,63,19,20,0,221,105,2
4198,655,3,0,6,1,1,4,1,3,0,1,22,160,11,60,63,19,30,0,136,136,2
4199,655,3,0,6,1,1,4,1,3,0,1,22,177,12,30,63,15,30,0,221,84,2
4200,655,3,0,6,1,1,4,1,3,0,1,22,177,11,30,69,14,10,0,136,105,2
4201,655,3,0,6,1,1,4,1,3,0,1,22,177,14,60,63,14,20,0,136,84,2
4202,655,3,0,6,1,1,4,1,3,0,1,22,210,14,30,69,15,30,0,136,136,2
4203,655,3,0,6,1,1,4,1,3,0,1,22,177,12,60,69,19,30,0,170,105,2
4204,656,3,1,1,0,0,2,1,0,0,17,2,205,84,30,69,94,10,0,140,76,2
4205,656,3,1,1,0,0,2,1,0,0,17,2,205,84,120,61,118,10,0,182,123,2
4206,656,3,1,1,0,0,2,1,0,0,17,2,205,76,30,55,109,20,0,182,95,2
4207,656,3,1,1,0,0,2,1,0,0,17,2,159,76,60,55,109,30,0,112,123,2
4208,656,3,1,1,0,0,2,1,0,0,17,2,174,84,30,55,99,30,0,182,76,2
4209,656,3,1,1,0,0,2,1,0,0,17,2,174,76,30,61,88,10,0,112,95,2
4210,656,3,1,1,0,0,2,1,0,0,17,2,174,101,60,55,109,20,0,112,76,2
4211,656,3,1,1,0,0,2,1,0,0,17,2,205,101,30,61,112,30,0,112,123,2
4212,656,3,1,1,0,0,2,1,0,0,17,2,174,84,60,61,118,30,0,140,95,2
4213,657,3,1,1,0,0,3,1,0,0,2,1,108,82,120,53,88,20,0,156,70,2
4214,657,3,1,1,0,0,3,1,0,0,2,1,97,82,30,50,84,10,0,156,91,2
4215,657,3,1,1,0,0,3,1,0,0,2,1,130,82,60,57,99,30,0,156,56,2
4216,657,3,1,1,0,0,3,1,0,0,2,1,97,68,30,53,88,20,0,96,56,3
4217,657,3,1,1,0,0,3,1,0,0,2,1,130,61,60,53,71,20,0,120,91,2
4218,657,3,1,1,0,0,3,1,0,0,2,1,108,61,120,50,84,10,0,120,56,2
4219,657,3,1,1,0,0,3,1,0,0,2,1,97,82,120,57,99,10,0,96,70,3
4220,657,3,1,1,0,0,3,1,0,0,2,1,97,61,30,57,74,30,0,120,70,3
4221,657,3,1,1,0,0,3,1,0,0,2,1,130,68,60,50,78,10,0,96,70,2
4222,658,3,1,1,0,0,3,1,0,0,2,1,160,81,30,88,84,10,0,110,60,3
4223,658,3,1,1,0,0,3,1,0,0,2,1,160,81,120,84,99,10,0,143,97,3
4224,658,3,1,1,0,0,3,1,0,0,2,1,160,73,30,81,92,20,0,143,75,3
4225,658,3,1,1,0,0,3,1,0,0,2,1,120,73,60,81,92,30,0,88,97,3
4226,658,3,1,1,0,0,3,1,0,0,2,1,133,81,30,81,90,30,0,143,60,3
4227,658,3,1,1,0,0,3,1,0,0,2,1,133,73,30,84,81,10,0,88,75,3
4228,658,3,1,1,0,0,3,1,0,0,2,1,133,97,60,81,97,20,0,88,60,3
4229,658,3,1,1,0,0,3,1,0,0,2,1,160,97,30,84,105,30,0,88,97,3
4230,658,3,1,1,0,0,3,1,0,0,2,1,133,81,60,84,99,30,0,110,75,3
4231,659,3,1,1,0,0,3,1,0,0,2,1,114,72,120,39,81,30,0,90,60,2
4232,659,3,1,1,0,0,3,1,0,0,2,1,88,54,120,42,65,30,0,117,48,2
4233,659,3,1,1,0,0,3,1,0,0,2,1,114,54,120,46,71,20,0,72,48,2
4234,659,3,1,1,0,0,3,1,0,0,2,1,97,54,60,46,71,10,0,117,78,2
4235,659,3,1,1,0,0,3,1,0,0,2,1,97,60,120,46,71,30,0,72,78,2
4236,659,3,1,1,0,0,3,1,0,0,2,1,88,60,60,46,71,20,0,117,60,2
4237,659,3,1,1,0,0,3,1,0,0,2,1,88,72,60,42,84,10,0,90,48,2
4238,659,3,1,1,0,0,3,1,0,0,2,1,88,60,120,39,76,20,0,90,78,2
4239,659,3,1,1,0,0,3,1,0,0,2,1,97,72,30,46,97,20,0,90,78,2
4240,660,3,1,1,0,0,3,1,0,0,22,2,62,101,120,38,105,20,0,143,80,2
4241,660,3,1,1,0,0,3,1,0,0,22,2,57,101,30,36,99,10,0,143,104,2
4242,660,3,1,1,0,0,3,1,0,0,22,2,72,101,60,40,109,30,0,143,64,2
4243,660,3,1,1,0,0,3,1,0,0,22,2,57,84,30,38,94,20,0,88,64,2
4244,660,3,1,1,0,0,3,1,0,0,22,2,72,76,60,38,84,20,0,110,104,2
4245,660,3,1,1,0,0,3,1,0,0,22,2,62,76,120,36,88,10,0,110,64,2
4246,660,3,1,1,0,0,3,1,0,0,22,2,57,101,120,40,109,10,0,88,80,2
4247,660,3,1,1,0,0,3,1,0,0,22,2,57,76,30,40,84,30,0,110,80,1
4248,660,3,1,1,0,0,3,1,0,0,22,2,72,84,60,36,90,10,0,88,80,2
4249,661,3,1,1,0,0,3,1,0,0,25,17,336,146,120,84,165,30,0,270,170,2
4250,661,3,1,1,0,0,3,1,0,0,25,17,257,110,120,95,133,30,0,351,136,2
4251,661,3,1,1,0,0,3,1,0,0,25,17,336,110,120,109,137,20,0,216,136,2
4252,661,3,1,1,0,0,3,1,0,0,25,17,283,110,60,109,137,10,0,351,221,2
4253,661,3,1,1,0,0,3,1,0,0,25,17,283,122,120,109,140,30,0,216,221,2
4254,661,3,1,1,0,0,3,1,0,0,25,17,257,122,60,109,140,20,0,351,170,2
4255,661,3,1,1,0,0,3,1,0,0,25,17,257,146,60,95,174,10,0,270,136,2
4256,661,3,1,1,0,0,3,1,0,0,25,17,257,122,120,84,150,20,0,270,221,2
4257,661,3,1,1,0,0,3,1,0,0,25,17,283,146,30,109,207,20,0,270,221,2
4258,662,3,1,1,0,0,4,1,0,0,2,1,106,60,30,41,71,10,0,110,52,2
4259,662,3,1,1,0,0,4,1,0,0,2,1,106,60,120,37,84,10,0,143,84,2
4260,662,3,1,1,0,0,4,1,0,0,2,1,106,54,30,34,78,20,0,143,65,2
4261,662,3,1,1,0,0,4,1,0,0,2,1,85,54,60,34,78,30,0,88,84,2
4262,662,3,1,1,0,0,4,1,0,0,2,1,92,60,30,34,74,30,0,143,52,2
4263,662,3,1,1,0,0,4,1,0,0,2,1,92,54,30,37,65,10,0,88,65,2
4264,662,3,1,1,0,0,4,1,0,0,2,1,92,72,60,34,78,20,0,88,52,2
4265,662,3,1,1,0,0,4,1,0,0,2,1,106,72,30,37,84,30,0,88,84,2
4266,662,3,1,1,0,0,4,1,0,0,2,1,92,60,60,37,84,30,0,110,65,2
4267,663,3,1,1,0,0,4,1,0,0,2,25,167,89,120,60,92,30,0,130,100,2
4268,663,3,1,1,0,0,4,1,0,0,2,25,128,67,120,65,76,30,0,169,80,2
4269,663,3,1,1,0,0,4,1,0,0,2,25,167,67,120,71,78,20,0,104,80,3
4270,663,3,1,1,0,0,4,1,0,0,2,25,141,67,60,71,78,10,0,169,130,2
4271,663,3,1,1,0,0,4,1,0,0,2,25,141,74,120,71,81,30,0,104,130,3
4272,663,3,1,1,0,0,4,1,0,0,2,25,128,74,60,71,81,20,0,169,100,2
4273,663,3,1,1,0,0,4,1,0,0,2,25,128,89,60,65,97,10,0,130,80,2
4274,663,3,1,1,0,0,4,1,0,0,2,25,128,74,120,60,84,20,0,130,130,2
4275,663,3,1,1,0,0,4,1,0,0,2,25,141,89,30,71,109,20,0,130,130,2
4276,664,3,1,1,0,0,3,1,0,0,2,1,92,72,120,37,84,20,0,143,60,2
4277,664,3,1,1,0,0,3,1,0,0,2,1,85,72,30,34,78,10,0,143,78,2
4278,664,3,1,1,0,0,3,1,0,0,2,1,106,72,60,41,94,30,0,143,48,2
4279,664,3,1,1,0,0,3,1,0,0,2,1,85,60,30,37,84,20,0,88,48,2
4280,664,3,1,1,0,0,3,1,0,0,2,1,106,54,60,37,65,20,0,110,78,2
4281,664,3,1,1,0,0,3,1,0,0,2,1,92,54,120,34,78,10,0,110,48,2
4282,664,3,1,1,0,0,3,1,0,0,2,1,85,72,120,41,94,10,0,88,60,2
4283,664,3,1,1,0,0,3,1,0,0,2,1,85,54,30,41,68,30,0,110,60,2
4284,664,3,1,1,0,0,3,1,0,0,2,1,106,60,60,34,74,10,0,88,60,2
4285,665,3,1,1,0,0,5,1,0,0,2,1,132,78,120,54,84,30,0,90,60,2
4286,665,3,1,1,0,0,5,1,0,0,2,1,102,58,120,57,68,30,0,117,48,2
4287,665,3,1,1,0,0,5,1,0,0,2,1,132,58,120,61,71,20,0,72,48,2
4288,665,3,1,1,0,0,5,1,0,0,2,1,112,58,60,61,71,10,0,117,78,2
4289,665,3,1,1,0,0,5,1,0,0,2,1,112,65,120,61,74,30,0,72,78,2
4290,665,3,1,1,0,0,5,1,0,0,2,1,102,65,60,61,74,20,0,117,60,2
4291,665,3,1,1,0,0,5,1,0,0,2,1,102,78,60,57,88,10,0,90,48,3
4292,665,3,1,1,0,0,5,1,0,0,2,1,102,65,120,54,76,20,0,90,78,3
4293,665,3,1,1,0,0,5,1,0,0,2,1,112,78,30,61,99,20,0,90,78,3
4294,666,3,1,1,0,0,5,1,0,0,2,1,106,60,30,41,71,10,0,90,52,3
4295,666,3,1,1,0,0,5,1,0,0,2,1,106,60,120,37,84,10,0,117,84,2
4296,666,3,1,1,0,0,5,1,0,0,2,1,106,54,30,34,78,20,0,117,65,2
4297,666,3,1,1,0,0,5,1,0,0,2,1,85,54,60,34,78,30,0,72,84,2
4298,666,3,1,1,0,0,5,1,0,0,2,1,92,60,30,34,74,30,0,117,52,2
4299,666,3,1,1,0,0,5,1,0,0,2,1,92,54,30,37,65,10,0,72,65,2
4300,666,3,1,1,0,0,5,1,0,0,2,1,92,72,60,34,78,20,0,72,52,3
4301,666,3,1,1,0,0,5,1,0,0,2,1,106,72,30,37,84,30,0,72,84,3
4302,666,3,1,1,0,0,5,1,0,0,2,1,92,60,60,37,84,30,0,90,65,3
4303,667,3,1,1,0,1,5,1,3,0,1,22,258,113,120,102,122,30,0,170,130,2
4304,667,3,1,1,0,1,5,1,3,0,1,22,195,85,120,108,99,30,0,221,104,2
4305,667,3,1,1,0,1,5,1,3,0,1,22,258,85,120,116,105,20,0,136,104,3
4306,667,3,1,1,0,1,5,1,3,0,1,22,216,85,60,116,105,10,0,221,169,2
4307,667,3,1,1,0,1,5,1,3,0,1,22,216,94,120,116,109,30,0,136,169,3
4308,667,3,1,1,0,1,5,1,3,0,1,22,195,94,60,116,109,20,0,221,130,2
4309,667,3,1,1,0,1,5,1,3,0,1,22,195,113,60,108,127,10,0,170,104,2
4310,667,3,1,1,0,1,5,1,3,0,1,22,195,94,120,102,112,20,0,170,169,2
4311,667,3,1,1,0,1,5,1,3,0,1,22,216,113,30,116,150,20,0,170,169,2
4312,668,3,1,1,1,0,3,1,2,0,1,2,92,72,120,37,84,20,0,117,60,3
4313,668,3,1,1,1,0,3,1,2,0,1,2,85,72,30,34,78,10,0,117,78,2
4314,668,3,1,1,1,0,3,1,2,0,1,2,106,72,60,41,94,30,0,117,48,3
4315,668,3,1,1,1,0,3,1,2,0,1,2,85,60,30,37,84,20,0,72,48,3
4316,668,3,1,1,1,0,3,1,2,0,1,2,106,54,60,37,65,20,0,90,78,2
4317,668,3,1,1,1,0,3,1,2,0,1,2,92,54,120,34,78,10,0,90,48,1
4318,668,3,1,1,1,0,3,1,2,0,1,2,85,72,120,41,94,10,0,72,60,3
4319,668,3,1,1,1,0,3,1,2,0,1,2,85,54,30,41,68,30,0,90,60,2
4320,668,3,1,1,1,0,3,1,2,0,1,2,106,60,60,34,74,10,0,72,60,2
4321,669,3,1,1,1,0,3,1,2,0,22,14,251,116,120,97,127,30,0,200,115,2
4322,669,3,1,1,1,0,3,1,2,0,22,14,191,87,120,103,105,30,0,260,92,2
4323,669,3,1,1,1,0,3,1,2,0,22,14,251,87,120,111,109,20,0,160,92,2
4324,669,3,1,1,1,0,3,1,2,0,22,14,211,87,60,111,109,10,0,260,149,2
4325,669,3,1,1,1,0,3,1,2,0,22,14,211,97,120,111,109,30,0,160,149,2
4326,669,3,1,1,1,0,3,1,2,0,22,14,191,97,60,111,109,20,0,260,115,2
4327,669,3,1,1,1,0,3,1,2,0,22,14,191,116,60,103,133,10,0,200,92,2
4328,669,3,1,1,1,0,3,1,2,0,22,14,191,97,120,97,118,20,0,200,149,2
4329,669,3,1,1,1,0,3,1,2,0,22,14,211,116,30,111,155,20,0,200,149,2
4330,670,3,1,1,1,0,3,1,3,0,1,2,92,72,120,37,84,20,0,117,65,2
4331,670,3,1,1,1,0,3,1,3,0,1,2,85,72,30,34,78,10,0,117,84,2
4332,670,3,1,1,1,0,3,1,3,0,1,2,106,72,60,41,94,30,0,117,52,2
4333,670,3,1,1,1,0,3,1,3,0,1,2,85,60,30,37,84,20,0,72,52,2
4334,670,3,1,1,1,0,3,1,3,0,1,2,106,54,60,37,65,20,0,90,84,2
4335,670,3,1,1,1,0,3,1,3,0,1,2,92,54,120,34,78,10,0,90,52,2
4336,670,3,1,1,1,0,3,1,3,0,1,2,85,72,120,41,94,10,0,72,65,3
4337,670,3,1,1,1,0,3,1,3,0,1,2,85,54,30,41,68,30,0,90,65,2
4338,670,3,1,1,1,0,3,1,3,0,1,2,106,60,60,34,74,10,0,72,65,2
4339,671,3,1,1,1,0,3,1,3,0,2,1,106,60,30,41,71,10,0,80,48,2
4340,671,3,1,1,1,0,3,1,3,0,2,1,106,60,120,37,84,10,0,104,78,2
4341,671,3,1,1,1,0,3,1,3,0,2,1,106,54,30,34,78,20,0,104,60,2
4342,671,3,1,1,1,0,3,1,3,0,2,1,85,54,60,34,78,30,0,64,78,2
4343,671,3,1,1,1,0,3,1,3,0,2,1,92,60,30,34,74,30,0,104,48,2
4344,671,3,1,1,1,0,3,1,3,0,2,1,92,54,30,37,65,10,0,64,60,2
4345,671,3,1,1,1,0,3,1,3,0,2,1,92,72,60,34,78,20,0,64,48,2
4346,671,3,1,1,1,0,3,1,3,0,2,1,106,72,30,37,84,30,0,64,78,2
4347,671,3,1,1,1,0,3,1,3,0,2,1,92,60,60,37,84,30,0,80,60,2
4348,672,3,1,1,1,0,3,1,3,0,17,3,248,85,120,195,88,20,0,143,65,2
4349,672,3,1,1,1,0,3,1,3,0,17,3,224,85,30,192,84,10,0,143,84,2
4350,672,3,1,1,1,0,3,1,3,0,17,3,296,85,60,199,94,30,0,143,52,3
4351,672,3,1,1,1,0,3,1,3,0,17,3,224,71,30,195,84,20,0,88,52,3
4352,672,3,1,1,1,0,3,1,3,0,17,3,296,64,60,195,71,20,0,110,84,2
4353,672,3,1,1,1,0,3,1,3,0,17,3,248,64,120,192,78,10,0,110,52,3
4354,672,3,1,1,1,0,3,1,3,0,17,3,224,85,120,199,94,10,0,88,65,3
4355,672,3,1,1,1,0,3,1,3,0,17,3,224,64,30,199,74,30,0,110,65,3
4356,672,3,1,1,1,0,3,1,3,0,17,3,296,71,60,192,78,10,0,88,65,3
4357,673,3,1,1,1,0,3,1,3,0,22,1,240,110,120,93,118,30,0,180,140,2
4358,673,3,1,1,1,0,3,1,3,0,22,1,185,83,120,99,94,30,0,234,112,2
4359,673,3,1,1,1,0,3,1,3,0,22,1,240,83,120,107,105,20,0,144,112,3
4360,673,3,1,1,1,0,3,1,3,0,22,1,203,83,60,107,105,10,0,234,182,2
4361,673,3,1,1,1,0,3,1,3,0,22,1,203,92,120,107,105,30,0,144,182,3
4362,673,3,1,1,1,0,3,1,3,0,22,1,185,92,60,107,105,20,0,234,140,2
4363,673,3,1,1,1,0,3,1,3,0,22,1,185,110,60,99,127,10,0,180,112,2
4364,673,3,1,1,1,0,3,1,3,0,22,1,185,92,120,93,109,20,0,180,182,2
4365,673,3,1,1,1,0,3,1,3,0,22,1,203,110,30,107,146,20,0,180,182,2
4366,674,3,1,1,1,0,4,1,2,0,25,2,150,78,120,73,78,30,0,110,70,2
4367,674,3,1,1,1,0,4,1,2,0,25,2,121,58,120,76,65,30,0,143,56,2
4368,674,3,1,1,1,0,4,1,2,0,25,2,150,58,120,80,68,20,0,88,56,2
4369,674,3,1,1,1,0,4,1,2,0,25,2,131,58,60,80,68,10,0,143,91,2
4370,674,3,1,1,1,0,4,1,2,0,25,2,131,65,120,80,71,30,0,88,91,2
4371,674,3,1,1,1,0,4,1,2,0,25,2,121,65,60,80,71,20,0,143,70,2
4372,674,3,1,1,1,0,4,1,2,0,25,2,121,78,60,76,81,10,0,110,56,2
4373,674,3,1,1,1,0,4,1,2,0,25,2,121,65,120,73,74,20,0,110,91,2
4374,674,3,1,1,1,0,4,1,2,0,25,2,131,78,30,80,90,20,0,110,91,2
4375,675,3,1,1,1,0,4,1,3,0,17,2,156,85,120,74,88,30,0,130,75,2
4376,675,3,1,1,1,0,4,1,3,0,17,2,120,64,120,77,74,30,0,169,60,2
4377,675,3,1,1,1,0,4,1,3,0,17,2,156,64,120,81,76,20,0,104,60,3
4378,675,3,1,1,1,0,4,1,3,0,17,2,132,64,60,81,76,10,0,169,97,2
4379,675,3,1,1,1,0,4,1,3,0,17,2,132,71,120,81,78,30,0,104,97,2
4380,675,3,1,1,1,0,4,1,3,0,17,2,120,71,60,81,78,20,0,169,75,2
4381,675,3,1,1,1,0,4,1,3,0,17,2,120,85,60,77,92,10,0,130,60,2
4382,675,3,1,1,1,0,4,1,3,0,17,2,120,71,120,74,84,20,0,130,97,2
4383,675,3,1,1,1,0,4,1,3,0,17,2,132,85,30,81,105,20,0,130,97,1
4384,676,3,1,1,1,0,4,1,3,0,22,12,197,101,120,142,105,20,0,208,160,2
4385,676,3,1,1,1,0,4,1,3,0,22,12,179,101,30,139,105,10,0,208,208,2
4386,676,3,1,1,1,0,4,1,3,0,22,12,234,101,60,146,112,30,0,208,128,2
4387,676,3,1,1,1,0,4,1,3,0,22,12,179,84,30,142,99,20,0,128,128,3
4388,676,3,1,1,1,0,4,1,3,0,22,12,234,76,60,142,84,20,0,160,208,2
4389,676,3,1,1,1,0,4,1,3,0,22,12,197,76,120,139,92,10,0,160,128,2
4390,676,3,1,1,1,0,4,1,3,0,22,12,179,101,120,146,112,10,0,128,160,3
4391,676,3,1,1,1,0,4,1,3,0,22,12,179,76,30,146,84,30,0,160,160,2
4392,676,3,1,1,1,0,4,1,3,0,22,12,234,84,60,139,92,10,0,128,160,2
4393,677,3,1,1,1,0,4,1,3,0,25,2,146,82,120,44,84,30,0,110,80,2
4394,677,3,1,1,1,0,4,1,3,0,25,2,114,61,120,49,71,30,0,143,64,2
4395,677,3,1,1,1,0,4,1,3,0,25,2,146,61,120,55,74,20,0,88,64,2
4396,677,3,1,1,1,0,4,1,3,0,25,2,125,61,60,55,74,10,0,143,104,2
4397,677,3,1,1,1,0,4,1,3,0,25,2,125,68,120,55,76,30,0,88,104,2
4398,677,3,1,1,1,0,4,1,3,0,25,2,114,68,60,55,76,20,0,143,80,2
4399,677,3,1,1,1,0,4,1,3,0,25,2,114,82,60,49,90,10,0,110,64,2
4400,677,3,1,1,1,0,4,1,3,0,25,2,114,68,120,44,78,20,0,110,104,2
4401,677,3,1,1,1,0,4,1,3,0,25,2,125,82,30,55,105,20,0,110,104,2
4402,678,3,1,1,1,0,4,1,3,0,25,13,297,90,30,180,97,10,0,180,104,3
4403,678,3,1,1,1,0,4,1,3,0,25,13,297,90,120,174,112,10,0,234,169,2
4404,678,3,1,1,1,0,4,1,3,0,25,13,297,81,30,169,105,20,0,234,130,2
4405,678,3,1,1,1,0,4,1,3,0,25,13,227,81,60,169,105,30,0,144,169,3
4406,678,3,1,1,1,0,4,1,3,0,25,13,250,90,30,169,105,30,0,234,104,2
4407,678,3,1,1,1,0,4,1,3,0,25,13,250,81,30,174,90,10,0,144,130,3
4408,678,3,1,1,1,0,4,1,3,0,25,13,250,108,60,169,112,20,0,144,104,3
4409,678,3,1,1,1,0,4,1,3,0,25,13,297,108,30,174,118,30,0,144,169,3
4410,678,3,1,1,1,0,4,1,3,0,25,13,250,90,60,174,112,30,0,180,130,2
4411,679,3,1,1,1,0,5,1,3,0,25,17,283,146,120,95,174,20,0,351,190,2
4412,679,3,1,1,1,0,5,1,3,0,25,17,257,146,30,84,165,10,0,351,247,2
4413,679,3,1,1,1,0,5,1,3,0,25,17,336,146,60,109,207,30,0,351,152,2
4414,679,3,1,1,1,0,5,1,3,0,25,17,257,122,30,95,178,20,0,216,152,2
4415,679,3,1,1,1,0,5,1,3,0,25,17,336,110,60,95,133,20,0,270,247,2
4416,679,3,1,1,1,0,5,1,3,0,25,17,283,110,120,84,165,10,0,270,152,2
4417,679,3,1,1,1,0,5,1,3,0,25,17,257,146,120,109,207,10,0,216,190,2
4418,679,3,1,1,1,0,5,1,3,0,25,17,257,110,30,109,137,30,0,270,190,2
4419,679,3,1,1,1,0,5,1,3,0,25,17,336,122,60,84,150,10,0,216,190,2
4420,680,3,1,1,1,0,3,1,2,0,20,10,273,90,30,197,97,10,0,170,84,3
4421,680,3,1,1,1,0,3,1,2,0,20,10,273,90,120,193,112,10,0,221,136,2
4422,680,3,1,1,1,0,3,1,2,0,20,10,273,81,30,190,105,20,0,221,105,3
4423,680,3,1,1,1,0,3,1,2,0,20,10,215,81,60,190,105,30,0,136,136,3
4424,680,3,1,1,1,0,3,1,2,0,20,10,234,90,30,190,105,30,0,221,84,3
4425,680,3,1,1,1,0,3,1,2,0,20,10,234,81,30,193,90,10,0,136,105,3
4426,680,3,1,1,1,0,3,1,2,0,20,10,234,108,60,190,112,20,0,136,84,3
4427,680,3,1,1,1,0,3,1,2,0,20,10,273,108,30,193,118,30,0,136,136,3
4428,680,3,1,1,1,0,3,1,2,0,20,10,234,90,60,193,112,30,0,170,105,2
4429,681,3,1,1,1,1,1,1,1,0,17,22,290,131,120,184,146,20,0,325,145,2
4430,681,3,1,1,1,1,1,1,1,0,17,22,266,131,30,178,140,10,0,325,188,2
4431,681,3,1,1,1,1,1,1,1,0,17,22,338,131,60,192,165,30,0,325,116,2
4432,681,3,1,1,1,1,1,1,1,0,17,22,266,109,30,184,146,20,0,200,116,1
4433,681,3,1,1,1,1,1,1,1,0,17,22,338,98,60,184,112,20,0,250,188,1
4434,681,3,1,1,1,1,1,1,1,0,17,22,290,98,120,178,133,10,0,250,116,1
4435,681,3,1,1,1,1,1,1,1,0,17,22,266,131,120,192,165,10,0,200,145,3
4436,681,3,1,1,1,1,1,1,1,0,17,22,266,98,30,192,118,30,0,250,145,2
4437,681,3,1,1,1,1,1,1,1,0,17,22,338,109,60,178,127,10,0,200,145,1
4438,682,3,1,1,1,1,3,1,2,0,1,25,214,131,120,85,146,20,0,299,150,2
4439,682,3,1,1,1,1,3,1,2,0,1,25,194,131,30,77,140,10,0,299,195,2
4440,682,3,1,1,1,1,3,1,2,0,1,25,255,131,60,95,174,30,0,299,120,2
4441,682,3,1,1,1,1,3,1,2,0,1,25,194,109,30,85,150,20,0,184,120,2
4442,682,3,1,1,1,1,3,1,2,0,1,25,255,98,60,85,112,20,0,230,195,2
4443,682,3,1,1,1,1,3,1,2,0,1,25,214,98,120,77,137,10,0,230,120,2
4444,682,3,1,1,1,1,3,1,2,0,1,25,194,131,120,95,174,10,0,184,150,3
4445,682,3,1,1,1,1,3,1,2,0,1,25,194,98,30,95,118,30,0,230,150,2
4446,682,3,1,1,1,1,3,1,2,0,1,25,255,109,60,77,127,10,0,184,150,2
4447,683,3,1,1,1,1,4,0,3,0,1,2,117,82,120,62,88,20,0,130,65,2
4448,683,3,1,1,1,1,4,0,3,0,1,2,105,82,30,59,84,10,0,130,84,2
4449,683,3,1,1,1,1,4,0,3,0,1,2,140,82,60,66,99,30,0,130,52,2
4450,683,3,1,1,1,1,4,0,3,0,1,2,105,68,30,62,88,20,0,80,52,3
4451,683,3,1,1,1,1,4,0,3,0,1,2,140,61,60,62,71,20,0,100,84,2
4452,683,3,1,1,1,1,4,0,3,0,1,2,117,61,120,59,84,10,0,100,52,3
4453,683,3,1,1,1,1,4,0,3,0,1,2,105,82,120,66,99,10,0,80,65,2
4454,683,3,1,1,1,1,4,0,3,0,1,2,105,61,30,66,74,30,0,100,65,3
4455,683,3,1,1,1,1,4,0,3,0,1,2,140,68,60,59,78,10,0,80,65,3
4456,684,3,1,1,1,1,4,1,2,0,18,2,274,97,30,177,105,10,0,170,84,3
4457,684,3,1,1,1,1,4,1,2,0,18,2,274,97,120,173,118,10,0,221,136,2
4458,684,3,1,1,1,1,4,1,2,0,18,2,274,87,30,170,109,20,0,221,105,2
4459,684,3,1,1,1,1,4,1,2,0,18,2,205,87,60,170,109,30,0,136,136,2
4460,684,3,1,1,1,1,4,1,2,0,18,2,228,97,30,170,109,30,0,221,84,2
4461,684,3,1,1,1,1,4,1,2,0,18,2,228,87,30,173,97,10,0,136,105,3
4462,684,3,1,1,1,1,4,1,2,0,18,2,228,116,60,170,118,20,0,136,84,3
4463,684,3,1,1,1,1,4,1,2,0,18,2,274,116,30,173,122,30,0,136,136,3
4464,684,3,1,1,1,1,4,1,2,0,18,2,228,97,60,173,118,30,0,170,105,3
4465,685,3,1,1,1,1,4,1,3,0,1,2,181,74,30,100,81,10,0,110,60,2
4466,685,3,1,1,1,1,4,1,3,0,1,2,181,74,120,96,94,10,0,143,97,2
4467,685,3,1,1,1,1,4,1,3,0,1,2,181,67,30,93,88,20,0,143,75,2
4468,685,3,1,1,1,1,4,1,3,0,1,2,136,67,60,93,88,30,0,88,97,3
4469,685,3,1,1,1,1,4,1,3,0,1,2,151,74,30,93,84,30,0,143,60,3
4470,685,3,1,1,1,1,4,1,3,0,1,2,151,67,30,96,76,10,0,88,75,3
4471,685,3,1,1,1,1,4,1,3,0,1,2,151,89,60,93,90,20,0,88,60,2
4472,685,3,1,1,1,1,4,1,3,0,1,2,181,89,30,96,94,30,0,88,97,3
4473,685,3,1,1,1,1,4,1,3,0,1,2,151,74,60,96,94,30,0,110,75,2
4474,686,3,1,1,1,1,5,1,3,0,17,25,300,134,120,115,146,30,0,300,160,2
4475,686,3,1,1,1,1,5,1,3,0,17,25,228,101,120,123,118,30,0,390,128,2
4476,686,3,1,1,1,1,5,1,3,0,17,25,300,101,120,133,122,20,0,240,128,3
4477,686,3,1,1,1,1,5,1,3,0,17,25,252,101,60,133,122,10,0,390,208,2
4478,686,3,1,1,1,1,5,1,3,0,17,25,252,112,120,133,127,30,0,240,208,3
4479,686,3,1,1,1,1,5,1,3,0,17,25,228,112,60,133,127,20,0,390,160,2
4480,686,3,1,1,1,1,5,1,3,0,17,25,228,134,60,123,150,10,0,300,128,3
4481,686,3,1,1,1,1,5,1,3,0,17,25,228,112,120,115,133,20,0,300,208,2
4482,686,3,1,1,1,1,5,1,3,0,17,25,252,134,30,133,178,20,0,300,208,2
4483,687,3,1,1,1,1,2,1,2,0,1,25,236,126,120,63,133,30,0,190,130,2
4484,687,3,1,1,1,1,2,1,2,0,1,25,182,94,120,71,109,30,0,247,104,2
4485,687,3,1,1,1,1,2,1,2,0,1,25,236,94,120,81,112,20,0,152,104,3
4486,687,3,1,1,1,1,2,1,2,0,1,25,200,94,60,81,112,10,0,247,169,2
4487,687,3,1,1,1,1,2,1,2,0,1,25,200,105,120,81,118,30,0,152,169,3
4488,687,3,1,1,1,1,2,1,2,0,1,25,182,105,60,81,118,20,0,247,130,2
4489,687,3,1,1,1,1,2,1,2,0,1,25,182,126,60,71,140,10,0,190,104,2
4490,687,3,1,1,1,1,2,1,2,0,1,25,182,105,120,63,122,20,0,190,169,2
4491,687,3,1,1,1,1,2,1,2,0,1,25,200,126,30,81,168,20,0,190,169,2
4492,688,3,1,1,1,1,3,1,3,0,1,22,276,92,30,132,105,10,0,170,124,2
4493,688,3,1,1,1,1,3,1,3,0,1,22,276,92,120,124,127,10,0,221,201,2
4494,688,3,1,1,1,1,3,1,3,0,1,22,276,83,30,118,118,20,0,221,155,2
4495,688,3,1,1,1,1,3,1,3,0,1,22,210,83,60,118,118,30,0,136,201,3
4496,688,3,1,1,1,1,3,1,3,0,1,22,232,92,30,118,109,30,0,221,124,2
4497,688,3,1,1,1,1,3,1,3,0,1,22,232,83,30,124,97,10,0,136,155,3
4498,688,3,1,1,1,1,3,1,3,0,1,22,232,110,60,118,118,20,0,136,124,3
4499,688,3,1,1,1,1,3,1,3,0,1,22,276,110,30,124,127,30,0,136,201,3
4500,688,3,1,1,1,1,3,1,3,0,1,22,232,92,60,124,127,30,0,170,155,2
4501,689,3,1,1,1,1,4,1,3,0,22,17,323,134,120,95,150,30,0,230,120,2
4502,689,3,1,1,1,1,4,1,3,0,22,17,245,101,120,104,122,30,0,299,96,2
4503,689,3,1,1,1,1,4,1,3,0,22,17,323,101,120,116,127,20,0,184,96,2
4504,689,3,1,1,1,1,4,1,3,0,22,17,271,101,60,116,127,10,0,299,156,2
4505,689,3,1,1,1,1,4,1,3,0,22,17,271,112,120,116,133,30,0,184,156,2
4506,689,3,1,1,1,1,4,1,3,0,22,17,245,112,60,116,133,20,0,299,120,2
4507,689,3,1,1,1,1,4,1,3,0,22,17,245,134,60,104,161,10,0,230,96,2
4508,689,3,1,1,1,1,4,1,3,0,22,17,245,112,120,95,137,20,0,230,156,2
4509,689,3,1,1,1,1,4,1,3,0,22,17,271,134,30,116,187,20,0,230,156,2
4510,690,3,1,1,2,0,2,1,2,0,2,1,119,60,30,50,71,10,0,90,40,3
4511,690,3,1,1,2,0,2,1,2,0,2,1,119,60,120,46,84,10,0,117,65,2
4512,690,3,1,1,2,0,2,1,2,0,2,1,119,54,30,43,81,20,0,117,50,3
4513,690,3,1,1,2,0,2,1,2,0,2,1,92,54,60,43,81,30,0,72,65,3
4514,690,3,1,1,2,0,2,1,2,0,2,1,101,60,30,43,76,30,0,117,40,3
4515,690,3,1,1,2,0,2,1,2,0,2,1,101,54,30,46,65,10,0,72,50,2
4516,690,3,1,1,2,0,2,1,2,0,2,1,101,72,60,43,81,20,0,72,40,3
4517,690,3,1,1,2,0,2,1,2,0,2,1,119,72,30,46,84,30,0,72,65,3
4518,690,3,1,1,2,0,2,1,2,0,2,1,101,60,60,46,84,30,0,90,50,3
4519,691,3,1,1,2,0,2,1,2,0,17,10,237,110,120,82,118,30,0,170,110,2
4520,691,3,1,1,2,0,2,1,2,0,17,10,183,83,120,88,94,30,0,221,88,2
4521,691,3,1,1,2,0,2,1,2,0,17,10,237,83,120,96,99,20,0,136,88,2
4522,691,3,1,1,2,0,2,1,2,0,17,10,201,83,60,96,99,10,0,221,143,2
4523,691,3,1,1,2,0,2,1,2,0,17,10,201,92,120,96,105,30,0,136,143,2
4524,691,3,1,1,2,0,2,1,2,0,17,10,183,92,60,96,105,20,0,221,110,2
4525,691,3,1,1,2,0,2,1,2,0,17,10,183,110,60,88,122,10,0,170,88,2
4526,691,3,1,1,2,0,2,1,2,0,17,10,183,92,120,82,109,20,0,170,143,2
4527,691,3,1,1,2,0,2,1,2,0,17,10,201,110,30,96,140,20,0,170,143,2
4528,692,3,1,1,2,0,2,1,2,0,22,1,172,106,120,64,122,20,0,221,105,2
4529,692,3,1,1,2,0,2,1,2,0,22,1,157,106,30,58,112,10,0,221,136,2
4530,692,3,1,1,2,0,2,1,2,0,22,1,202,106,60,72,140,30,0,221,84,2
4531,692,3,1,1,2,0,2,1,2,0,22,1,157,88,30,64,122,20,0,136,84,2
4532,692,3,1,1,2,0,2,1,2,0,22,1,202,79,60,64,92,20,0,170,136,2
4533,692,3,1,1,2,0,2,1,2,0,22,1,172,79,120,58,112,10,0,170,84,2
4534,692,3,1,1,2,0,2,1,2,0,22,1,157,106,120,72,140,10,0,136,105,2
4535,692,3,1,1,2,0,2,1,2,0,22,1,157,79,30,72,97,30,0,170,105,2
4536,692,3,1,1,2,0,2,1,2,0,22,1,202,88,60,58,105,10,0,136,105,2
4537,693,3,1,1,2,0,2,1,2,0,22,1,206,110,120,59,118,30,0,150,100,2
4538,693,3,1,1,2,0,2,1,2,0,22,1,157,83,120,65,97,30,0,195,80,2
4539,693,3,1,1,2,0,2,1,2,0,22,1,206,83,120,73,105,20,0,120,80,2
4540,693,3,1,1,2,0,2,1,2,0,22,1,173,83,60,73,105,10,0,195,130,2
4541,693,3,1,1,2,0,2,1,2,0,22,1,173,92,120,73,105,30,0,120,130,3
4542,693,3,1,1,2,0,2,1,2,0,22,1,157,92,60,73,105,20,0,195,100,2
4543,693,3,1,1,2,0,2,1,2,0,22,1,157,110,60,65,127,10,0,150,80,2
4544,693,3,1,1,2,0,2,1,2,0,22,1,157,92,120,59,109,20,0,150,130,2
4545,693,3,1,1,2,0,2,1,2,0,22,1,173,110,30,73,146,20,0,150,130,2
4546,694,3,1,1,2,0,2,1,3,0,1,22,221,126,120,113,140,20,0,260,120,2
4547,694,3,1,1,2,0,2,1,3,0,1,22,200,126,30,107,133,10,0,260,156,2
4548,694,3,1,1,2,0,2,1,3,0,1,22,263,126,60,121,161,30,0,260,96,2
4549,694,3,1,1,2,0,2,1,3,0,1,22,200,105,30,113,137,20,0,160,96,3
4550,694,3,1,1,2,0,2,1,3,0,1,22,263,94,60,113,109,20,0,200,156,2
4551,694,3,1,1,2,0,2,1,3,0,1,22,221,94,120,107,127,10,0,200,96,2
4552,694,3,1,1,2,0,2,1,3,0,1,22,200,126,120,121,161,10,0,160,120,3
4553,694,3,1,1,2,0,2,1,3,0,1,22,200,94,30,121,112,30,0,200,120,2
4554,694,3,1,1,2,0,2,1,3,0,1,22,263,105,60,107,122,10,0,160,120,3
4555,695,3,1,1,2,0,2,1,3,0,2,1,128,85,120,50,88,30,0,100,65,3
4556,695,3,1,1,2,0,2,1,3,0,2,1,98,64,120,53,74,30,0,130,52,2
4557,695,3,1,1,2,0,2,1,3,0,2,1,128,64,120,57,76,20,0,80,52,3
4558,695,3,1,1,2,0,2,1,3,0,2,1,108,64,60,57,76,10,0,130,84,2
4559,695,3,1,1,2,0,2,1,3,0,2,1,108,71,120,57,78,30,0,80,84,3
4560,695,3,1,1,2,0,2,1,3,0,2,1,98,71,60,57,78,20,0,130,65,2
4561,695,3,1,1,2,0,2,1,3,0,2,1,98,85,60,53,92,10,0,100,52,3
4562,695,3,1,1,2,0,2,1,3,0,2,1,98,71,120,50,84,20,0,100,84,2
4563,695,3,1,1,2,0,2,1,3,0,2,1,108,85,30,57,105,20,0,100,84,3
4564,696,3,1,1,2,0,2,1,3,0,2,17,160,97,120,110,105,20,0,195,95,2
4565,696,3,1,1,2,0,2,1,3,0,2,17,146,97,30,107,97,10,0,195,123,2
4566,696,3,1,1,2,0,2,1,3,0,2,17,189,97,60,114,112,30,0,195,76,2
4567,696,3,1,1,2,0,2,1,3,0,2,17,146,81,30,110,99,20,0,120,76,3
4568,696,3,1,1,2,0,2,1,3,0,2,17,189,73,60,110,81,20,0,150,123,3
4569,696,3,1,1,2,0,2,1,3,0,2,17,160,73,120,107,92,10,0,150,76,3
4570,696,3,1,1,2,0,2,1,3,0,2,17,146,97,120,114,112,10,0,120,95,3
4571,696,3,1,1,2,0,2,1,3,0,2,17,146,73,30,114,84,30,0,150,95,3
4572,696,3,1,1,2,0,2,1,3,0,2,17,189,81,60,107,90,10,0,120,95,3
4573,697,3,1,1,2,0,2,1,3,0,10,20,189,106,120,148,112,20,0,260,110,2
4574,697,3,1,1,2,0,2,1,3,0,10,20,173,106,30,145,109,10,0,260,143,2
4575,697,3,1,1,2,0,2,1,3,0,10,20,221,106,60,152,127,30,0,260,88,3
4576,697,3,1,1,2,0,2,1,3,0,10,20,173,88,30,148,109,20,0,160,88,3
4577,697,3,1,1,2,0,2,1,3,0,10,20,221,79,60,148,90,20,0,200,143,2
4578,697,3,1,1,2,0,2,1,3,0,10,20,189,79,120,145,105,10,0,200,88,2
4579,697,3,1,1,2,0,2,1,3,0,10,20,173,106,120,152,127,10,0,160,110,3
4580,697,3,1,1,2,0,2,1,3,0,10,20,173,79,30,152,92,30,0,200,110,1
4581,697,3,1,1,2,0,2,1,3,0,10,20,221,88,60,145,99,10,0,160,110,3
4582,698,3,1,1,2,0,2,1,3,0,17,23,372,131,120,196,140,30,0,210,130,2
4583,698,3,1,1,2,0,2,1,3,0,17,23,279,98,120,202,112,30,0,273,104,2
4584,698,3,1,1,2,0,2,1,3,0,17,23,372,98,120,210,118,20,0,168,104,3
4585,698,3,1,1,2,0,2,1,3,0,17,23,310,98,60,210,118,10,0,273,169,2
4586,698,3,1,1,2,0,2,1,3,0,17,23,310,109,120,210,122,30,0,168,169,2
4587,698,3,1,1,2,0,2,1,3,0,17,23,279,109,60,210,122,20,0,273,130,2
4588,698,3,1,1,2,0,2,1,3,0,17,23,279,131,60,202,146,10,0,210,104,3
4589,698,3,1,1,2,0,2,1,3,0,17,23,279,109,120,196,127,20,0,210,169,3
4590,698,3,1,1,2,0,2,1,3,0,17,23,310,131,30,210,165,20,0,210,169,2
4591,699,3,1,1,2,0,2,1,3,0,17,25,336,122,30,109,140,10,0,270,144,2
4592,699,3,1,1,2,0,2,1,3,0,17,25,336,122,120,95,178,10,0,351,234,2
4593,699,3,1,1,2,0,2,1,3,0,17,25,336,110,30,84,165,20,0,351,180,2
4594,699,3,1,1,2,0,2,1,3,0,17,25,257,110,60,84,165,30,0,216,234,2
4595,699,3,1,1,2,0,2,1,3,0,17,25,283,122,30,84,150,30,0,351,144,2
4596,699,3,1,1,2,0,2,1,3,0,17,25,283,110,30,95,133,10,0,216,180,2
4597,699,3,1,1,2,0,2,1,3,0,17,25,283,146,60,84,165,20,0,216,144,2
4598,699,3,1,1,2,0,2,1,3,0,17,25,336,146,30,95,174,30,0,216,234,2
4599,699,3,1,1,2,0,2,1,3,0,17,25,283,122,60,95,178,30,0,270,180,2
4600,700,3,1,1,2,0,2,1,3,0,22,1,178,94,120,97,94,30,0,140,75,2
4601,700,3,1,1,2,0,2,1,3,0,22,1,143,70,120,100,81,30,0,182,60,2
4602,700,3,1,1,2,0,2,1,3,0,22,1,178,70,120,104,84,20,0,112,60,3
4603,700,3,1,1,2,0,2,1,3,0,22,1,155,70,60,104,84,10,0,182,97,2
4604,700,3,1,1,2,0,2,1,3,0,22,1,155,78,120,104,84,30,0,112,97,3
4605,700,3,1,1,2,0,2,1,3,0,22,1,143,78,60,104,84,20,0,182,75,2
4606,700,3,1,1,2,0,2,1,3,0,22,1,143,94,60,100,99,10,0,140,60,2
4607,700,3,1,1,2,0,2,1,3,0,22,1,143,78,120,97,88,20,0,140,97,2
4608,700,3,1,1,2,0,2,1,3,0,22,1,155,94,30,104,112,20,0,140,97,2
4609,701,3,1,1,2,0,2,1,4,0,18,2,163,101,120,108,109,20,0,182,100,2
4610,701,3,1,1,2,0,2,1,4,0,18,2,148,101,30,105,109,10,0,182,130,2
4611,701,3,1,1,2,0,2,1,4,0,18,2,194,101,60,112,122,30,0,182,80,3
4612,701,3,1,1,2,0,2,1,4,0,18,2,148,84,30,108,109,20,0,112,80,3
4613,701,3,1,1,2,0,2,1,4,0,18,2,194,76,60,108,88,20,0,140,130,2
4614,701,3,1,1,2,0,2,1,4,0,18,2,163,76,120,105,99,10,0,140,80,3
4615,701,3,1,1,2,0,2,1,4,0,18,2,148,101,120,112,122,10,0,112,100,3
4616,701,3,1,1,2,0,2,1,4,0,18,2,148,76,30,112,90,30,0,140,100,3
4617,701,3,1,1,2,0,2,1,4,0,18,2,194,84,60,105,97,10,0,112,100,3
4618,702,3,1,1,2,0,3,1,2,0,2,17,230,88,30,88,97,10,0,150,76,2
4619,702,3,1,1,2,0,3,1,2,0,2,17,230,88,120,80,118,10,0,195,123,2
4620,702,3,1,1,2,0,3,1,2,0,2,17,230,79,30,74,112,20,0,195,95,2
4621,702,3,1,1,2,0,3,1,2,0,2,17,175,79,60,74,112,30,0,120,123,2
4622,702,3,1,1,2,0,3,1,2,0,2,17,193,88,30,74,105,30,0,195,76,2
4623,702,3,1,1,2,0,3,1,2,0,2,17,193,79,30,80,90,10,0,120,95,2
4624,702,3,1,1,2,0,3,1,2,0,2,17,193,106,60,74,112,20,0,120,76,3
4625,702,3,1,1,2,0,3,1,2,0,2,17,230,106,30,80,118,30,0,120,123,3
4626,702,3,1,1,2,0,3,1,2,0,2,17,193,88,60,80,118,30,0,150,95,2
4627,703,3,1,1,2,0,3,1,2,0,22,17,350,109,30,205,118,10,0,220,100,3
4628,703,3,1,1,2,0,3,1,2,0,22,17,350,109,120,197,140,10,0,286,162,2
4629,703,3,1,1,2,0,3,1,2,0,22,17,350,98,30,191,133,20,0,286,125,2
4630,703,3,1,1,2,0,3,1,2,0,22,17,265,98,60,191,133,30,0,176,162,3
4631,703,3,1,1,2,0,3,1,2,0,22,17,293,109,30,191,127,30,0,286,100,2
4632,703,3,1,1,2,0,3,1,2,0,22,17,293,98,30,197,112,10,0,176,125,3
4633,703,3,1,1,2,0,3,1,2,0,22,17,293,131,60,191,137,20,0,176,100,3
4634,703,3,1,1,2,0,3,1,2,0,22,17,350,131,30,197,146,30,0,176,162,3
4635,703,3,1,1,2,0,3,1,2,0,22,17,293,109,60,197,140,30,0,220,125,2
4636,704,3,1,1,2,0,3,1,3,0,1,2,150,71,30,80,78,10,0,110,60,3
4637,704,3,1,1,2,0,3,1,3,0,1,2,150,71,120,76,90,10,0,143,97,2
4638,704,3,1,1,2,0,3,1,3,0,1,2,150,64,30,73,84,20,0,143,75,2
4639,704,3,1,1,2,0,3,1,3,0,1,2,117,64,60,73,84,30,0,88,97,3
4640,704,3,1,1,2,0,3,1,3,0,1,2,128,71,30,73,81,30,0,143,60,3
4641,704,3,1,1,2,0,3,1,3,0,1,2,128,64,30,76,74,10,0,88,75,2
4642,704,3,1,1,2,0,3,1,3,0,1,2,128,85,60,73,88,20,0,88,60,3
4643,704,3,1,1,2,0,3,1,3,0,1,2,150,85,30,76,90,30,0,88,97,3
4644,704,3,1,1,2,0,3,1,3,0,1,2,128,71,60,76,90,30,0,110,75,3
4645,705,3,1,1,2,0,3,1,3,0,1,2,106,60,30,41,71,10,0,90,48,2
4646,705,3,1,1,2,0,3,1,3,0,1,2,106,60,120,37,84,10,0,117,78,2
4647,705,3,1,1,2,0,3,1,3,0,1,2,106,54,30,34,78,20,0,117,60,2
4648,705,3,1,1,2,0,3,1,3,0,1,2,85,54,60,34,78,30,0,72,78,1
4649,705,3,1,1,2,0,3,1,3,0,1,2,92,60,30,34,74,30,0,117,48,2
4650,705,3,1,1,2,0,3,1,3,0,1,2,92,54,30,37,65,10,0,72,60,2
4651,705,3,1,1,2,0,3,1,3,0,1,2,92,72,60,34,78,20,0,72,48,3
4652,705,3,1,1,2,0,3,1,3,0,1,2,106,72,30,37,84,30,0,72,78,2
4653,705,3,1,1,2,0,3,1,3,0,1,2,92,60,60,37,84,30,0,90,60,1
4654,706,3,1,1,2,0,3,1,3,0,2,1,174,78,30,97,84,10,0,100,48,3
4655,706,3,1,1,2,0,3,1,3,0,2,1,174,78,120,93,97,10,0,130,78,2
4656,706,3,1,1,2,0,3,1,3,0,2,1,174,70,30,90,90,20,0,130,60,2
4657,706,3,1,1,2,0,3,1,3,0,2,1,130,70,60,90,90,30,0,80,78,3
4658,706,3,1,1,2,0,3,1,3,0,2,1,145,78,30,90,88,30,0,130,48,2
4659,706,3,1,1,2,0,3,1,3,0,2,1,145,70,30,93,78,10,0,80,60,2
4660,706,3,1,1,2,0,3,1,3,0,2,1,145,94,60,90,94,20,0,80,48,3
4661,706,3,1,1,2,0,3,1,3,0,2,1,174,94,30,93,99,30,0,80,78,2
4662,706,3,1,1,2,0,3,1,3,0,2,1,145,78,60,93,97,30,0,100,60,3
4663,707,3,1,1,2,0,3,1,3,0,2,1,141,82,120,67,84,30,0,100,60,2
4664,707,3,1,1,2,0,3,1,3,0,2,1,108,61,120,70,71,30,0,130,48,2
4665,707,3,1,1,2,0,3,1,3,0,2,1,141,61,120,74,74,20,0,80,48,2
4666,707,3,1,1,2,0,3,1,3,0,2,1,119,61,60,74,74,10,0,130,78,2
4667,707,3,1,1,2,0,3,1,3,0,2,1,119,68,120,74,76,30,0,80,78,3
4668,707,3,1,1,2,0,3,1,3,0,2,1,108,68,60,74,76,20,0,130,60,2
4669,707,3,1,1,2,0,3,1,3,0,2,1,108,82,60,70,88,10,0,100,48,2
4670,707,3,1,1,2,0,3,1,3,0,2,1,108,68,120,67,78,20,0,100,78,2
4671,707,3,1,1,2,0,3,1,3,0,2,1,119,82,30,74,99,20,0,100,78,2
4672,708,3,1,1,2,0,3,1,3,0,2,1,125,58,30,58,76,10,0,80,36,3
4673,708,3,1,1,2,0,3,1,3,0,2,1,125,58,120,54,90,10,0,104,58,2
4674,708,3,1,1,2,0,3,1,3,0,2,1,125,52,30,51,84,20,0,104,45,2
4675,708,3,1,1,2,0,3,1,3,0,2,1,94,52,60,51,84,30,0,64,58,3
4676,708,3,1,1,2,0,3,1,3,0,2,1,104,58,30,51,81,30,0,104,36,3
4677,708,3,1,1,2,0,3,1,3,0,2,1,104,52,30,54,71,10,0,64,45,3
4678,708,3,1,1,2,0,3,1,3,0,2,1,104,70,60,51,84,20,0,64,36,3
4679,708,3,1,1,2,0,3,1,3,0,2,1,125,70,30,54,90,30,0,64,58,3
4680,708,3,1,1,2,0,3,1,3,0,2,1,104,58,60,54,90,30,0,80,45,3
4681,709,3,1,1,2,0,3,1,3,0,2,17,269,116,120,171,118,30,0,160,95,2
4682,709,3,1,1,2,0,3,1,3,0,2,17,209,87,120,174,97,30,0,208,76,2
4683,709,3,1,1,2,0,3,1,3,0,2,17,269,87,120,178,99,20,0,128,76,3
4684,709,3,1,1,2,0,3,1,3,0,2,17,229,87,60,178,99,10,0,208,123,2
4685,709,3,1,1,2,0,3,1,3,0,2,17,229,97,120,178,105,30,0,128,123,2
4686,709,3,1,1,2,0,3,1,3,0,2,17,209,97,60,178,105,20,0,208,95,2
4687,709,3,1,1,2,0,3,1,3,0,2,17,209,116,60,174,122,10,0,160,76,3
4688,709,3,1,1,2,0,3,1,3,0,2,17,209,97,120,171,109,20,0,160,123,2
4689,709,3,1,1,2,0,3,1,3,0,2,17,229,116,30,178,137,20,0,160,123,2
4690,710,3,1,1,2,0,3,1,3,0,2,25,125,175,120,49,183,20,0,286,130,2
4691,710,3,1,1,2,0,3,1,3,0,2,25,114,175,30,44,178,10,0,286,169,2
4692,710,3,1,1,2,0,3,1,3,0,2,25,146,175,60,55,196,30,0,286,104,3
4693,710,3,1,1,2,0,3,1,3,0,2,25,114,146,30,49,168,20,0,176,104,3
4694,710,3,1,1,2,0,3,1,3,0,2,25,146,131,60,49,140,20,0,220,169,2
4695,710,3,1,1,2,0,3,1,3,0,2,25,125,131,120,44,155,10,0,220,104,2
4696,710,3,1,1,2,0,3,1,3,0,2,25,114,175,120,55,196,10,0,176,130,3
4697,710,3,1,1,2,0,3,1,3,0,2,25,114,131,30,55,146,30,0,220,130,2
4698,710,3,1,1,2,0,3,1,3,0,2,25,146,146,60,44,161,10,0,176,130,2
4699,711,3,1,1,2,0,3,1,3,0,2,25,159,97,120,83,105,20,0,195,105,2
4700,711,3,1,1,2,0,3,1,3,0,2,25,144,97,30,78,99,10,0,195,136,2
4701,711,3,1,1,2,0,3,1,3,0,2,25,189,97,60,89,118,30,0,195,84,2
4702,711,3,1,1,2,0,3,1,3,0,2,25,144,81,30,83,105,20,0,120,84,3
4703,711,3,1,1,2,0,3,1,3,0,2,25,189,73,60,83,84,20,0,150,136,2
4704,711,3,1,1,2,0,3,1,3,0,2,25,159,73,120,78,94,10,0,150,84,2
4705,711,3,1,1,2,0,3,1,3,0,2,25,144,97,120,89,118,10,0,120,105,3
4706,711,3,1,1,2,0,3,1,3,0,2,25,144,73,30,89,84,30,0,150,105,2
4707,711,3,1,1,2,0,3,1,3,0,2,25,189,81,60,78,92,10,0,120,105,2
4708,712,3,1,1,2,0,3,1,3,0,9,25,292,109,30,131,122,10,0,220,108,2
4709,712,3,1,1,2,0,3,1,3,0,9,25,292,109,120,121,150,10,0,286,175,2
4710,712,3,1,1,2,0,3,1,3,0,9,25,292,98,30,113,140,20,0,286,135,2
4711,712,3,1,1,2,0,3,1,3,0,9,25,229,98,60,113,140,30,0,176,175,2
4712,712,3,1,1,2,0,3,1,3,0,9,25,250,109,30,113,133,30,0,286,108,2
4713,712,3,1,1,2,0,3,1,3,0,9,25,250,98,30,121,112,10,0,176,135,2
4714,712,3,1,1,2,0,3,1,3,0,9,25,250,131,60,113,140,20,0,176,108,2
4715,712,3,1,1,2,0,3,1,3,0,9,25,292,131,30,121,150,30,0,176,175,2
4716,712,3,1,1,2,0,3,1,3,0,9,25,250,109,60,121,150,30,0,220,135,2
4717,713,3,1,1,2,0,3,1,3,0,17,2,249,90,30,112,105,10,0,150,84,2
4718,713,3,1,1,2,0,3,1,3,0,17,2,249,90,120,104,122,10,0,195,136,2
4719,713,3,1,1,2,0,3,1,3,0,17,2,249,81,30,98,112,20,0,195,105,2
4720,713,3,1,1,2,0,3,1,3,0,17,2,189,81,60,98,112,30,0,120,136,2
4721,713,3,1,1,2,0,3,1,3,0,17,2,209,90,30,98,109,30,0,195,84,2
4722,713,3,1,1,2,0,3,1,3,0,17,2,209,81,30,104,94,10,0,120,105,2
4723,713,3,1,1,2,0,3,1,3,0,17,2,209,108,60,98,118,20,0,120,84,2
4724,713,3,1,1,2,0,3,1,3,0,17,2,249,108,30,104,122,30,0,120,136,2
4725,713,3,1,1,2,0,3,1,3,0,17,2,209,90,60,104,122,30,0,150,105,2
4726,714,3,1,1,2,0,3,1,3,0,17,2,227,106,120,114,122,20,0,195,90,2
4727,714,3,1,1,2,0,3,1,3,0,17,2,205,106,30,108,112,10,0,195,117,2
4728,714,3,1,1,2,0,3,1,3,0,17,2,270,106,60,122,140,30,0,195,72,2
4729,714,3,1,1,2,0,3,1,3,0,17,2,205,88,30,114,122,20,0,120,72,2
4730,714,3,1,1,2,0,3,1,3,0,17,2,270,79,60,114,92,20,0,150,117,2
4731,714,3,1,1,2,0,3,1,3,0,17,2,227,79,120,108,112,10,0,150,72,2
4732,714,3,1,1,2,0,3,1,3,0,17,2,205,106,120,122,140,10,0,120,90,2
4733,714,3,1,1,2,0,3,1,3,0,17,2,205,79,30,122,97,30,0,150,90,2
4734,714,3,1,1,2,0,3,1,3,0,17,2,270,88,60,108,105,10,0,120,90,2
4735,715,3,1,1,2,0,3,1,3,0,17,2,231,74,30,149,78,10,0,140,68,3
4736,715,3,1,1,2,0,3,1,3,0,17,2,231,74,120,145,88,10,0,182,110,2
4737,715,3,1,1,2,0,3,1,3,0,17,2,231,67,30,142,81,20,0,182,85,2
4738,715,3,1,1,2,0,3,1,3,0,17,2,182,67,60,142,81,30,0,112,110,3
4739,715,3,1,1,2,0,3,1,3,0,17,2,198,74,30,142,81,30,0,182,68,2
4740,715,3,1,1,2,0,3,1,3,0,17,2,198,67,30,145,74,10,0,112,85,3
4741,715,3,1,1,2,0,3,1,3,0,17,2,198,89,60,142,88,20,0,112,68,3
4742,715,3,1,1,2,0,3,1,3,0,17,2,231,89,30,145,90,30,0,112,110,3
4743,715,3,1,1,2,0,3,1,3,0,17,2,198,74,60,145,88,30,0,140,85,3
4744,716,3,1,1,2,0,3,1,3,0,17,2,222,101,120,81,109,30,0,150,90,2
4745,716,3,1,1,2,0,3,1,3,0,17,2,171,76,120,87,90,30,0,195,72,2
4746,716,3,1,1,2,0,3,1,3,0,17,2,222,76,120,95,94,20,0,120,72,2
4747,716,3,1,1,2,0,3,1,3,0,17,2,188,76,60,95,94,10,0,195,117,2
4748,716,3,1,1,2,0,3,1,3,0,17,2,188,84,120,95,97,30,0,120,117,2
4749,716,3,1,1,2,0,3,1,3,0,17,2,171,84,60,95,97,20,0,195,90,2
4750,716,3,1,1,2,0,3,1,3,0,17,2,171,101,60,87,118,10,0,150,72,2
4751,716,3,1,1,2,0,3,1,3,0,17,2,171,84,120,81,105,20,0,150,117,2
4752,716,3,1,1,2,0,3,1,3,0,17,2,188,101,30,95,137,20,0,150,117,2
4753,717,3,1,1,2,0,3,1,3,0,17,11,154,60,30,81,68,10,0,100,52,3
4754,717,3,1,1,2,0,3,1,3,0,17,11,154,60,120,77,76,10,0,130,84,2
4755,717,3,1,1,2,0,3,1,3,0,17,11,154,54,30,74,71,20,0,130,65,2
4756,717,3,1,1,2,0,3,1,3,0,17,11,118,54,60,74,71,30,0,80,84,3
4757,717,3,1,1,2,0,3,1,3,0,17,11,130,60,30,74,71,30,0,130,52,2
4758,717,3,1,1,2,0,3,1,3,0,17,11,130,54,30,77,60,10,0,80,65,3
4759,717,3,1,1,2,0,3,1,3,0,17,11,130,72,60,74,76,20,0,80,52,3
4760,717,3,1,1,2,0,3,1,3,0,17,11,154,72,30,77,78,30,0,80,84,3
4761,717,3,1,1,2,0,3,1,3,0,17,11,130,60,60,77,76,30,0,100,65,3
4762,718,3,1,1,2,0,3,1,3,0,17,22,247,131,120,80,150,20,0,286,125,2
4763,718,3,1,1,2,0,3,1,3,0,17,22,224,131,30,71,140,10,0,286,162,2
4764,718,3,1,1,2,0,3,1,3,0,17,22,292,131,60,92,178,30,0,286,100,2
4765,718,3,1,1,2,0,3,1,3,0,17,22,224,109,30,80,155,20,0,176,100,2
4766,718,3,1,1,2,0,3,1,3,0,17,22,292,98,60,80,112,20,0,220,162,2
4767,718,3,1,1,2,0,3,1,3,0,17,22,247,98,120,71,140,10,0,220,100,2
4768,718,3,1,1,2,0,3,1,3,0,17,22,224,131,120,92,178,10,0,176,125,1
4769,718,3,1,1,2,0,3,1,3,0,17,22,224,98,30,92,122,30,0,220,125,2
4770,718,3,1,1,2,0,3,1,3,0,17,22,292,109,60,71,133,10,0,176,125,2
4771,719,3,1,1,2,0,3,1,3,0,17,22,336,134,120,141,155,30,0,240,140,2
4772,719,3,1,1,2,0,3,1,3,0,17,22,257,101,120,150,127,30,0,312,112,2
4773,719,3,1,1,2,0,3,1,3,0,17,22,336,101,120,162,133,20,0,192,112,2
4774,719,3,1,1,2,0,3,1,3,0,17,22,283,101,60,162,133,10,0,312,182,2
4775,719,3,1,1,2,0,3,1,3,0,17,22,283,112,120,162,137,30,0,192,182,2
4776,719,3,1,1,2,0,3,1,3,0,17,22,257,112,60,162,137,20,0,312,140,2
4777,719,3,1,1,2,0,3,1,3,0,17,22,257,134,60,150,165,10,0,240,112,2
4778,719,3,1,1,2,0,3,1,3,0,17,22,257,112,120,141,140,20,0,240,182,2
4779,719,3,1,1,2,0,3,1,3,0,17,22,283,134,30,162,193,20,0,240,182,2
4780,720,3,1,1,2,0,3,1,3,0,17,25,326,122,30,131,140,10,0,260,96,2
4781,720,3,1,1,2,0,3,1,3,0,17,25,326,122,120,117,178,10,0,338,156,2
4782,720,3,1,1,2,0,3,1,3,0,17,25,326,110,30,106,165,20,0,338,120,2
4783,720,3,1,1,2,0,3,1,3,0,17,25,249,110,60,106,165,30,0,208,156,2
4784,720,3,1,1,2,0,3,1,3,0,17,25,275,122,30,106,150,30,0,338,96,2
4785,720,3,1,1,2,0,3,1,3,0,17,25,275,110,30,117,133,10,0,208,120,2
4786,720,3,1,1,2,0,3,1,3,0,17,25,275,146,60,106,165,20,0,208,96,2
4787,720,3,1,1,2,0,3,1,3,0,17,25,326,146,30,117,178,30,0,208,156,2
4788,720,3,1,1,2,0,3,1,3,0,17,25,275,122,60,117,178,30,0,260,120,2
4789,721,3,1,1,2,0,3,1,3,0,19,25,293,109,30,132,122,10,0,210,120,2
4790,721,3,1,1,2,0,3,1,3,0,19,25,293,109,120,122,150,10,0,273,195,2
4791,721,3,1,1,2,0,3,1,3,0,19,25,293,98,30,114,140,20,0,273,150,2
4792,721,3,1,1,2,0,3,1,3,0,19,25,230,98,60,114,140,30,0,168,195,2
4793,721,3,1,1,2,0,3,1,3,0,19,25,251,109,30,114,133,30,0,273,120,2
4794,721,3,1,1,2,0,3,1,3,0,19,25,251,98,30,122,112,10,0,168,150,3
4795,721,3,1,1,2,0,3,1,3,0,19,25,251,131,60,114,140,20,0,168,120,2
4796,721,3,1,1,2,0,3,1,3,0,19,25,293,131,30,122,150,30,0,168,195,3
4797,721,3,1,1,2,0,3,1,3,0,19,25,251,109,60,122,150,30,0,210,150,2
4798,722,3,1,1,2,0,3,1,3,0,20,22,263,126,120,109,127,30,0,240,140,2
4799,722,3,1,1,2,0,3,1,3,0,20,22,200,94,120,115,105,30,0,312,112,2
4800,722,3,1,1,2,0,3,1,3,0,20,22,263,94,120,123,109,20,0,192,112,3
4801,722,3,1,1,2,0,3,1,3,0,20,22,221,94,60,123,109,10,0,312,182,2
4802,722,3,1,1,2,0,3,1,3,0,20,22,221,105,120,123,112,30,0,192,182,2
4803,722,3,1,1,2,0,3,1,3,0,20,22,200,105,60,123,112,20,0,312,140,2
4804,722,3,1,1,2,0,3,1,3,0,20,22,200,126,60,115,137,10,0,240,112,2
4805,722,3,1,1,2,0,3,1,3,0,20,22,200,105,120,109,118,20,0,240,182,2
4806,722,3,1,1,2,0,3,1,3,0,20,22,221,126,30,123,155,20,0,240,182,2
4807,723,3,1,1,2,0,3,1,3,0,22,1,200,113,120,92,127,20,0,208,120,2
4808,723,3,1,1,2,0,3,1,3,0,22,1,180,113,30,86,122,10,0,208,156,2
4809,723,3,1,1,2,0,3,1,3,0,22,1,240,113,60,100,150,30,0,208,96,3
4810,723,3,1,1,2,0,3,1,3,0,22,1,180,94,30,92,133,20,0,128,96,3
4811,723,3,1,1,2,0,3,1,3,0,22,1,240,85,60,92,99,20,0,160,156,2
4812,723,3,1,1,2,0,3,1,3,0,22,1,200,85,120,86,118,10,0,160,96,2
4813,723,3,1,1,2,0,3,1,3,0,22,1,180,113,120,100,150,10,0,128,120,3
4814,723,3,1,1,2,0,3,1,3,0,22,1,180,85,30,100,105,30,0,160,120,2
4815,723,3,1,1,2,0,3,1,3,0,22,1,240,94,60,86,112,10,0,128,120,2
4816,724,3,1,1,2,0,3,1,3,0,22,1,216,116,120,68,122,30,0,180,120,2
4817,724,3,1,1,2,0,3,1,3,0,22,1,165,87,120,74,99,30,0,234,96,2
4818,724,3,1,1,2,0,3,1,3,0,22,1,216,87,120,82,109,20,0,144,96,3
4819,724,3,1,1,2,0,3,1,3,0,22,1,182,87,60,82,109,10,0,234,156,2
4820,724,3,1,1,2,0,3,1,3,0,22,1,182,97,120,82,109,30,0,144,156,3
4821,724,3,1,1,2,0,3,1,3,0,22,1,165,97,60,82,109,20,0,234,120,2
4822,724,3,1,1,2,0,3,1,3,0,22,1,165,116,60,74,133,10,0,180,96,2
4823,724,3,1,1,2,0,3,1,3,0,22,1,165,97,120,68,112,20,0,180,156,2
4824,724,3,1,1,2,0,3,1,3,0,22,1,182,116,30,82,150,20,0,180,156,2
4825,725,3,1,1,2,0,3,1,3,0,22,2,89,53,120,34,65,20,0,104,45,2
4826,725,3,1,1,2,0,3,1,3,0,22,2,82,53,30,31,60,10,0,104,58,2
4827,725,3,1,1,2,0,3,1,3,0,22,2,103,53,60,38,76,30,0,104,36,3
4828,725,3,1,1,2,0,3,1,3,0,22,2,82,44,30,34,68,20,0,64,36,3
4829,725,3,1,1,2,0,3,1,3,0,22,2,103,40,60,34,46,20,0,80,58,2
4830,725,3,1,1,2,0,3,1,3,0,22,2,89,40,120,31,60,10,0,80,36,3
4831,725,3,1,1,2,0,3,1,3,0,22,2,82,53,120,38,76,10,0,64,45,3
4832,725,3,1,1,2,0,3,1,3,0,22,2,82,40,30,38,50,30,0,80,45,2
4833,725,3,1,1,2,0,3,1,3,0,22,2,103,44,60,31,56,10,0,64,45,3
4834,726,3,1,1,2,0,3,1,3,0,22,12,157,89,120,102,90,20,0,156,85,2
4835,726,3,1,1,2,0,3,1,3,0,22,12,142,89,30,99,88,10,0,156,110,2
4836,726,3,1,1,2,0,3,1,3,0,22,12,186,89,60,106,99,30,0,156,68,2
4837,726,3,1,1,2,0,3,1,3,0,22,12,142,74,30,102,88,20,0,96,68,2
4838,726,3,1,1,2,0,3,1,3,0,22,12,186,67,60,102,74,20,0,120,110,2
4839,726,3,1,1,2,0,3,1,3,0,22,12,157,67,120,99,84,10,0,120,68,2
4840,726,3,1,1,2,0,3,1,3,0,22,12,142,89,120,106,99,10,0,96,85,2
4841,726,3,1,1,2,0,3,1,3,0,22,12,142,67,30,106,76,30,0,120,85,2
4842,726,3,1,1,2,0,3,1,3,0,22,12,186,74,60,99,81,10,0,96,85,2
4843,727,3,1,1,2,0,3,1,3,0,22,17,314,126,120,160,133,30,0,190,115,2
4844,727,3,1,1,2,0,3,1,3,0,22,17,246,94,120,166,109,30,0,247,92,2
4845,727,3,1,1,2,0,3,1,3,0,22,17,314,94,120,174,112,20,0,152,92,3
4846,727,3,1,1,2,0,3,1,3,0,22,17,269,94,60,174,112,10,0,247,149,2
4847,727,3,1,1,2,0,3,1,3,0,22,17,269,105,120,174,118,30,0,152,149,3
4848,727,3,1,1,2,0,3,1,3,0,22,17,246,105,60,174,118,20,0,247,115,2
4849,727,3,1,1,2,0,3,1,3,0,22,17,246,126,60,166,140,10,0,190,92,2
4850,727,3,1,1,2,0,3,1,3,0,22,17,246,105,120,160,122,20,0,190,149,2
4851,727,3,1,1,2,0,3,1,3,0,22,17,269,126,30,174,161,20,0,190,149,2
4852,728,3,1,1,2,0,3,1,3,0,25,1,236,105,30,81,118,10,0,210,120,2
4853,728,3,1,1,2,0,3,1,3,0,25,1,236,105,120,71,146,10,0,273,195,2
4854,728,3,1,1,2,0,3,1,3,0,25,1,236,94,30,63,133,20,0,273,150,2
4855,728,3,1,1,2,0,3,1,3,0,25,1,182,94,60,63,133,30,0,168,195,2
4856,728,3,1,1,2,0,3,1,3,0,25,1,200,105,30,63,122,30,0,273,120,2
4857,728,3,1,1,2,0,3,1,3,0,25,1,200,94,30,71,109,10,0,168,150,2
4858,728,3,1,1,2,0,3,1,3,0,25,1,200,126,60,63,133,20,0,168,120,2
4859,728,3,1,1,2,0,3,1,3,0,25,1,236,126,30,71,140,30,0,168,195,2
4860,728,3,1,1,2,0,3,1,3,0,25,1,200,105,60,71,146,30,0,210,150,2
4861,729,3,1,1,2,0,3,1,3,0,25,1,236,126,120,63,133,30,0,210,165,2
4862,729,3,1,1,2,0,3,1,3,0,25,1,182,94,120,71,109,30,0,273,132,2
4863,729,3,1,1,2,0,3,1,3,0,25,1,236,94,120,81,112,20,0,168,132,2
4864,729,3,1,1,2,0,3,1,3,0,25,1,200,94,60,81,112,10,0,273,214,2
4865,729,3,1,1,2,0,3,1,3,0,25,1,200,105,120,81,118,30,0,168,214,2
4866,729,3,1,1,2,0,3,1,3,0,25,1,182,105,60,81,118,20,0,273,165,2
4867,729,3,1,1,2,0,3,1,3,0,25,1,182,126,60,71,140,10,0,210,132,2
4868,729,3,1,1,2,0,3,1,3,0,25,1,182,105,120,63,122,20,0,210,214,2
4869,729,3,1,1,2,0,3,1,3,0,25,1,200,126,30,81,168,20,0,210,214,2
4870,730,3,1,1,2,0,4,1,3,0,1,22,203,110,120,95,127,20,0,234,110,2
4871,730,3,1,1,2,0,4,1,3,0,1,22,185,110,30,89,122,10,0,234,143,2
4872,730,3,1,1,2,0,4,1,3,0,1,22,240,110,60,103,146,30,0,234,88,2
4873,730,3,1,1,2,0,4,1,3,0,1,22,185,92,30,95,127,20,0,144,88,3
4874,730,3,1,1,2,0,4,1,3,0,1,22,240,83,60,95,97,20,0,180,143,2
4875,730,3,1,1,2,0,4,1,3,0,1,22,203,83,120,89,118,10,0,180,88,2
4876,730,3,1,1,2,0,4,1,3,0,1,22,185,110,120,103,146,10,0,144,110,3
4877,730,3,1,1,2,0,4,1,3,0,1,22,185,83,30,103,105,30,0,180,110,2
4878,730,3,1,1,2,0,4,1,3,0,1,22,240,92,60,89,112,10,0,144,110,2
4879,731,3,1,1,2,0,4,1,3,0,1,22,245,110,120,99,118,30,0,160,110,2
4880,731,3,1,1,2,0,4,1,3,0,1,22,191,83,120,105,97,30,0,208,88,1
4881,731,3,1,1,2,0,4,1,3,0,1,22,245,83,120,113,105,20,0,128,88,3
4882,731,3,1,1,2,0,4,1,3,0,1,22,209,83,60,113,105,10,0,208,143,1
4883,731,3,1,1,2,0,4,1,3,0,1,22,209,92,120,113,105,30,0,128,143,2
4884,731,3,1,1,2,0,4,1,3,0,1,22,191,92,60,113,105,20,0,208,110,1
4885,731,3,1,1,2,0,4,1,3,0,1,22,191,110,60,105,127,10,0,160,88,1
4886,731,3,1,1,2,0,4,1,3,0,1,22,191,92,120,99,109,20,0,160,143,2
4887,731,3,1,1,2,0,4,1,3,0,1,22,209,110,30,113,146,20,0,160,143,1
4888,732,3,1,1,2,0,4,1,3,0,2,1,152,85,120,76,88,30,0,120,75,2
4889,732,3,1,1,2,0,4,1,3,0,2,1,116,64,120,79,74,30,0,156,60,2
4890,732,3,1,1,2,0,4,1,3,0,2,1,152,64,120,83,76,20,0,96,60,3
4891,732,3,1,1,2,0,4,1,3,0,2,1,128,64,60,83,76,10,0,156,97,2
4892,732,3,1,1,2,0,4,1,3,0,2,1,128,71,120,83,78,30,0,96,97,3
4893,732,3,1,1,2,0,4,1,3,0,2,1,116,71,60,83,78,20,0,156,75,2
4894,732,3,1,1,2,0,4,1,3,0,2,1,116,85,60,79,92,10,0,120,60,2
4895,732,3,1,1,2,0,4,1,3,0,2,1,116,71,120,76,81,20,0,120,97,2
4896,732,3,1,1,2,0,4,1,3,0,2,1,128,85,30,83,105,20,0,120,97,2
4897,733,3,1,1,2,0,4,1,3,0,2,25,146,68,30,55,76,10,0,120,64,2
4898,733,3,1,1,2,0,4,1,3,0,2,25,146,68,120,49,90,10,0,156,104,2
4899,733,3,1,1,2,0,4,1,3,0,2,25,146,61,30,44,84,20,0,156,80,3
4900,733,3,1,1,2,0,4,1,3,0,2,25,114,61,60,44,84,30,0,96,104,1
4901,733,3,1,1,2,0,4,1,3,0,2,25,125,68,30,44,78,30,0,156,64,1
4902,733,3,1,1,2,0,4,1,3,0,2,25,125,61,30,49,71,10,0,96,80,2
4903,733,3,1,1,2,0,4,1,3,0,2,25,125,82,60,44,84,20,0,96,64,3
4904,733,3,1,1,2,0,4,1,3,0,2,25,146,82,30,49,90,30,0,96,104,3
4905,733,3,1,1,2,0,4,1,3,0,2,25,125,68,60,49,90,30,0,120,80,3
4906,734,3,1,1,2,0,4,1,3,0,22,1,194,116,120,86,133,20,0,234,115,2
4907,734,3,1,1,2,0,4,1,3,0,22,1,175,116,30,80,127,10,0,234,149,2
4908,734,3,1,1,2,0,4,1,3,0,22,1,233,116,60,94,150,30,0,234,92,2
4909,734,3,1,1,2,0,4,1,3,0,22,1,175,97,30,86,133,20,0,144,92,2
4910,734,3,1,1,2,0,4,1,3,0,22,1,233,87,60,86,99,20,0,180,149,2
4911,734,3,1,1,2,0,4,1,3,0,22,1,194,87,120,80,122,10,0,180,92,2
4912,734,3,1,1,2,0,4,1,3,0,22,1,175,116,120,94,150,10,0,144,115,2
4913,734,3,1,1,2,0,4,1,3,0,22,1,175,87,30,94,109,30,0,180,115,2
4914,734,3,1,1,2,0,4,1,3,0,22,1,233,97,60,80,112,10,0,144,115,2
4915,735,3,1,1,2,0,4,1,3,0,22,17,292,131,120,71,140,30,0,220,125,3
4916,735,3,1,1,2,0,4,1,3,0,22,17,224,98,120,80,112,30,0,286,100,2
4917,735,3,1,1,2,0,4,1,3,0,22,17,292,98,120,92,122,20,0,176,100,3
4918,735,3,1,1,2,0,4,1,3,0,22,17,247,98,60,92,122,10,0,286,162,2
4919,735,3,1,1,2,0,4,1,3,0,22,17,247,109,120,92,122,30,0,176,162,3
4920,735,3,1,1,2,0,4,1,3,0,22,17,224,109,60,92,122,20,0,286,125,2
4921,735,3,1,1,2,0,4,1,3,0,22,17,224,131,60,80,150,10,0,220,100,3
4922,735,3,1,1,2,0,4,1,3,0,22,17,224,109,120,71,133,20,0,220,162,2
4923,735,3,1,1,2,0,4,1,3,0,22,17,247,131,30,92,178,20,0,220,162,3
4924,736,3,1,1,2,0,4,1,3,0,22,17,292,131,120,71,140,30,0,200,135,2
4925,736,3,1,1,2,0,4,1,3,0,22,17,224,98,120,80,112,30,0,260,108,2
4926,736,3,1,1,2,0,4,1,3,0,22,17,292,98,120,92,122,20,0,160,108,2
4927,736,3,1,1,2,0,4,1,3,0,22,17,247,98,60,92,122,10,0,260,175,2
4928,736,3,1,1,2,0,4,1,3,0,22,17,247,109,120,92,122,30,0,160,175,2
4929,736,3,1,1,2,0,4,1,3,0,22,17,224,109,60,92,122,20,0,260,135,2
4930,736,3,1,1,2,0,4,1,3,0,22,17,224,131,60,80,150,10,0,200,108,2
4931,736,3,1,1,2,0,4,1,3,0,22,17,224,109,120,71,133,20,0,200,175,2
4932,736,3,1,1,2,0,4,1,3,0,22,17,247,131,30,92,178,20,0,200,175,2
4933,737,3,1,1,2,0,4,1,3,0,25,11,231,101,120,120,105,30,0,170,120,2
4934,737,3,1,1,2,0,4,1,3,0,25,11,186,76,120,125,84,30,0,221,96,2
4935,737,3,1,1,2,0,4,1,3,0,25,11,231,76,120,131,88,20,0,136,96,2
4936,737,3,1,1,2,0,4,1,3,0,25,11,201,76,60,131,88,10,0,221,156,2
4937,737,3,1,1,2,0,4,1,3,0,25,11,201,84,120,131,90,30,0,136,156,3
4938,737,3,1,1,2,0,4,1,3,0,25,11,186,84,60,131,90,20,0,221,120,2
4939,737,3,1,1,2,0,4,1,3,0,25,11,186,101,60,125,109,10,0,170,96,2
4940,737,3,1,1,2,0,4,1,3,0,25,11,186,84,120,120,94,20,0,170,156,2
4941,737,3,1,1,2,0,4,1,3,0,25,11,201,101,30,131,122,20,0,170,156,1
4942,738,3,1,1,2,0,5,1,3,0,1,22,178,106,120,70,122,20,0,208,105,2
4943,738,3,1,1,2,0,5,1,3,0,1,22,161,106,30,64,112,10,0,208,136,2
4944,738,3,1,1,2,0,5,1,3,0,1,22,212,106,60,78,140,30,0,208,84,2
4945,738,3,1,1,2,0,5,1,3,0,1,22,161,88,30,70,122,20,0,128,84,2
4946,738,3,1,1,2,0,5,1,3,0,1,22,212,79,60,70,92,20,0,160,136,2
4947,738,3,1,1,2,0,5,1,3,0,1,22,178,79,120,64,112,10,0,160,84,2
4948,738,3,1,1,2,0,5,1,3,0,1,22,161,106,120,78,140,10,0,128,105,2
4949,738,3,1,1,2,0,5,1,3,0,1,22,161,79,30,78,97,30,0,160,105,2
4950,738,3,1,1,2,0,5,1,3,0,1,22,212,88,60,64,109,10,0,128,105,2
4951,739,3,1,1,2,0,2,0,3,0,3,22,162,89,120,107,90,20,0,182,85,2
4952,739,3,1,1,2,0,2,0,3,0,3,22,147,89,30,104,88,10,0,182,110,2
4953,739,3,1,1,2,0,2,0,3,0,3,22,192,89,60,111,99,30,0,182,68,2
4954,739,3,1,1,2,0,2,0,3,0,3,22,147,74,30,107,88,20,0,112,68,1
4955,739,3,1,1,2,0,2,0,3,0,3,22,192,67,60,107,74,20,0,140,110,2
4956,739,3,1,1,2,0,2,0,3,0,3,22,162,67,120,104,81,10,0,140,68,1
4957,739,3,1,1,2,0,2,0,3,0,3,22,147,89,120,111,99,10,0,112,85,1
4958,739,3,1,1,2,0,2,0,3,0,3,22,147,67,30,111,76,30,0,140,85,1
4959,739,3,1,1,2,0,2,0,3,0,3,22,192,74,60,104,81,10,0,112,85,2
4960,740,3,1,1,2,0,2,1,3,0,2,17,238,110,120,81,118,30,0,170,105,2
4961,740,3,1,1,2,0,2,1,3,0,2,17,181,83,120,87,94,30,0,221,84,2
4962,740,3,1,1,2,0,2,1,3,0,2,17,238,83,120,95,99,20,0,136,84,2
4963,740,3,1,1,2,0,2,1,3,0,2,17,200,83,60,95,99,10,0,221,136,2
4964,740,3,1,1,2,0,2,1,3,0,2,17,200,92,120,95,105,30,0,136,136,2
4965,740,3,1,1,2,0,2,1,3,0,2,17,181,92,60,95,105,20,0,221,105,2
4966,740,3,1,1,2,0,2,1,3,0,2,17,181,110,60,87,122,10,0,170,84,2
4967,740,3,1,1,2,0,2,1,3,0,2,17,181,92,120,81,109,20,0,170,136,2
4968,740,3,1,1,2,0,2,1,3,0,2,17,200,110,30,95,146,20,0,170,136,2
4969,741,3,1,1,2,0,2,1,3,0,17,2,195,97,120,77,112,30,0,140,95,2
4970,741,3,1,1,2,0,2,1,3,0,17,2,151,73,120,83,90,30,0,182,76,2
4971,741,3,1,1,2,0,2,1,3,0,17,2,195,73,120,91,94,20,0,112,76,3
4972,741,3,1,1,2,0,2,1,3,0,17,2,166,73,60,91,94,10,0,182,123,2
4973,741,3,1,1,2,0,2,1,3,0,17,2,166,81,120,91,97,30,0,112,123,2
4974,741,3,1,1,2,0,2,1,3,0,17,2,151,81,60,91,97,20,0,182,95,2
4975,741,3,1,1,2,0,2,1,3,0,17,2,151,97,60,83,118,10,0,140,76,3
4976,741,3,1,1,2,0,2,1,3,0,17,2,151,81,120,77,105,20,0,140,123,2
4977,741,3,1,1,2,0,2,1,3,0,17,2,166,97,30,91,137,20,0,140,123,3
4978,742,3,1,1,2,0,3,1,2,0,2,20,196,76,30,133,92,10,0,140,68,2
4979,742,3,1,1,2,0,3,1,2,0,2,20,196,76,120,129,109,10,0,182,110,2
4980,742,3,1,1,2,0,3,1,2,0,2,20,196,68,30,126,99,20,0,182,85,2
4981,742,3,1,1,2,0,3,1,2,0,2,20,147,68,60,126,99,30,0,112,110,1
4982,742,3,1,1,2,0,3,1,2,0,2,20,163,76,30,126,97,30,0,182,68,2
4983,742,3,1,1,2,0,3,1,2,0,2,20,163,68,30,129,88,10,0,112,85,3
4984,742,3,1,1,2,0,3,1,2,0,2,20,163,91,60,126,109,20,0,112,68,3
4985,742,3,1,1,2,0,3,1,2,0,2,20,196,91,30,129,109,30,0,112,110,3
4986,742,3,1,1,2,0,3,1,2,0,2,20,163,76,60,129,109,30,0,140,85,2
4987,743,3,1,1,2,0,3,1,3,0,1,22,193,106,120,50,112,30,0,170,120,2
4988,743,3,1,1,2,0,3,1,3,0,1,22,150,79,120,56,90,30,0,221,96,2
4989,743,3,1,1,2,0,3,1,3,0,1,22,193,79,120,64,97,20,0,136,96,3
4990,743,3,1,1,2,0,3,1,3,0,1,22,164,79,60,64,97,10,0,221,156,2
4991,743,3,1,1,2,0,3,1,3,0,1,22,164,88,120,64,97,30,0,136,156,2
4992,743,3,1,1,2,0,3,1,3,0,1,22,150,88,60,64,97,20,0,221,120,2
4993,743,3,1,1,2,0,3,1,3,0,1,22,150,106,60,56,118,10,0,170,96,2
4994,743,3,1,1,2,0,3,1,3,0,1,22,150,88,120,50,105,20,0,170,156,2
4995,743,3,1,1,2,0,3,1,3,0,1,22,164,106,30,64,140,20,0,170,156,2
4996,744,3,1,1,2,0,3,1,3,0,2,1,106,72,120,34,78,30,0,90,60,3
4997,744,3,1,1,2,0,3,1,3,0,2,1,85,54,120,37,65,30,0,117,48,2
4998,744,3,1,1,2,0,3,1,3,0,2,1,106,54,120,41,68,20,0,72,48,3
4999,744,3,1,1,2,0,3,1,3,0,2,1,92,54,60,41,68,10,0,117,78,1
5000,744,3,1,1,2,0,3,1,3,0,2,1,92,60,120,41,71,30,0,72,78,2
5001,744,3,1,1,2,0,3,1,3,0,2,1,85,60,60,41,71,20,0,117,60,1
5002,744,3,1,1,2,0,3,1,3,0,2,1,85,72,60,37,84,10,0,90,48,2
5003,744,3,1,1,2,0,3,1,3,0,2,1,85,60,120,34,74,20,0,90,78,2
5004,744,3,1,1,2,0,3,1,3,0,2,1,92,72,30,41,94,20,0,90,78,1
5005,745,3,1,1,2,0,3,1,3,0,17,2,168,94,120,113,105,20,0,143,80,3
5006,745,3,1,1,2,0,3,1,3,0,17,2,151,94,30,110,97,10,0,143,104,2
5007,745,3,1,1,2,0,3,1,3,0,17,2,202,94,60,117,112,30,0,143,64,3
5008,745,3,1,1,2,0,3,1,3,0,17,2,151,78,30,113,99,20,0,88,64,3
5009,745,3,1,1,2,0,3,1,3,0,17,2,202,70,60,113,81,20,0,110,104,3
5010,745,3,1,1,2,0,3,1,3,0,17,2,168,70,120,110,92,10,0,110,64,3
5011,745,3,1,1,2,0,3,1,3,0,17,2,151,94,120,117,112,10,0,88,80,3
5012,745,3,1,1,2,0,3,1,3,0,17,2,151,70,30,117,84,30,0,110,80,3
5013,745,3,1,1,2,0,3,1,3,0,17,2,202,78,60,110,90,10,0,88,80,3
5014,746,3,1,1,2,0,4,0,3,0,17,22,283,126,120,93,146,30,0,210,135,3
5015,746,3,1,1,2,0,4,0,3,0,17,22,217,94,120,102,118,30,0,273,108,2
5016,746,3,1,1,2,0,4,0,3,0,17,22,283,94,120,114,122,20,0,168,108,3
5017,746,3,1,1,2,0,4,0,3,0,17,22,239,94,60,114,122,10,0,273,175,2
5018,746,3,1,1,2,0,4,0,3,0,17,22,239,105,120,114,127,30,0,168,175,3
5019,746,3,1,1,2,0,4,0,3,0,17,22,217,105,60,114,127,20,0,273,135,1
5020,746,3,1,1,2,0,4,0,3,0,17,22,217,126,60,102,155,10,0,210,108,2
5021,746,3,1,1,2,0,4,0,3,0,17,22,217,105,120,93,133,20,0,210,175,2
5022,746,3,1,1,2,0,4,0,3,0,17,22,239,126,30,114,178,20,0,210,175,1
5023,747,3,1,1,2,0,4,1,3,0,1,2,130,68,30,59,76,10,0,110,68,2
5024,747,3,1,1,2,0,4,1,3,0,1,2,130,68,120,55,88,10,0,143,110,2
5025,747,3,1,1,2,0,4,1,3,0,1,2,130,61,30,52,84,20,0,143,85,2
5026,747,3,1,1,2,0,4,1,3,0,1,2,100,61,60,52,84,30,0,88,110,2
5027,747,3,1,1,2,0,4,1,3,0,1,2,110,68,30,52,78,30,0,143,68,2
5028,747,3,1,1,2,0,4,1,3,0,1,2,110,61,30,55,71,10,0,88,85,2
5029,747,3,1,1,2,0,4,1,3,0,1,2,110,82,60,52,84,20,0,88,68,2
5030,747,3,1,1,2,0,4,1,3,0,1,2,130,82,30,55,88,30,0,88,110,2
5031,747,3,1,1,2,0,4,1,3,0,1,2,110,68,60,55,88,30,0,110,85,2
5032,748,3,1,1,2,0,5,1,3,0,22,1,177,78,30,112,84,10,0,140,80,3
5033,748,3,1,1,2,0,5,1,3,0,22,1,177,78,120,108,97,10,0,182,130,2
5034,748,3,1,1,2,0,5,1,3,0,22,1,177,70,30,105,92,20,0,182,100,2
5035,748,3,1,1,2,0,5,1,3,0,22,1,138,70,60,105,92,30,0,112,130,1
5036,748,3,1,1,2,0,5,1,3,0,22,1,151,78,30,105,88,30,0,182,80,2
5037,748,3,1,1,2,0,5,1,3,0,22,1,151,70,30,108,78,10,0,112,100,3
5038,748,3,1,1,2,0,5,1,3,0,22,1,151,94,60,105,94,20,0,112,80,3
5039,748,3,1,1,2,0,5,1,3,0,22,1,177,94,30,108,99,30,0,112,130,2
5040,748,3,1,1,2,0,5,1,3,0,22,1,151,78,60,108,97,30,0,140,100,2
5041,749,3,1,1,2,0,3,1,3,0,2,1,92,72,120,37,84,20,0,104,50,2
5042,749,3,1,1,2,0,3,1,3,0,2,1,85,72,30,34,78,10,0,104,65,2
5043,749,3,1,1,2,0,3,1,3,0,2,1,106,72,60,41,94,30,0,104,40,3
5044,749,3,1,1,2,0,3,1,3,0,2,1,85,60,30,37,84,20,0,64,40,3
5045,749,3,1,1,2,0,3,1,3,0,2,1,106,54,60,37,65,20,0,80,65,2
5046,749,3,1,1,2,0,3,1,3,0,2,1,92,54,120,34,78,10,0,80,40,2
5047,749,3,1,1,2,0,3,1,3,0,2,1,85,72,120,41,94,10,0,64,50,3
5048,749,3,1,1,2,0,3,1,3,0,2,1,85,54,30,41,68,30,0,80,50,2
5049,749,3,1,1,2,0,3,1,3,0,2,1,106,60,60,34,74,10,0,64,50,2
5050,750,3,1,1,2,0,4,1,3,0,22,9,253,110,120,165,112,30,0,150,90,2
5051,750,3,1,1,2,0,4,1,3,0,22,9,190,83,120,168,92,30,0,195,72,2
5052,750,3,1,1,2,0,4,1,3,0,22,9,253,83,120,172,94,20,0,120,72,2
5053,750,3,1,1,2,0,4,1,3,0,22,9,211,83,60,172,94,10,0,195,117,2
5054,750,3,1,1,2,0,4,1,3,0,22,9,211,92,120,172,99,30,0,120,117,2
5055,750,3,1,1,2,0,4,1,3,0,22,9,190,92,60,172,99,20,0,195,90,2
5056,750,3,1,1,2,0,4,1,3,0,22,9,190,110,60,168,118,10,0,150,72,3
5057,750,3,1,1,2,0,4,1,3,0,22,9,190,92,120,165,105,20,0,150,117,2
5058,750,3,1,1,2,0,4,1,3,0,22,9,211,110,30,172,127,20,0,150,117,2
5059,751,3,1,1,2,0,2,1,3,0,25,1,236,105,30,81,118,10,0,190,112,2
5060,751,3,1,1,2,0,2,1,3,0,25,1,236,105,120,71,146,10,0,247,182,2
5061,751,3,1,1,2,0,2,1,3,0,25,1,236,94,30,63,133,20,0,247,140,2
5062,751,3,1,1,2,0,2,1,3,0,25,1,182,94,60,63,133,30,0,152,182,2
5063,751,3,1,1,2,0,2,1,3,0,25,1,200,105,30,63,122,30,0,247,112,2
5064,751,3,1,1,2,0,2,1,3,0,25,1,200,94,30,71,109,10,0,152,140,2
5065,751,3,1,1,2,0,2,1,3,0,25,1,200,126,60,63,133,20,0,152,112,2
5066,751,3,1,1,2,0,2,1,3,0,25,1,236,126,30,71,140,30,0,152,182,2
5067,751,3,1,1,2,0,2,1,3,0,25,1,200,105,60,71,146,30,0,190,140,2
5068,752,3,1,1,2,0,3,1,3,0,25,1,236,126,120,63,137,30,0,200,115,2
5069,752,3,1,1,2,0,3,1,3,0,25,1,182,94,120,71,109,30,0,260,92,2
5070,752,3,1,1,2,0,3,1,3,0,25,1,236,94,120,81,118,20,0,160,92,3
5071,752,3,1,1,2,0,3,1,3,0,25,1,200,94,60,81,118,10,0,260,149,2
5072,752,3,1,1,2,0,3,1,3,0,25,1,200,105,120,81,118,30,0,160,149,2
5073,752,3,1,1,2,0,3,1,3,0,25,1,182,105,60,81,118,20,0,260,115,2
5074,752,3,1,1,2,0,3,1,3,0,25,1,182,126,60,71,146,10,0,200,92,3
5075,752,3,1,1,2,0,3,1,3,0,25,1,182,105,120,63,127,20,0,200,149,2
5076,752,3,1,1,2,0,3,1,3,0,25,1,200,126,30,81,168,20,0,200,149,2
5077,753,3,1,1,2,1,2,0,2,0,1,2,170,68,30,91,76,10,0,90,40,2
5078,753,3,1,1,2,1,2,0,2,0,1,2,170,68,120,87,88,10,0,117,65,2
5079,753,3,1,1,2,1,2,0,2,0,1,2,170,61,30,84,84,20,0,117,50,3
5080,753,3,1,1,2,1,2,0,2,0,1,2,128,61,60,84,84,30,0,72,65,3
5081,753,3,1,1,2,1,2,0,2,0,1,2,142,68,30,84,78,30,0,117,40,3
5082,753,3,1,1,2,1,2,0,2,0,1,2,142,61,30,87,71,10,0,72,50,2
5083,753,3,1,1,2,1,2,0,2,0,1,2,142,82,60,84,84,20,0,72,40,3
5084,753,3,1,1,2,1,2,0,2,0,1,2,170,82,30,87,88,30,0,72,65,3
5085,753,3,1,1,2,1,2,0,2,0,1,2,142,68,60,87,88,30,0,90,50,3
5086,754,3,1,1,2,1,2,1,2,0,17,2,233,90,30,151,97,10,0,170,80,2
5087,754,3,1,1,2,1,2,1,2,0,17,2,233,90,120,147,109,10,0,221,130,2
5088,754,3,1,1,2,1,2,1,2,0,17,2,233,81,30,144,105,20,0,221,100,2
5089,754,3,1,1,2,1,2,1,2,0,17,2,187,81,60,144,105,30,0,136,130,1
5090,754,3,1,1,2,1,2,1,2,0,17,2,202,90,30,144,99,30,0,221,80,2
5091,754,3,1,1,2,1,2,1,2,0,17,2,202,81,30,147,90,10,0,136,100,2
5092,754,3,1,1,2,1,2,1,2,0,17,2,202,108,60,144,109,20,0,136,80,2
5093,754,3,1,1,2,1,2,1,2,0,17,2,233,108,30,147,112,30,0,136,130,2
5094,754,3,1,1,2,1,2,1,2,0,17,2,202,90,60,147,109,30,0,170,100,2
5095,755,3,1,1,2,1,2,1,2,0,17,10,237,110,120,91,118,30,0,160,95,2
5096,755,3,1,1,2,1,2,1,2,0,17,10,183,83,120,97,94,30,0,208,76,2
5097,755,3,1,1,2,1,2,1,2,0,17,10,237,83,120,105,99,20,0,128,76,3
5098,755,3,1,1,2,1,2,1,2,0,17,10,201,83,60,105,99,10,0,208,123,2
5099,755,3,1,1,2,1,2,1,2,0,17,10,201,92,120,105,105,30,0,128,123,3
5100,755,3,1,1,2,1,2,1,2,0,17,10,183,92,60,105,105,20,0,208,95,2
5101,755,3,1,1,2,1,2,1,2,0,17,10,183,110,60,97,122,10,0,160,76,2
5102,755,3,1,1,2,1,2,1,2,0,17,10,183,92,120,91,109,20,0,160,123,2
5103,755,3,1,1,2,1,2,1,2,0,17,10,201,110,30,105,140,20,0,160,123,2
5104,756,3,1,1,2,1,2,1,2,0,22,1,206,92,30,73,105,10,0,200,88,2
5105,756,3,1,1,2,1,2,1,2,0,22,1,206,92,120,65,127,10,0,260,143,2
5106,756,3,1,1,2,1,2,1,2,0,22,1,206,83,30,59,118,20,0,260,110,2
5107,756,3,1,1,2,1,2,1,2,0,22,1,157,83,60,59,118,30,0,160,143,2
5108,756,3,1,1,2,1,2,1,2,0,22,1,173,92,30,59,109,30,0,260,88,2
5109,756,3,1,1,2,1,2,1,2,0,22,1,173,83,30,65,97,10,0,160,110,2
5110,756,3,1,1,2,1,2,1,2,0,22,1,173,110,60,59,118,20,0,160,88,2
5111,756,3,1,1,2,1,2,1,2,0,22,1,206,110,30,65,127,30,0,160,143,2
5112,756,3,1,1,2,1,2,1,2,0,22,1,173,92,60,65,127,30,0,200,110,2
5113,757,3,1,1,2,1,2,1,2,0,22,17,277,99,30,141,109,10,0,200,88,2
5114,757,3,1,1,2,1,2,1,2,0,22,17,277,99,120,133,133,10,0,260,143,2
5115,757,3,1,1,2,1,2,1,2,0,22,17,277,89,30,127,122,20,0,260,110,2
5116,757,3,1,1,2,1,2,1,2,0,22,17,217,89,60,127,122,30,0,160,143,3
5117,757,3,1,1,2,1,2,1,2,0,22,17,237,99,30,127,118,30,0,260,88,2
5118,757,3,1,1,2,1,2,1,2,0,22,17,237,89,30,133,105,10,0,160,110,3
5119,757,3,1,1,2,1,2,1,2,0,22,17,237,119,60,127,127,20,0,160,88,3
5120,757,3,1,1,2,1,2,1,2,0,22,17,277,119,30,133,133,30,0,160,143,3
5121,757,3,1,1,2,1,2,1,2,0,22,17,237,99,60,133,133,30,0,200,110,2
5122,758,3,1,1,2,1,2,1,3,0,20,2,185,101,120,101,105,30,0,180,105,2
5123,758,3,1,1,2,1,2,1,3,0,20,2,141,76,120,104,84,30,0,234,84,2
5124,758,3,1,1,2,1,2,1,3,0,20,2,185,76,120,108,88,20,0,144,84,2
5125,758,3,1,1,2,1,2,1,3,0,20,2,156,76,60,108,88,10,0,234,136,2
5126,758,3,1,1,2,1,2,1,3,0,20,2,156,84,120,108,90,30,0,144,136,2
5127,758,3,1,1,2,1,2,1,3,0,20,2,141,84,60,108,90,20,0,234,105,2
5128,758,3,1,1,2,1,2,1,3,0,20,2,141,101,60,104,109,10,0,180,84,2
5129,758,3,1,1,2,1,2,1,3,0,20,2,141,84,120,101,94,20,0,180,136,2
5130,758,3,1,1,2,1,2,1,3,0,20,2,156,101,30,108,118,20,0,180,136,2
5131,759,3,1,1,2,1,2,1,4,0,20,25,288,112,30,123,127,10,0,220,124,2
5132,759,3,1,1,2,1,2,1,4,0,20,25,288,112,120,113,155,10,0,286,201,2
5133,759,3,1,1,2,1,2,1,4,0,20,25,288,101,30,105,140,20,0,286,155,2
5134,759,3,1,1,2,1,2,1,4,0,20,25,219,101,60,105,140,30,0,176,201,2
5135,759,3,1,1,2,1,2,1,4,0,20,25,242,112,30,105,137,30,0,286,124,2
5136,759,3,1,1,2,1,2,1,4,0,20,25,242,101,30,113,118,10,0,176,155,3
5137,759,3,1,1,2,1,2,1,4,0,20,25,242,134,60,105,146,20,0,176,124,3
5138,759,3,1,1,2,1,2,1,4,0,20,25,288,134,30,113,155,30,0,176,201,2
5139,759,3,1,1,2,1,2,1,4,0,20,25,242,112,60,113,155,30,0,220,155,2
5140,760,3,1,1,2,1,3,1,2,0,2,17,240,108,120,83,118,30,0,160,105,2
5141,760,3,1,1,2,1,3,1,2,0,2,17,183,81,120,89,94,30,0,208,84,2
5142,760,3,1,1,2,1,3,1,2,0,2,17,240,81,120,97,99,20,0,128,84,3
5143,760,3,1,1,2,1,3,1,2,0,2,17,202,81,60,97,99,10,0,208,136,2
5144,760,3,1,1,2,1,3,1,2,0,2,17,202,90,120,97,105,30,0,128,136,3
5145,760,3,1,1,2,1,3,1,2,0,2,17,183,90,60,97,105,20,0,208,105,2
5146,760,3,1,1,2,1,3,1,2,0,2,17,183,108,60,89,122,10,0,160,84,3
5147,760,3,1,1,2,1,3,1,2,0,2,17,183,90,120,83,109,20,0,160,136,2
5148,760,3,1,1,2,1,3,1,2,0,2,17,202,108,30,97,140,20,0,160,136,2
5149,761,3,1,1,2,1,3,1,2,0,14,22,299,134,120,140,140,30,0,210,135,2
5150,761,3,1,1,2,1,3,1,2,0,14,22,231,101,120,146,112,30,0,273,108,2
5151,761,3,1,1,2,1,3,1,2,0,14,22,299,101,120,154,118,20,0,168,108,2
5152,761,3,1,1,2,1,3,1,2,0,14,22,254,101,60,154,118,10,0,273,175,2
5153,761,3,1,1,2,1,3,1,2,0,14,22,254,112,120,154,122,30,0,168,175,2
5154,761,3,1,1,2,1,3,1,2,0,14,22,231,112,60,154,122,20,0,273,135,2
5155,761,3,1,1,2,1,3,1,2,0,14,22,231,134,60,146,146,10,0,210,108,2
5156,761,3,1,1,2,1,3,1,2,0,14,22,231,112,120,140,127,20,0,210,175,2
5157,761,3,1,1,2,1,3,1,2,0,14,22,254,134,30,154,168,20,0,210,175,2
5158,762,3,1,1,2,1,3,1,2,0,22,2,163,78,120,83,78,30,0,100,60,2
5159,762,3,1,1,2,1,3,1,2,0,22,2,130,58,120,86,65,30,0,130,48,2
5160,762,3,1,1,2,1,3,1,2,0,22,2,163,58,120,90,68,20,0,80,48,3
5161,762,3,1,1,2,1,3,1,2,0,22,2,141,58,60,90,68,10,0,130,78,2
5162,762,3,1,1,2,1,3,1,2,0,22,2,141,65,120,90,68,30,0,80,78,2
5163,762,3,1,1,2,1,3,1,2,0,22,2,130,65,60,90,68,20,0,130,60,2
5164,762,3,1,1,2,1,3,1,2,0,22,2,130,78,60,86,81,10,0,100,48,2
5165,762,3,1,1,2,1,3,1,2,0,22,2,130,65,120,83,71,20,0,100,78,3
5166,762,3,1,1,2,1,3,1,2,0,22,2,141,78,30,90,90,20,0,100,78,3
5167,763,3,1,1,2,1,3,1,2,0,25,17,336,122,30,109,140,10,0,270,136,2
5168,763,3,1,1,2,1,3,1,2,0,25,17,336,122,120,95,178,10,0,351,221,2
5169,763,3,1,1,2,1,3,1,2,0,25,17,336,110,30,84,165,20,0,351,170,2
5170,763,3,1,1,2,1,3,1,2,0,25,17,257,110,60,84,165,30,0,216,221,3
5171,763,3,1,1,2,1,3,1,2,0,25,17,283,122,30,84,150,30,0,351,136,2
5172,763,3,1,1,2,1,3,1,2,0,25,17,283,110,30,95,133,10,0,216,170,3
5173,763,3,1,1,2,1,3,1,2,0,25,17,283,146,60,84,165,20,0,216,136,3
5174,763,3,1,1,2,1,3,1,2,0,25,17,336,146,30,95,174,30,0,216,221,3
5175,763,3,1,1,2,1,3,1,2,0,25,17,283,122,60,95,178,30,0,270,170,2
5176,764,3,1,1,2,1,3,1,3,0,1,22,196,110,120,88,127,20,0,208,135,3
5177,764,3,1,1,2,1,3,1,3,0,1,22,177,110,30,82,118,10,0,208,175,2
5178,764,3,1,1,2,1,3,1,3,0,1,22,233,110,60,96,146,30,0,208,108,3
5179,764,3,1,1,2,1,3,1,3,0,1,22,177,92,30,88,127,20,0,128,108,3
5180,764,3,1,1,2,1,3,1,3,0,1,22,233,83,60,88,97,20,0,160,175,3
5181,764,3,1,1,2,1,3,1,3,0,1,22,196,83,120,82,118,10,0,160,108,3
5182,764,3,1,1,2,1,3,1,3,0,1,22,177,110,120,96,146,10,0,128,135,3
5183,764,3,1,1,2,1,3,1,3,0,1,22,177,83,30,96,105,30,0,160,135,3
5184,764,3,1,1,2,1,3,1,3,0,1,22,233,92,60,82,109,10,0,128,135,3
5185,765,3,1,1,2,1,3,1,3,0,2,1,114,65,30,46,71,10,0,90,44,2
5186,765,3,1,1,2,1,3,1,3,0,2,1,114,65,120,42,84,10,0,117,71,2
5187,765,3,1,1,2,1,3,1,3,0,2,1,114,58,30,39,81,20,0,117,55,2
5188,765,3,1,1,2,1,3,1,3,0,2,1,88,58,60,39,81,30,0,72,71,2
5189,765,3,1,1,2,1,3,1,3,0,2,1,97,65,30,39,76,30,0,117,44,2
5190,765,3,1,1,2,1,3,1,3,0,2,1,97,58,30,42,68,10,0,72,55,2
5191,765,3,1,1,2,1,3,1,3,0,2,1,97,78,60,39,81,20,0,72,44,2
5192,765,3,1,1,2,1,3,1,3,0,2,1,114,78,30,42,84,30,0,72,71,2
5193,765,3,1,1,2,1,3,1,3,0,2,1,97,65,60,42,84,30,0,90,55,2
5194,766,3,1,1,2,1,3,1,3,0,2,1,147,71,30,73,78,10,0,90,44,3
5195,766,3,1,1,2,1,3,1,3,0,2,1,147,71,120,69,90,10,0,117,71,2
5196,766,3,1,1,2,1,3,1,3,0,2,1,147,64,30,66,84,20,0,117,55,2
5197,766,3,1,1,2,1,3,1,3,0,2,1,113,64,60,66,84,30,0,72,71,3
5198,766,3,1,1,2,1,3,1,3,0,2,1,124,71,30,66,81,30,0,117,44,2
5199,766,3,1,1,2,1,3,1,3,0,2,1,124,64,30,69,74,10,0,72,55,3
5200,766,3,1,1,2,1,3,1,3,0,2,1,124,85,60,66,88,20,0,72,44,3
5201,766,3,1,1,2,1,3,1,3,0,2,1,147,85,30,69,90,30,0,72,71,3
5202,766,3,1,1,2,1,3,1,3,0,2,1,124,71,60,69,90,30,0,90,55,3
5203,767,3,1,1,2,1,3,1,3,0,2,14,180,78,30,99,84,10,0,110,56,3
5204,767,3,1,1,2,1,3,1,3,0,2,14,180,78,120,95,99,10,0,143,91,2
5205,767,3,1,1,2,1,3,1,3,0,2,14,180,70,30,92,92,20,0,143,70,2
5206,767,3,1,1,2,1,3,1,3,0,2,14,135,70,60,92,92,30,0,88,91,2
5207,767,3,1,1,2,1,3,1,3,0,2,14,150,78,30,92,88,30,0,143,56,2
5208,767,3,1,1,2,1,3,1,3,0,2,14,150,70,30,95,81,10,0,88,70,2
5209,767,3,1,1,2,1,3,1,3,0,2,14,150,94,60,92,94,20,0,88,56,3
5210,767,3,1,1,2,1,3,1,3,0,2,14,180,94,30,95,99,30,0,88,91,2
5211,767,3,1,1,2,1,3,1,3,0,2,14,150,78,60,95,99,30,0,110,70,2
5212,768,3,1,1,2,1,3,1,3,0,2,17,209,81,30,127,84,10,0,190,92,2
5213,768,3,1,1,2,1,3,1,3,0,2,17,209,81,120,123,92,10,0,247,149,2
5214,768,3,1,1,2,1,3,1,3,0,2,17,209,73,30,120,88,20,0,247,115,2
5215,768,3,1,1,2,1,3,1,3,0,2,17,159,73,60,120,88,30,0,152,149,2
5216,768,3,1,1,2,1,3,1,3,0,2,17,176,81,30,120,88,30,0,247,92,2
5217,768,3,1,1,2,1,3,1,3,0,2,17,176,73,30,123,81,10,0,152,115,2
5218,768,3,1,1,2,1,3,1,3,0,2,17,176,97,60,120,97,20,0,152,92,2
5219,768,3,1,1,2,1,3,1,3,0,2,17,209,97,30,123,99,30,0,152,149,2
5220,768,3,1,1,2,1,3,1,3,0,2,17,176,81,60,123,92,30,0,190,115,2
5221,769,3,1,1,2,1,3,1,3,0,2,25,162,94,120,86,105,20,0,195,115,2
5222,769,3,1,1,2,1,3,1,3,0,2,25,148,94,30,81,97,10,0,195,149,2
5223,769,3,1,1,2,1,3,1,3,0,2,25,191,94,60,92,112,30,0,195,92,2
5224,769,3,1,1,2,1,3,1,3,0,2,25,148,78,30,86,99,20,0,120,92,3
5225,769,3,1,1,2,1,3,1,3,0,2,25,191,70,60,86,81,20,0,150,149,2
5226,769,3,1,1,2,1,3,1,3,0,2,25,162,70,120,81,92,10,0,150,92,2
5227,769,3,1,1,2,1,3,1,3,0,2,25,148,94,120,92,112,10,0,120,115,3
5228,769,3,1,1,2,1,3,1,3,0,2,25,148,70,30,92,84,30,0,150,115,2
5229,769,3,1,1,2,1,3,1,3,0,2,25,191,78,60,81,90,10,0,120,115,2
5230,770,3,1,1,2,1,3,1,3,0,2,25,229,76,30,126,84,10,0,150,80,2
5231,770,3,1,1,2,1,3,1,3,0,2,25,229,76,120,120,99,10,0,195,130,2
5232,770,3,1,1,2,1,3,1,3,0,2,25,229,68,30,115,92,20,0,195,100,3
5233,770,3,1,1,2,1,3,1,3,0,2,25,180,68,60,115,92,30,0,120,130,3
5234,770,3,1,1,2,1,3,1,3,0,2,25,196,76,30,115,88,30,0,195,80,2
5235,770,3,1,1,2,1,3,1,3,0,2,25,196,68,30,120,78,10,0,120,100,3
5236,770,3,1,1,2,1,3,1,3,0,2,25,196,91,60,115,94,20,0,120,80,3
5237,770,3,1,1,2,1,3,1,3,0,2,25,229,91,30,120,99,30,0,120,130,3
5238,770,3,1,1,2,1,3,1,3,0,2,25,196,76,60,120,99,30,0,150,100,2
5239,771,3,1,1,2,1,3,1,3,0,22,1,159,94,120,116,99,20,0,208,80,3
5240,771,3,1,1,2,1,3,1,3,0,22,1,147,94,30,113,97,10,0,208,104,3
5241,771,3,1,1,2,1,3,1,3,0,22,1,183,94,60,120,112,30,0,208,64,3
5242,771,3,1,1,2,1,3,1,3,0,22,1,147,78,30,116,99,20,0,128,64,3
5243,771,3,1,1,2,1,3,1,3,0,22,1,183,70,60,116,81,20,0,160,104,3
5244,771,3,1,1,2,1,3,1,3,0,22,1,159,70,120,113,92,10,0,160,64,3
5245,771,3,1,1,2,1,3,1,3,0,22,1,147,94,120,120,112,10,0,128,80,3
5246,771,3,1,1,2,1,3,1,3,0,22,1,147,70,30,120,84,30,0,160,80,3
5247,771,3,1,1,2,1,3,1,3,0,22,1,183,78,60,113,88,10,0,128,80,3
5248,772,3,1,1,2,1,3,1,3,0,22,1,207,126,120,103,137,20,0,247,140,2
5249,772,3,1,1,2,1,3,1,3,0,22,1,186,126,30,97,133,10,0,247,182,2
5250,772,3,1,1,2,1,3,1,3,0,22,1,248,126,60,111,161,30,0,247,112,2
5251,772,3,1,1,2,1,3,1,3,0,22,1,186,105,30,103,137,20,0,152,112,2
5252,772,3,1,1,2,1,3,1,3,0,22,1,248,94,60,103,105,20,0,190,182,2
5253,772,3,1,1,2,1,3,1,3,0,22,1,207,94,120,97,127,10,0,190,112,2
5254,772,3,1,1,2,1,3,1,3,0,22,1,186,126,120,111,161,10,0,152,140,2
5255,772,3,1,1,2,1,3,1,3,0,22,1,186,94,30,111,112,30,0,190,140,2
5256,772,3,1,1,2,1,3,1,3,0,22,1,248,105,60,97,118,10,0,152,140,2
5257,773,3,1,1,2,1,3,1,3,0,22,1,315,94,30,167,109,10,0,170,88,3
5258,773,3,1,1,2,1,3,1,3,0,22,1,315,94,120,159,127,10,0,221,143,2
5259,773,3,1,1,2,1,3,1,3,0,22,1,315,85,30,153,118,20,0,221,110,2
5260,773,3,1,1,2,1,3,1,3,0,22,1,237,85,60,153,118,30,0,136,143,3
5261,773,3,1,1,2,1,3,1,3,0,22,1,263,94,30,153,112,30,0,221,88,2
5262,773,3,1,1,2,1,3,1,3,0,22,1,263,85,30,159,97,10,0,136,110,2
5263,773,3,1,1,2,1,3,1,3,0,22,1,263,113,60,153,122,20,0,136,88,3
5264,773,3,1,1,2,1,3,1,3,0,22,1,315,113,30,159,127,30,0,136,143,3
5265,773,3,1,1,2,1,3,1,3,0,22,1,263,94,60,159,127,30,0,170,110,3
5266,774,3,1,1,2,1,3,1,3,0,22,1,231,97,30,95,109,10,0,180,92,2
5267,774,3,1,1,2,1,3,1,3,0,22,1,231,97,120,87,133,10,0,234,149,2
5268,774,3,1,1,2,1,3,1,3,0,22,1,231,87,30,81,122,20,0,234,115,2
5269,774,3,1,1,2,1,3,1,3,0,22,1,177,87,60,81,122,30,0,144,149,3
5270,774,3,1,1,2,1,3,1,3,0,22,1,195,97,30,81,112,30,0,234,92,2
5271,774,3,1,1,2,1,3,1,3,0,22,1,195,87,30,87,99,10,0,144,115,3
5272,774,3,1,1,2,1,3,1,3,0,22,1,195,116,60,81,122,20,0,144,92,3
5273,774,3,1,1,2,1,3,1,3,0,22,1,231,116,30,87,133,30,0,144,149,3
5274,774,3,1,1,2,1,3,1,3,0,22,1,195,97,60,87,133,30,0,180,115,2
5275,775,3,1,1,2,1,3,1,3,0,22,17,247,131,120,80,150,20,0,338,120,2
5276,775,3,1,1,2,1,3,1,3,0,22,17,224,131,30,71,140,10,0,338,156,2
5277,775,3,1,1,2,1,3,1,3,0,22,17,292,131,60,92,178,30,0,338,96,3
5278,775,3,1,1,2,1,3,1,3,0,22,17,224,109,30,80,155,20,0,208,96,3
5279,775,3,1,1,2,1,3,1,3,0,22,17,292,98,60,80,112,20,0,260,156,2
5280,775,3,1,1,2,1,3,1,3,0,22,17,247,98,120,71,140,10,0,260,96,2
5281,775,3,1,1,2,1,3,1,3,0,22,17,224,131,120,92,178,10,0,208,120,3
5282,775,3,1,1,2,1,3,1,3,0,22,17,224,98,30,92,122,30,0,260,120,3
5283,775,3,1,1,2,1,3,1,3,0,22,17,292,109,60,71,133,10,0,208,120,2
5284,776,3,1,1,2,1,3,1,4,0,20,2,183,94,120,104,97,30,0,130,80,2
5285,776,3,1,1,2,1,3,1,4,0,20,2,144,70,120,107,81,30,0,169,64,2
5286,776,3,1,1,2,1,3,1,4,0,20,2,183,70,120,111,84,20,0,104,64,3
5287,776,3,1,1,2,1,3,1,4,0,20,2,157,70,60,111,84,10,0,169,104,2
5288,776,3,1,1,2,1,3,1,4,0,20,2,157,78,120,111,84,30,0,104,104,2
5289,776,3,1,1,2,1,3,1,4,0,20,2,144,78,60,111,84,20,0,169,80,2
5290,776,3,1,1,2,1,3,1,4,0,20,2,144,94,60,107,99,10,0,130,64,3
5291,776,3,1,1,2,1,3,1,4,0,20,2,144,78,120,104,88,20,0,130,104,2
5292,776,3,1,1,2,1,3,1,4,0,20,2,157,94,30,111,112,20,0,130,104,2
5293,777,3,1,1,2,1,4,1,2,0,2,1,154,89,120,70,90,30,0,110,65,3
5294,777,3,1,1,2,1,4,1,2,0,2,1,115,67,120,73,76,30,0,143,52,2
5295,777,3,1,1,2,1,4,1,2,0,2,1,154,67,120,77,78,20,0,88,52,3
5296,777,3,1,1,2,1,4,1,2,0,2,1,128,67,60,77,78,10,0,143,84,2
5297,777,3,1,1,2,1,4,1,2,0,2,1,128,74,120,77,81,30,0,88,84,3
5298,777,3,1,1,2,1,4,1,2,0,2,1,115,74,60,77,81,20,0,143,65,2
5299,777,3,1,1,2,1,4,1,2,0,2,1,115,89,60,73,94,10,0,110,52,3
5300,777,3,1,1,2,1,4,1,2,0,2,1,115,74,120,70,84,20,0,110,84,2
5301,777,3,1,1,2,1,4,1,2,0,2,1,128,89,30,77,109,20,0,110,84,2
5302,778,3,1,1,2,1,4,1,2,0,2,17,238,110,120,81,118,30,0,170,115,2
5303,778,3,1,1,2,1,4,1,2,0,2,17,181,83,120,87,94,30,0,221,92,2
5304,778,3,1,1,2,1,4,1,2,0,2,17,238,83,120,95,99,20,0,136,92,2
5305,778,3,1,1,2,1,4,1,2,0,2,17,200,83,60,95,99,10,0,221,149,2
5306,778,3,1,1,2,1,4,1,2,0,2,17,200,92,120,95,105,30,0,136,149,2
5307,778,3,1,1,2,1,4,1,2,0,2,17,181,92,60,95,105,20,0,221,115,2
5308,778,3,1,1,2,1,4,1,2,0,2,17,181,110,60,87,122,10,0,170,92,2
5309,778,3,1,1,2,1,4,1,2,0,2,17,181,92,120,81,109,20,0,170,149,2
5310,778,3,1,1,2,1,4,1,2,0,2,17,200,110,30,95,146,20,0,170,149,2
5311,779,3,1,1,2,1,4,1,2,0,2,17,218,84,30,78,97,10,0,180,80,3
5312,779,3,1,1,2,1,4,1,2,0,2,17,218,84,120,70,118,10,0,234,130,3
5313,779,3,1,1,2,1,4,1,2,0,2,17,218,76,30,64,109,20,0,234,100,3
5314,779,3,1,1,2,1,4,1,2,0,2,17,166,76,60,64,109,30,0,144,130,3
5315,779,3,1,1,2,1,4,1,2,0,2,17,183,84,30,64,105,30,0,234,80,3
5316,779,3,1,1,2,1,4,1,2,0,2,17,183,76,30,70,90,10,0,144,100,3
5317,779,3,1,1,2,1,4,1,2,0,2,17,183,101,60,64,109,20,0,144,80,3
5318,779,3,1,1,2,1,4,1,2,0,2,17,218,101,30,70,118,30,0,144,130,3
5319,779,3,1,1,2,1,4,1,2,0,2,17,183,84,60,70,118,30,0,180,100,3
5320,780,3,1,1,2,1,4,1,2,0,2,18,241,119,120,143,122,30,0,170,105,2
5321,780,3,1,1,2,1,4,1,2,0,2,18,181,89,120,146,99,30,0,221,84,2
5322,780,3,1,1,2,1,4,1,2,0,2,18,241,89,120,150,105,20,0,136,84,3
5323,780,3,1,1,2,1,4,1,2,0,2,18,201,89,60,150,105,10,0,221,136,2
5324,780,3,1,1,2,1,4,1,2,0,2,18,201,99,120,150,109,30,0,136,136,2
5325,780,3,1,1,2,1,4,1,2,0,2,18,181,99,60,150,109,20,0,221,105,2
5326,780,3,1,1,2,1,4,1,2,0,2,18,181,119,60,146,127,10,0,170,84,3
5327,780,3,1,1,2,1,4,1,2,0,2,18,181,99,120,143,109,20,0,170,136,2
5328,780,3,1,1,2,1,4,1,2,0,2,18,201,119,30,150,137,20,0,170,136,1
5329,781,3,1,1,2,1,4,1,2,0,2,22,114,67,120,59,76,20,0,104,55,2
5330,781,3,1,1,2,1,4,1,2,0,2,22,104,67,30,56,74,10,0,104,71,2
5331,781,3,1,1,2,1,4,1,2,0,2,22,134,67,60,63,84,30,0,104,44,2
5332,781,3,1,1,2,1,4,1,2,0,2,22,104,56,30,59,74,20,0,64,44,2
5333,781,3,1,1,2,1,4,1,2,0,2,22,134,50,60,59,58,20,0,80,71,2
5334,781,3,1,1,2,1,4,1,2,0,2,22,114,50,120,56,71,10,0,80,44,2
5335,781,3,1,1,2,1,4,1,2,0,2,22,104,67,120,63,84,10,0,64,55,2
5336,781,3,1,1,2,1,4,1,2,0,2,22,104,50,30,63,60,30,0,80,55,2
5337,781,3,1,1,2,1,4,1,2,0,2,22,134,56,60,56,65,10,0,64,55,2
5338,782,3,1,1,2,1,4,1,3,0,1,25,214,126,120,85,146,20,0,260,125,3
5339,782,3,1,1,2,1,4,1,3,0,1,25,194,126,30,77,137,10,0,260,162,3
5340,782,3,1,1,2,1,4,1,3,0,1,25,255,126,60,95,168,30,0,260,100,3
5341,782,3,1,1,2,1,4,1,3,0,1,25,194,105,30,85,146,20,0,160,100,3
5342,782,3,1,1,2,1,4,1,3,0,1,25,255,94,60,85,109,20,0,200,162,3
5343,782,3,1,1,2,1,4,1,3,0,1,25,214,94,120,77,137,10,0,200,100,3
5344,782,3,1,1,2,1,4,1,3,0,1,25,194,126,120,95,168,10,0,160,125,3
5345,782,3,1,1,2,1,4,1,3,0,1,25,194,94,30,95,118,30,0,200,125,3
5346,782,3,1,1,2,1,4,1,3,0,1,25,255,105,60,77,127,10,0,160,125,3
5347,783,3,1,1,2,1,4,1,3,0,2,1,138,68,30,66,76,10,0,90,48,1
5348,783,3,1,1,2,1,4,1,3,0,2,1,138,68,120,62,90,10,0,117,78,2
5349,783,3,1,1,2,1,4,1,3,0,2,1,138,61,30,59,84,20,0,117,60,1
5350,783,3,1,1,2,1,4,1,3,0,2,1,106,61,60,59,84,30,0,72,78,1
5351,783,3,1,1,2,1,4,1,3,0,2,1,117,68,30,59,81,30,0,117,48,1
5352,783,3,1,1,2,1,4,1,3,0,2,1,117,61,30,62,71,10,0,72,60,1
5353,783,3,1,1,2,1,4,1,3,0,2,1,117,82,60,59,84,20,0,72,48,2
5354,783,3,1,1,2,1,4,1,3,0,2,1,138,82,30,62,90,30,0,72,78,1
5355,783,3,1,1,2,1,4,1,3,0,2,1,117,68,60,62,90,30,0,90,60,2
5356,784,3,1,1,2,1,4,1,3,0,2,1,146,85,120,91,92,20,0,143,65,2
5357,784,3,1,1,2,1,4,1,3,0,2,1,132,85,30,88,88,10,0,143,84,2
5358,784,3,1,1,2,1,4,1,3,0,2,1,173,85,60,95,105,30,0,143,52,2
5359,784,3,1,1,2,1,4,1,3,0,2,1,132,71,30,91,92,20,0,88,52,2
5360,784,3,1,1,2,1,4,1,3,0,2,1,173,64,60,91,74,20,0,110,84,2
5361,784,3,1,1,2,1,4,1,3,0,2,1,146,64,120,88,84,10,0,110,52,2
5362,784,3,1,1,2,1,4,1,3,0,2,1,132,85,120,95,105,10,0,88,65,2
5363,784,3,1,1,2,1,4,1,3,0,2,1,132,64,30,95,76,30,0,110,65,2
5364,784,3,1,1,2,1,4,1,3,0,2,1,173,71,60,88,81,10,0,88,65,2
5365,785,3,1,1,2,1,4,1,3,0,17,2,242,90,30,106,105,10,0,150,72,3
5366,785,3,1,1,2,1,4,1,3,0,17,2,242,90,120,98,122,10,0,195,117,2
5367,785,3,1,1,2,1,4,1,3,0,17,2,242,81,30,92,112,20,0,195,90,2
5368,785,3,1,1,2,1,4,1,3,0,17,2,184,81,60,92,112,30,0,120,117,2
5369,785,3,1,1,2,1,4,1,3,0,17,2,203,90,30,92,109,30,0,195,72,2
5370,785,3,1,1,2,1,4,1,3,0,17,2,203,81,30,98,94,10,0,120,90,2
5371,785,3,1,1,2,1,4,1,3,0,17,2,203,108,60,92,118,20,0,120,72,2
5372,785,3,1,1,2,1,4,1,3,0,17,2,242,108,30,98,122,30,0,120,117,2
5373,785,3,1,1,2,1,4,1,3,0,17,2,203,90,60,98,122,30,0,150,90,1
5374,786,3,1,1,2,1,4,1,3,0,17,25,314,160,120,126,183,20,0,377,205,2
5375,786,3,1,1,2,1,4,1,3,0,17,25,284,160,30,115,168,10,0,377,266,2
5376,786,3,1,1,2,1,4,1,3,0,17,25,375,160,60,140,221,30,0,377,164,2
5377,786,3,1,1,2,1,4,1,3,0,17,25,284,133,30,126,183,20,0,232,164,2
5378,786,3,1,1,2,1,4,1,3,0,17,25,375,120,60,126,137,20,0,290,266,2
5379,786,3,1,1,2,1,4,1,3,0,17,25,314,120,120,115,168,10,0,290,164,2
5380,786,3,1,1,2,1,4,1,3,0,17,25,284,160,120,140,221,10,0,232,205,2
5381,786,3,1,1,2,1,4,1,3,0,17,25,284,120,30,140,146,30,0,290,205,2
5382,786,3,1,1,2,1,4,1,3,0,17,25,375,133,60,115,155,10,0,232,205,2
5383,787,3,1,1,2,1,2,1,3,0,17,2,202,106,120,147,112,20,0,195,105,2
5384,787,3,1,1,2,1,2,1,3,0,17,2,187,106,30,144,109,10,0,195,136,2
5385,787,3,1,1,2,1,2,1,3,0,17,2,233,106,60,151,122,30,0,195,84,2
5386,787,3,1,1,2,1,2,1,3,0,17,2,187,88,30,147,109,20,0,120,84,2
5387,787,3,1,1,2,1,2,1,3,0,17,2,233,79,60,147,88,20,0,150,136,2
5388,787,3,1,1,2,1,2,1,3,0,17,2,202,79,120,144,99,10,0,150,84,2
5389,787,3,1,1,2,1,2,1,3,0,17,2,187,106,120,151,122,10,0,120,105,2
5390,787,3,1,1,2,1,2,1,3,0,17,2,187,79,30,151,90,30,0,150,105,2
5391,787,3,1,1,2,1,2,1,3,0,17,2,233,88,60,144,97,10,0,120,105,2
5392,788,3,1,1,2,1,2,1,3,0,17,2,181,101,120,68,118,20,0,195,90,3
5393,788,3,1,1,2,1,2,1,3,0,17,2,164,101,30,62,109,10,0,195,117,2
5394,788,3,1,1,2,1,2,1,3,0,17,2,215,101,60,76,137,30,0,195,72,3
5395,788,3,1,1,2,1,2,1,3,0,17,2,164,84,30,68,118,20,0,120,72,3
5396,788,3,1,1,2,1,2,1,3,0,17,2,215,76,60,68,90,20,0,150,117,2
5397,788,3,1,1,2,1,2,1,3,0,17,2,181,76,120,62,109,10,0,150,72,3
5398,788,3,1,1,2,1,2,1,3,0,17,2,164,101,120,76,137,10,0,120,90,2
5399,788,3,1,1,2,1,2,1,3,0,17,2,164,76,30,76,94,30,0,150,90,3
5400,788,3,1,1,2,1,2,1,3,0,17,2,215,84,60,62,105,10,0,120,90,2
5401,789,3,1,1,2,1,3,1,2,0,17,13,212,91,120,139,90,30,0,140,95,3
5402,789,3,1,1,2,1,3,1,2,0,17,13,175,68,120,142,76,30,0,182,76,2
5403,789,3,1,1,2,1,3,1,2,0,17,13,212,68,120,146,76,20,0,112,76,3
5404,789,3,1,1,2,1,3,1,2,0,17,13,187,68,60,146,76,10,0,182,123,2
5405,789,3,1,1,2,1,3,1,2,0,17,13,187,76,120,146,81,30,0,112,123,2
5406,789,3,1,1,2,1,3,1,2,0,17,13,175,76,60,146,81,20,0,182,95,2
5407,789,3,1,1,2,1,3,1,2,0,17,13,175,91,60,142,92,10,0,140,76,3
5408,789,3,1,1,2,1,3,1,2,0,17,13,175,76,120,139,81,20,0,140,123,2
5409,789,3,1,1,2,1,3,1,2,0,17,13,187,91,30,146,99,20,0,140,123,2
5410,790,3,1,1,2,1,3,1,3,0,2,17,221,113,120,108,127,20,0,208,100,2
5411,790,3,1,1,2,1,3,1,3,0,2,17,199,113,30,102,122,10,0,208,130,2
5412,790,3,1,1,2,1,3,1,3,0,2,17,265,113,60,116,146,30,0,208,80,3
5413,790,3,1,1,2,1,3,1,3,0,2,17,199,94,30,108,127,20,0,128,80,3
5414,790,3,1,1,2,1,3,1,3,0,2,17,265,85,60,108,97,20,0,160,130,3
5415,790,3,1,1,2,1,3,1,3,0,2,17,221,85,120,102,118,10,0,160,80,3
5416,790,3,1,1,2,1,3,1,3,0,2,17,199,113,120,116,146,10,0,128,100,3
5417,790,3,1,1,2,1,3,1,3,0,2,17,199,85,30,116,105,30,0,160,100,3
5418,790,3,1,1,2,1,3,1,3,0,2,17,265,94,60,102,112,10,0,128,100,3
5419,791,3,1,1,2,1,3,1,3,0,17,22,378,146,120,139,161,30,0,220,145,2
5420,791,3,1,1,2,1,3,1,3,0,17,22,283,110,120,148,127,30,0,286,116,2
5421,791,3,1,1,2,1,3,1,3,0,17,22,378,110,120,160,133,20,0,176,116,3
5422,791,3,1,1,2,1,3,1,3,0,17,22,315,110,60,160,133,10,0,286,188,2
5423,791,3,1,1,2,1,3,1,3,0,17,22,315,122,120,160,137,30,0,176,188,3
5424,791,3,1,1,2,1,3,1,3,0,17,22,283,122,60,160,137,20,0,286,145,2
5425,791,3,1,1,2,1,3,1,3,0,17,22,283,146,60,148,168,10,0,220,116,3
5426,791,3,1,1,2,1,3,1,3,0,17,22,283,122,120,139,146,20,0,220,188,2
5427,791,3,1,1,2,1,3,1,3,0,17,22,315,146,30,160,196,20,0,220,188,3
5428,792,3,1,1,2,1,3,1,3,0,22,1,189,113,120,81,133,20,0,221,130,2
5429,792,3,1,1,2,1,3,1,3,0,22,1,171,113,30,75,122,10,0,221,169,2
5430,792,3,1,1,2,1,3,1,3,0,22,1,225,113,60,89,150,30,0,221,104,2
5431,792,3,1,1,2,1,3,1,3,0,22,1,171,94,30,81,133,20,0,136,104,2
5432,792,3,1,1,2,1,3,1,3,0,22,1,225,85,60,81,99,20,0,170,169,2
5433,792,3,1,1,2,1,3,1,3,0,22,1,189,85,120,75,122,10,0,170,104,2
5434,792,3,1,1,2,1,3,1,3,0,22,1,171,113,120,89,150,10,0,136,130,2
5435,792,3,1,1,2,1,3,1,3,0,22,1,171,85,30,89,105,30,0,170,130,2
5436,792,3,1,1,2,1,3,1,3,0,22,1,225,94,60,75,112,10,0,136,130,2
5437,793,3,1,1,2,1,3,1,4,0,1,22,172,108,120,64,122,20,0,208,115,2
5438,793,3,1,1,2,1,3,1,4,0,1,22,156,108,30,58,112,10,0,208,149,2
5439,793,3,1,1,2,1,3,1,4,0,1,22,204,108,60,72,140,30,0,208,92,2
5440,793,3,1,1,2,1,3,1,4,0,1,22,156,90,30,64,122,20,0,128,92,2
5441,793,3,1,1,2,1,3,1,4,0,1,22,204,81,60,64,92,20,0,160,149,2
5442,793,3,1,1,2,1,3,1,4,0,1,22,172,81,120,58,112,10,0,160,92,2
5443,793,3,1,1,2,1,3,1,4,0,1,22,156,108,120,72,140,10,0,128,115,2
5444,793,3,1,1,2,1,3,1,4,0,1,22,156,81,30,72,99,30,0,160,115,2
5445,793,3,1,1,2,1,3,1,4,0,1,22,204,90,60,58,109,10,0,128,115,2
5446,794,3,1,1,2,1,3,1,4,0,2,17,200,85,120,112,84,30,0,150,90,2
5447,794,3,1,1,2,1,3,1,4,0,2,17,152,64,120,115,68,30,0,195,72,2
5448,794,3,1,1,2,1,3,1,4,0,2,17,200,64,120,119,71,20,0,120,72,3
5449,794,3,1,1,2,1,3,1,4,0,2,17,168,64,60,119,71,10,0,195,117,2
5450,794,3,1,1,2,1,3,1,4,0,2,17,168,71,120,119,74,30,0,120,117,2
5451,794,3,1,1,2,1,3,1,4,0,2,17,152,71,60,119,74,20,0,195,90,2
5452,794,3,1,1,2,1,3,1,4,0,2,17,152,85,60,115,84,10,0,150,72,3
5453,794,3,1,1,2,1,3,1,4,0,2,17,152,71,120,112,76,20,0,150,117,2
5454,794,3,1,1,2,1,3,1,4,0,2,17,168,85,30,119,92,20,0,150,117,2
5455,795,3,1,1,2,1,4,1,3,0,2,1,106,72,120,34,78,30,0,90,60,2
5456,795,3,1,1,2,1,4,1,3,0,2,1,85,54,120,37,65,30,0,117,48,2
5457,795,3,1,1,2,1,4,1,3,0,2,1,106,54,120,41,68,20,0,72,48,3
5458,795,3,1,1,2,1,4,1,3,0,2,1,92,54,60,41,68,10,0,117,78,2
5459,795,3,1,1,2,1,4,1,3,0,2,1,92,60,120,41,71,30,0,72,78,3
5460,795,3,1,1,2,1,4,1,3,0,2,1,85,60,60,41,71,20,0,117,60,2
5461,795,3,1,1,2,1,4,1,3,0,2,1,85,72,60,37,84,10,0,90,48,2
5462,795,3,1,1,2,1,4,1,3,0,2,1,85,60,120,34,74,20,0,90,78,2
5463,795,3,1,1,2,1,4,1,3,0,2,1,92,72,30,41,94,20,0,90,78,3
5464,796,3,1,1,2,1,4,1,3,0,17,10,260,94,30,128,105,10,0,210,132,2
5465,796,3,1,1,2,1,4,1,3,0,17,10,260,94,120,120,127,10,0,273,214,3
5466,796,3,1,1,2,1,4,1,3,0,17,10,260,85,30,114,118,20,0,273,165,3
5467,796,3,1,1,2,1,4,1,3,0,17,10,206,85,60,114,118,30,0,168,214,3
5468,796,3,1,1,2,1,4,1,3,0,17,10,224,94,30,114,109,30,0,273,132,3
5469,796,3,1,1,2,1,4,1,3,0,17,10,224,85,30,120,97,10,0,168,165,3
5470,796,3,1,1,2,1,4,1,3,0,17,10,224,113,60,114,118,20,0,168,132,3
5471,796,3,1,1,2,1,4,1,3,0,17,10,260,113,30,120,127,30,0,168,214,3
5472,796,3,1,1,2,1,4,1,3,0,17,10,224,94,60,120,127,30,0,210,165,3
5473,797,3,1,1,2,1,4,1,3,0,25,1,197,126,120,68,146,20,0,260,130,1
5474,797,3,1,1,2,1,4,1,3,0,25,1,178,126,30,60,137,10,0,260,169,1
5475,797,3,1,1,2,1,4,1,3,0,25,1,234,126,60,78,168,30,0,260,104,2
5476,797,3,1,1,2,1,4,1,3,0,25,1,178,105,30,68,146,20,0,160,104,3
5477,797,3,1,1,2,1,4,1,3,0,25,1,234,94,60,68,109,20,0,200,169,2
5478,797,3,1,1,2,1,4,1,3,0,25,1,197,94,120,60,137,10,0,200,104,2
5479,797,3,1,1,2,1,4,1,3,0,25,1,178,126,120,78,168,10,0,160,130,3
5480,797,3,1,1,2,1,4,1,3,0,25,1,178,94,30,78,118,30,0,200,130,1
5481,797,3,1,1,2,1,4,1,3,0,25,1,234,105,60,60,127,10,0,160,130,2
5482,798,3,1,1,2,1,3,0,2,0,17,25,336,146,120,84,165,30,0,270,150,2
5483,798,3,1,1,2,1,3,0,2,0,17,25,257,110,120,95,133,30,0,351,120,2
5484,798,3,1,1,2,1,3,0,2,0,17,25,336,110,120,109,137,20,0,216,120,2
5485,798,3,1,1,2,1,3,0,2,0,17,25,283,110,60,109,137,10,0,351,195,2
5486,798,3,1,1,2,1,3,0,2,0,17,25,283,122,120,109,140,30,0,216,195,2
5487,798,3,1,1,2,1,3,0,2,0,17,25,257,122,60,109,140,20,0,351,150,2
5488,798,3,1,1,2,1,3,0,2,0,17,25,257,146,60,95,174,10,0,270,120,2
5489,798,3,1,1,2,1,3,0,2,0,17,25,257,122,120,84,150,20,0,270,195,2
5490,798,3,1,1,2,1,3,0,2,0,17,25,283,146,30,109,207,20,0,270,195,2
5491,799,3,1,1,3,0,2,1,2,0,1,25,255,126,120,77,137,30,0,200,130,2
5492,799,3,1,1,3,0,2,1,2,0,1,25,194,94,120,85,109,30,0,260,104,2
5493,799,3,1,1,3,0,2,1,2,0,1,25,255,94,120,95,118,20,0,160,104,2
5494,799,3,1,1,3,0,2,1,2,0,1,25,214,94,60,95,118,10,0,260,169,2
5495,799,3,1,1,3,0,2,1,2,0,1,25,214,105,120,95,118,30,0,160,169,2
5496,799,3,1,1,3,0,2,1,2,0,1,25,194,105,60,95,118,20,0,260,130,2
5497,799,3,1,1,3,0,2,1,2,0,1,25,194,126,60,85,146,10,0,200,104,2
5498,799,3,1,1,3,0,2,1,2,0,1,25,194,105,120,77,127,20,0,200,169,2
5499,799,3,1,1,3,0,2,1,2,0,1,25,214,126,30,95,168,20,0,200,169,2
5500,800,3,1,1,3,0,2,1,3,0,1,22,313,116,120,153,127,30,0,200,150,3
5501,800,3,1,1,3,0,2,1,3,0,1,22,244,87,120,159,105,30,0,260,120,2
5502,800,3,1,1,3,0,2,1,3,0,1,22,313,87,120,167,109,20,0,160,120,3
5503,800,3,1,1,3,0,2,1,3,0,1,22,267,87,60,167,109,10,0,260,195,2
5504,800,3,1,1,3,0,2,1,3,0,1,22,267,97,120,167,109,30,0,160,195,3
5505,800,3,1,1,3,0,2,1,3,0,1,22,244,97,60,167,109,20,0,260,150,2
5506,800,3,1,1,3,0,2,1,3,0,1,22,244,116,60,159,133,10,0,200,120,2
5507,800,3,1,1,3,0,2,1,3,0,1,22,244,97,120,153,112,20,0,200,195,2
5508,800,3,1,1,3,0,2,1,3,0,1,22,267,116,30,167,150,20,0,200,195,2
5509,801,3,1,1,3,0,3,1,3,0,1,2,92,72,120,37,84,20,0,117,65,2
5510,801,3,1,1,3,0,3,1,3,0,1,2,85,72,30,34,78,10,0,117,84,2
5511,801,3,1,1,3,0,3,1,3,0,1,2,106,72,60,41,94,30,0,117,52,3
5512,801,3,1,1,3,0,3,1,3,0,1,2,85,60,30,37,84,20,0,72,52,3
5513,801,3,1,1,3,0,3,1,3,0,1,2,106,54,60,37,65,20,0,90,84,2
5514,801,3,1,1,3,0,3,1,3,0,1,2,92,54,120,34,78,10,0,90,52,3
5515,801,3,1,1,3,0,3,1,3,0,1,2,85,72,120,41,94,10,0,72,65,2
5516,801,3,1,1,3,0,3,1,3,0,1,2,85,54,30,41,68,30,0,90,65,2
5517,801,3,1,1,3,0,3,1,3,0,1,2,106,60,60,34,74,10,0,72,65,2
5518,802,3,1,1,3,0,3,1,3,0,1,25,253,105,30,98,118,10,0,220,128,2
5519,802,3,1,1,3,0,3,1,3,0,1,25,253,105,120,88,146,10,0,286,208,2
5520,802,3,1,1,3,0,3,1,3,0,1,25,253,94,30,80,137,20,0,286,160,2
5521,802,3,1,1,3,0,3,1,3,0,1,25,193,94,60,80,137,30,0,176,208,2
5522,802,3,1,1,3,0,3,1,3,0,1,25,213,105,30,80,127,30,0,286,128,2
5523,802,3,1,1,3,0,3,1,3,0,1,25,213,94,30,88,109,10,0,176,160,2
5524,802,3,1,1,3,0,3,1,3,0,1,25,213,126,60,80,137,20,0,176,128,2
5525,802,3,1,1,3,0,3,1,3,0,1,25,253,126,30,88,146,30,0,176,208,2
5526,802,3,1,1,3,0,3,1,3,0,1,25,213,105,60,88,146,30,0,220,160,2
5527,803,3,1,1,3,0,3,1,3,0,9,25,264,109,30,103,122,10,0,200,120,2
5528,803,3,1,1,3,0,3,1,3,0,9,25,264,109,120,93,150,10,0,260,195,2
5529,803,3,1,1,3,0,3,1,3,0,9,25,264,98,30,85,140,20,0,260,150,2
5530,803,3,1,1,3,0,3,1,3,0,9,25,201,98,60,85,140,30,0,160,195,2
5531,803,3,1,1,3,0,3,1,3,0,9,25,222,109,30,85,133,30,0,260,120,2
5532,803,3,1,1,3,0,3,1,3,0,9,25,222,98,30,93,112,10,0,160,150,2
5533,803,3,1,1,3,0,3,1,3,0,9,25,222,131,60,85,140,20,0,160,120,3
5534,803,3,1,1,3,0,3,1,3,0,9,25,264,131,30,93,150,30,0,160,195,2
5535,803,3,1,1,3,0,3,1,3,0,9,25,222,109,60,93,150,30,0,200,150,2
5536,804,3,1,1,3,0,3,1,3,0,22,17,308,109,30,163,122,10,0,250,124,2
5537,804,3,1,1,3,0,3,1,3,0,22,17,308,109,120,155,146,10,0,325,201,2
5538,804,3,1,1,3,0,3,1,3,0,22,17,308,98,30,149,133,20,0,325,155,2
5539,804,3,1,1,3,0,3,1,3,0,22,17,233,98,60,149,133,30,0,200,201,1
5540,804,3,1,1,3,0,3,1,3,0,22,17,258,109,30,149,127,30,0,325,124,2
5541,804,3,1,1,3,0,3,1,3,0,22,17,258,98,30,155,112,10,0,200,155,2
5542,804,3,1,1,3,0,3,1,3,0,22,17,258,131,60,149,140,20,0,200,124,3
5543,804,3,1,1,3,0,3,1,3,0,22,17,308,131,30,155,146,30,0,200,201,2
5544,804,3,1,1,3,0,3,1,3,0,22,17,258,109,60,155,146,30,0,250,155,1
5545,805,3,1,1,3,0,4,1,2,0,22,1,216,97,30,82,109,10,0,200,100,2
5546,805,3,1,1,3,0,4,1,2,0,22,1,216,97,120,74,133,10,0,260,162,2
5547,805,3,1,1,3,0,4,1,2,0,22,1,216,87,30,68,122,20,0,260,125,2
5548,805,3,1,1,3,0,4,1,2,0,22,1,165,87,60,68,122,30,0,160,162,2
5549,805,3,1,1,3,0,4,1,2,0,22,1,182,97,30,68,112,30,0,260,100,2
5550,805,3,1,1,3,0,4,1,2,0,22,1,182,87,30,74,99,10,0,160,125,2
5551,805,3,1,1,3,0,4,1,2,0,22,1,182,116,60,68,122,20,0,160,100,2
5552,805,3,1,1,3,0,4,1,2,0,22,1,216,116,30,74,133,30,0,160,162,2
5553,805,3,1,1,3,0,4,1,2,0,22,1,182,97,60,74,133,30,0,200,125,2
5554,806,3,1,1,3,0,2,0,3,0,22,1,193,106,120,50,112,30,0,170,105,2
5555,806,3,1,1,3,0,2,0,3,0,22,1,150,79,120,56,90,30,0,221,84,2
5556,806,3,1,1,3,0,2,0,3,0,22,1,193,79,120,64,97,20,0,136,84,3
5557,806,3,1,1,3,0,2,0,3,0,22,1,164,79,60,64,97,10,0,221,136,2
5558,806,3,1,1,3,0,2,0,3,0,22,1,164,88,120,64,97,30,0,136,136,3
5559,806,3,1,1,3,0,2,0,3,0,22,1,150,88,60,64,97,20,0,221,105,2
5560,806,3,1,1,3,0,2,0,3,0,22,1,150,106,60,56,118,10,0,170,84,2
5561,806,3,1,1,3,0,2,0,3,0,22,1,150,88,120,50,105,20,0,170,136,2
5562,806,3,1,1,3,0,2,0,3,0,22,1,164,106,30,64,140,20,0,170,136,2
5563,807,3,1,1,3,0,3,0,1,0,22,1,164,106,120,56,118,20,0,221,105,2
5564,807,3,1,1,3,0,3,0,1,0,22,1,150,106,30,50,112,10,0,221,136,2
5565,807,3,1,1,3,0,3,0,1,0,22,1,193,106,60,64,140,30,0,221,84,2
5566,807,3,1,1,3,0,3,0,1,0,22,1,150,88,30,56,122,20,0,136,84,3
5567,807,3,1,1,3,0,3,0,1,0,22,1,193,79,60,56,90,20,0,170,136,2
5568,807,3,1,1,3,0,3,0,1,0,22,1,164,79,120,50,112,10,0,170,84,3
5569,807,3,1,1,3,0,3,0,1,0,22,1,150,106,120,64,140,10,0,136,105,1
5570,807,3,1,1,3,0,3,0,1,0,22,1,150,79,30,64,97,30,0,170,105,1
5571,807,3,1,1,3,0,3,0,1,0,22,1,193,88,60,50,105,10,0,136,105,1
5572,808,3,1,1,3,0,3,1,2,0,2,1,128,71,30,57,78,10,0,100,48,3
5573,808,3,1,1,3,0,3,1,2,0,2,1,128,71,120,53,92,10,0,130,78,2
5574,808,3,1,1,3,0,3,1,2,0,2,1,128,64,30,50,84,20,0,130,60,2
5575,808,3,1,1,3,0,3,1,2,0,2,1,98,64,60,50,84,30,0,80,78,3
5576,808,3,1,1,3,0,3,1,2,0,2,1,108,71,30,50,84,30,0,130,48,2
5577,808,3,1,1,3,0,3,1,2,0,2,1,108,64,30,53,74,10,0,80,60,3
5578,808,3,1,1,3,0,3,1,2,0,2,1,108,85,60,50,88,20,0,80,48,3
5579,808,3,1,1,3,0,3,1,2,0,2,1,128,85,30,53,92,30,0,80,78,3
5580,808,3,1,1,3,0,3,1,2,0,2,1,108,71,60,53,92,30,0,100,60,3
5581,809,3,1,1,3,0,3,1,3,0,2,1,106,72,120,34,78,30,0,90,50,2
5582,809,3,1,1,3,0,3,1,3,0,2,1,85,54,120,37,65,30,0,117,40,2
5583,809,3,1,1,3,0,3,1,3,0,2,1,106,54,120,41,68,20,0,72,40,3
5584,809,3,1,1,3,0,3,1,3,0,2,1,92,54,60,41,68,10,0,117,65,2
5585,809,3,1,1,3,0,3,1,3,0,2,1,92,60,120,41,71,30,0,72,65,2
5586,809,3,1,1,3,0,3,1,3,0,2,1,85,60,60,41,71,20,0,117,50,2
5587,809,3,1,1,3,0,3,1,3,0,2,1,85,72,60,37,84,10,0,90,40,3
5588,809,3,1,1,3,0,3,1,3,0,2,1,85,60,120,34,74,20,0,90,65,2
5589,809,3,1,1,3,0,3,1,3,0,2,1,92,72,30,41,94,20,0,90,65,3
5590,810,3,1,1,3,0,4,1,3,0,2,22,136,72,120,81,78,20,0,130,70,2
5591,810,3,1,1,3,0,4,1,3,0,2,22,125,72,30,78,76,10,0,130,91,2
5592,810,3,1,1,3,0,4,1,3,0,2,22,159,72,60,85,88,30,0,130,56,2
5593,810,3,1,1,3,0,4,1,3,0,2,22,125,60,30,81,78,20,0,80,56,3
5594,810,3,1,1,3,0,4,1,3,0,2,22,159,54,60,81,60,20,0,100,91,2
5595,810,3,1,1,3,0,4,1,3,0,2,22,136,54,120,78,74,10,0,100,56,2
5596,810,3,1,1,3,0,4,1,3,0,2,22,125,72,120,85,88,10,0,80,70,3
5597,810,3,1,1,3,0,4,1,3,0,2,22,125,54,30,85,65,30,0,100,70,2
5598,810,3,1,1,3,0,4,1,3,0,2,22,159,60,60,78,71,10,0,80,70,2
5599,811,3,1,1,3,0,5,1,3,0,2,17,203,74,30,83,105,10,0,130,72,3
5600,811,3,1,1,3,0,5,1,3,0,2,17,203,74,120,75,122,10,0,169,117,3
5601,811,3,1,1,3,0,5,1,3,0,2,17,203,67,30,69,112,20,0,169,90,3
5602,811,3,1,1,3,0,5,1,3,0,2,17,155,67,60,69,112,30,0,104,117,3
5603,811,3,1,1,3,0,5,1,3,0,2,17,171,74,30,69,109,30,0,169,72,3
5604,811,3,1,1,3,0,5,1,3,0,2,17,171,67,30,75,92,10,0,104,90,3
5605,811,3,1,1,3,0,5,1,3,0,2,17,171,89,60,69,118,20,0,104,72,3
5606,811,3,1,1,3,0,5,1,3,0,2,17,203,89,30,75,122,30,0,104,117,3
5607,811,3,1,1,3,0,5,1,3,0,2,17,171,74,60,75,122,30,0,130,90,3
5608,812,3,1,1,3,1,2,1,2,0,1,22,164,106,120,56,118,20,0,221,105,2
5609,812,3,1,1,3,1,2,1,2,0,1,22,150,106,30,50,112,10,0,221,136,2
5610,812,3,1,1,3,1,2,1,2,0,1,22,193,106,60,64,140,30,0,221,84,3
5611,812,3,1,1,3,1,2,1,2,0,1,22,150,88,30,56,122,20,0,136,84,3
5612,812,3,1,1,3,1,2,1,2,0,1,22,193,79,60,56,90,20,0,170,136,2
5613,812,3,1,1,3,1,2,1,2,0,1,22,164,79,120,50,112,10,0,170,84,3
5614,812,3,1,1,3,1,2,1,2,0,1,22,150,106,120,64,140,10,0,136,105,3
5615,812,3,1,1,3,1,2,1,2,0,1,22,150,79,30,64,97,30,0,170,105,2
5616,812,3,1,1,3,1,2,1,2,0,1,22,193,88,60,50,105,10,0,136,105,2
5617,813,3,1,1,3,1,2,1,2,0,2,1,153,74,30,79,81,10,0,110,44,3
5618,813,3,1,1,3,1,2,1,2,0,2,1,153,74,120,75,94,10,0,143,71,2
5619,813,3,1,1,3,1,2,1,2,0,2,1,153,67,30,72,88,20,0,143,55,2
5620,813,3,1,1,3,1,2,1,2,0,2,1,119,67,60,72,88,30,0,88,71,3
5621,813,3,1,1,3,1,2,1,2,0,2,1,130,74,30,72,84,30,0,143,44,2
5622,813,3,1,1,3,1,2,1,2,0,2,1,130,67,30,75,76,10,0,88,55,3
5623,813,3,1,1,3,1,2,1,2,0,2,1,130,89,60,72,92,20,0,88,44,3
5624,813,3,1,1,3,1,2,1,2,0,2,1,153,89,30,75,94,30,0,88,71,3
5625,813,3,1,1,3,1,2,1,2,0,2,1,130,74,60,75,94,30,0,110,55,3
5626,814,3,1,1,3,1,2,1,2,0,17,10,228,90,30,127,105,10,0,150,76,3
5627,814,3,1,1,3,1,2,1,2,0,17,10,228,90,120,119,127,10,0,195,123,2
5628,814,3,1,1,3,1,2,1,2,0,17,10,228,81,30,113,118,20,0,195,95,2
5629,814,3,1,1,3,1,2,1,2,0,17,10,176,81,60,113,118,30,0,120,123,3
5630,814,3,1,1,3,1,2,1,2,0,17,10,193,90,30,113,109,30,0,195,76,2
5631,814,3,1,1,3,1,2,1,2,0,17,10,193,81,30,119,97,10,0,120,95,3
5632,814,3,1,1,3,1,2,1,2,0,17,10,193,108,60,113,118,20,0,120,76,3
5633,814,3,1,1,3,1,2,1,2,0,17,10,228,108,30,119,127,30,0,120,123,3
5634,814,3,1,1,3,1,2,1,2,0,17,10,193,90,60,119,127,30,0,150,95,3
5635,815,3,1,1,3,1,3,0,1,0,2,1,149,91,120,94,97,20,0,143,50,2
5636,815,3,1,1,3,1,3,0,1,0,2,1,134,91,30,91,94,10,0,143,65,2
5637,815,3,1,1,3,1,3,0,1,0,2,1,179,91,60,98,109,30,0,143,40,3
5638,815,3,1,1,3,1,3,0,1,0,2,1,134,76,30,94,97,20,0,88,40,3
5639,815,3,1,1,3,1,3,0,1,0,2,1,179,68,60,94,78,20,0,110,65,3
5640,815,3,1,1,3,1,3,0,1,0,2,1,149,68,120,91,90,10,0,110,40,3
5641,815,3,1,1,3,1,3,0,1,0,2,1,134,91,120,98,109,10,0,88,50,3
5642,815,3,1,1,3,1,3,0,1,0,2,1,134,68,30,98,81,30,0,110,50,3
5643,815,3,1,1,3,1,3,0,1,0,2,1,179,76,60,91,84,10,0,88,50,3
5644,816,3,1,1,3,1,3,1,2,0,2,1,166,85,120,86,88,30,0,100,65,3
5645,816,3,1,1,3,1,3,1,2,0,2,1,124,64,120,89,74,30,0,130,52,2
5646,816,3,1,1,3,1,3,1,2,0,2,1,166,64,120,93,76,20,0,80,52,3
5647,816,3,1,1,3,1,3,1,2,0,2,1,138,64,60,93,76,10,0,130,84,2
5648,816,3,1,1,3,1,3,1,2,0,2,1,138,71,120,93,78,30,0,80,84,2
5649,816,3,1,1,3,1,3,1,2,0,2,1,124,71,60,93,78,20,0,130,65,2
5650,816,3,1,1,3,1,3,1,2,0,2,1,124,85,60,89,92,10,0,100,52,3
5651,816,3,1,1,3,1,3,1,2,0,2,1,124,71,120,86,81,20,0,100,84,2
5652,816,3,1,1,3,1,3,1,2,0,2,1,138,85,30,93,105,20,0,100,84,3
5653,817,3,1,1,3,1,3,1,2,0,22,1,270,119,120,113,127,30,0,190,140,2
5654,817,3,1,1,3,1,3,1,2,0,22,1,205,89,120,119,105,30,0,247,112,2
5655,817,3,1,1,3,1,3,1,2,0,22,1,270,89,120,127,109,20,0,152,112,3
5656,817,3,1,1,3,1,3,1,2,0,22,1,227,89,60,127,109,10,0,247,182,2
5657,817,3,1,1,3,1,3,1,2,0,22,1,227,99,120,127,112,30,0,152,182,2
5658,817,3,1,1,3,1,3,1,2,0,22,1,205,99,60,127,112,20,0,247,140,2
5659,817,3,1,1,3,1,3,1,2,0,22,1,205,119,60,119,137,10,0,190,112,2
5660,817,3,1,1,3,1,3,1,2,0,22,1,205,99,120,113,118,20,0,190,182,2
5661,817,3,1,1,3,1,3,1,2,0,22,1,227,119,30,127,155,20,0,190,182,2
5662,818,3,1,1,3,1,3,1,2,0,22,1,224,113,120,74,122,30,0,170,115,2
5663,818,3,1,1,3,1,3,1,2,0,22,1,170,85,120,80,97,30,0,221,92,2
5664,818,3,1,1,3,1,3,1,2,0,22,1,224,85,120,88,105,20,0,136,92,3
5665,818,3,1,1,3,1,3,1,2,0,22,1,188,85,60,88,105,10,0,221,149,2
5666,818,3,1,1,3,1,3,1,2,0,22,1,188,94,120,88,105,30,0,136,149,2
5667,818,3,1,1,3,1,3,1,2,0,22,1,170,94,60,88,105,20,0,221,115,2
5668,818,3,1,1,3,1,3,1,2,0,22,1,170,113,60,80,127,10,0,170,92,2
5669,818,3,1,1,3,1,3,1,2,0,22,1,170,94,120,74,112,20,0,170,149,2
5670,818,3,1,1,3,1,3,1,2,0,22,1,188,113,30,88,146,20,0,170,149,2
5671,819,3,1,1,3,1,3,1,3,0,1,2,106,72,120,34,78,30,0,90,70,2
5672,819,3,1,1,3,1,3,1,3,0,1,2,85,54,120,37,65,30,0,117,56,2
5673,819,3,1,1,3,1,3,1,3,0,1,2,106,54,120,41,68,20,0,72,56,2
5674,819,3,1,1,3,1,3,1,3,0,1,2,92,54,60,41,68,10,0,117,91,2
5675,819,3,1,1,3,1,3,1,3,0,1,2,92,60,120,41,71,30,0,72,91,2
5676,819,3,1,1,3,1,3,1,3,0,1,2,85,60,60,41,71,20,0,117,70,2
5677,819,3,1,1,3,1,3,1,3,0,1,2,85,72,60,37,84,10,0,90,56,2
5678,819,3,1,1,3,1,3,1,3,0,1,2,85,60,120,34,74,20,0,90,91,2
5679,819,3,1,1,3,1,3,1,3,0,1,2,92,72,30,41,94,20,0,90,91,2
5680,820,3,1,1,3,1,3,1,3,0,2,1,114,65,30,46,71,10,0,90,60,3
5681,820,3,1,1,3,1,3,1,3,0,2,1,114,65,120,42,84,10,0,117,97,2
5682,820,3,1,1,3,1,3,1,3,0,2,1,114,58,30,39,81,20,0,117,75,2
5683,820,3,1,1,3,1,3,1,3,0,2,1,88,58,60,39,81,30,0,72,97,3
5684,820,3,1,1,3,1,3,1,3,0,2,1,97,65,30,39,76,30,0,117,60,2
5685,820,3,1,1,3,1,3,1,3,0,2,1,97,58,30,42,68,10,0,72,75,2
5686,820,3,1,1,3,1,3,1,3,0,2,1,97,78,60,39,81,20,0,72,60,3
5687,820,3,1,1,3,1,3,1,3,0,2,1,114,78,30,42,84,30,0,72,97,2
5688,820,3,1,1,3,1,3,1,3,0,2,1,97,65,60,42,84,30,0,90,75,2
5689,821,3,1,1,3,1,3,1,3,0,2,1,100,78,120,45,88,20,0,156,60,2
5690,821,3,1,1,3,1,3,1,3,0,2,1,90,78,30,42,84,10,0,156,78,2
5691,821,3,1,1,3,1,3,1,3,0,2,1,120,78,60,49,99,30,0,156,48,3
5692,821,3,1,1,3,1,3,1,3,0,2,1,90,65,30,45,88,20,0,96,48,2
5693,821,3,1,1,3,1,3,1,3,0,2,1,120,58,60,45,68,20,0,120,78,2
5694,821,3,1,1,3,1,3,1,3,0,2,1,100,58,120,42,81,10,0,120,48,2
5695,821,3,1,1,3,1,3,1,3,0,2,1,90,78,120,49,99,10,0,96,60,2
5696,821,3,1,1,3,1,3,1,3,0,2,1,90,58,30,49,71,30,0,120,60,3
5697,821,3,1,1,3,1,3,1,3,0,2,1,120,65,60,42,76,10,0,96,60,2
5698,822,3,1,1,3,1,3,1,3,0,2,1,118,56,30,70,78,10,0,100,48,3
5699,822,3,1,1,3,1,3,1,3,0,2,1,118,56,120,66,92,10,0,130,78,3
5700,822,3,1,1,3,1,3,1,3,0,2,1,118,50,30,63,84,20,0,130,60,3
5701,822,3,1,1,3,1,3,1,3,0,2,1,91,50,60,63,84,30,0,80,78,3
5702,822,3,1,1,3,1,3,1,3,0,2,1,100,56,30,63,84,30,0,130,48,3
5703,822,3,1,1,3,1,3,1,3,0,2,1,100,50,30,66,74,10,0,80,60,3
5704,822,3,1,1,3,1,3,1,3,0,2,1,100,67,60,63,88,20,0,80,48,3
5705,822,3,1,1,3,1,3,1,3,0,2,1,118,67,30,66,92,30,0,80,78,3
5706,822,3,1,1,3,1,3,1,3,0,2,1,100,56,60,66,92,30,0,100,60,3
5707,823,3,1,1,3,1,3,1,3,0,17,22,292,109,30,92,122,10,0,260,132,2
5708,823,3,1,1,3,1,3,1,3,0,17,22,292,109,120,80,155,10,0,338,214,2
5709,823,3,1,1,3,1,3,1,3,0,17,22,292,98,30,71,140,20,0,338,165,2
5710,823,3,1,1,3,1,3,1,3,0,17,22,224,98,60,71,140,30,0,208,214,3
5711,823,3,1,1,3,1,3,1,3,0,17,22,247,109,30,71,133,30,0,338,132,2
5712,823,3,1,1,3,1,3,1,3,0,17,22,247,98,30,80,112,10,0,208,165,2
5713,823,3,1,1,3,1,3,1,3,0,17,22,247,131,60,71,140,20,0,208,132,3
5714,823,3,1,1,3,1,3,1,3,0,17,22,292,131,30,80,150,30,0,208,214,2
5715,823,3,1,1,3,1,3,1,3,0,17,22,247,109,60,80,155,30,0,260,165,2
5716,824,3,1,1,3,1,3,1,3,0,17,22,247,131,120,80,150,20,0,260,140,3
5717,824,3,1,1,3,1,3,1,3,0,17,22,224,131,30,71,140,10,0,260,182,2
5718,824,3,1,1,3,1,3,1,3,0,17,22,292,131,60,92,178,30,0,260,112,3
5719,824,3,1,1,3,1,3,1,3,0,17,22,224,109,30,80,155,20,0,160,112,3
5720,824,3,1,1,3,1,3,1,3,0,17,22,292,98,60,80,112,20,0,200,182,2
5721,824,3,1,1,3,1,3,1,3,0,17,22,247,98,120,71,140,10,0,200,112,2
5722,824,3,1,1,3,1,3,1,3,0,17,22,224,131,120,92,178,10,0,160,140,3
5723,824,3,1,1,3,1,3,1,3,0,17,22,224,98,30,92,122,30,0,200,140,1
5724,824,3,1,1,3,1,3,1,3,0,17,22,292,109,60,71,133,10,0,160,140,2
5725,825,3,1,1,3,1,3,1,3,0,22,1,210,106,120,63,112,30,0,170,110,2
5726,825,3,1,1,3,1,3,1,3,0,22,1,160,79,120,69,92,30,0,221,88,2
5727,825,3,1,1,3,1,3,1,3,0,22,1,210,79,120,77,97,20,0,136,88,3
5728,825,3,1,1,3,1,3,1,3,0,22,1,177,79,60,77,97,10,0,221,143,2
5729,825,3,1,1,3,1,3,1,3,0,22,1,177,88,120,77,99,30,0,136,143,3
5730,825,3,1,1,3,1,3,1,3,0,22,1,160,88,60,77,99,20,0,221,110,2
5731,825,3,1,1,3,1,3,1,3,0,22,1,160,106,60,69,122,10,0,170,88,2
5732,825,3,1,1,3,1,3,1,3,0,22,1,160,88,120,63,105,20,0,170,143,2
5733,825,3,1,1,3,1,3,1,3,0,22,1,177,106,30,77,140,20,0,170,143,2
5734,826,3,1,1,3,1,3,1,3,0,25,12,193,108,120,117,118,20,0,247,125,2
5735,826,3,1,1,3,1,3,1,3,0,25,12,175,108,30,112,112,10,0,247,162,2
5736,826,3,1,1,3,1,3,1,3,0,25,12,230,108,60,123,133,30,0,247,100,2
5737,826,3,1,1,3,1,3,1,3,0,25,12,175,90,30,117,112,20,0,152,100,3
5738,826,3,1,1,3,1,3,1,3,0,25,12,230,81,60,117,92,20,0,190,162,2
5739,826,3,1,1,3,1,3,1,3,0,25,12,193,81,120,112,105,10,0,190,100,2
5740,826,3,1,1,3,1,3,1,3,0,25,12,175,108,120,123,133,10,0,152,125,3
5741,826,3,1,1,3,1,3,1,3,0,25,12,175,81,30,123,94,30,0,190,125,2
5742,826,3,1,1,3,1,3,1,3,0,25,12,230,90,60,112,105,10,0,152,125,3
5743,827,3,1,1,3,1,4,1,3,0,2,1,141,65,30,68,74,10,0,120,56,3
5744,827,3,1,1,3,1,4,1,3,0,2,1,141,65,120,64,88,10,0,156,91,2
5745,827,3,1,1,3,1,4,1,3,0,2,1,141,58,30,61,81,20,0,156,70,2
5746,827,3,1,1,3,1,4,1,3,0,2,1,108,58,60,61,81,30,0,96,91,3
5747,827,3,1,1,3,1,4,1,3,0,2,1,119,65,30,61,76,30,0,156,56,2
5748,827,3,1,1,3,1,4,1,3,0,2,1,119,58,30,64,68,10,0,96,70,3
5749,827,3,1,1,3,1,4,1,3,0,2,1,119,78,60,61,84,20,0,96,56,3
5750,827,3,1,1,3,1,4,1,3,0,2,1,141,78,30,64,88,30,0,96,91,2
5751,827,3,1,1,3,1,4,1,3,0,2,1,119,65,60,64,88,30,0,120,70,3
5752,828,3,1,1,3,1,4,1,3,0,22,19,200,76,30,116,81,10,0,150,84,2
5753,828,3,1,1,3,1,4,1,3,0,22,19,200,76,120,112,90,10,0,195,136,2
5754,828,3,1,1,3,1,4,1,3,0,22,19,200,68,30,109,84,20,0,195,105,2
5755,828,3,1,1,3,1,4,1,3,0,22,19,150,68,60,109,84,30,0,120,136,3
5756,828,3,1,1,3,1,4,1,3,0,22,19,167,76,30,109,84,30,0,195,84,2
5757,828,3,1,1,3,1,4,1,3,0,22,19,167,68,30,112,76,10,0,120,105,3
5758,828,3,1,1,3,1,4,1,3,0,22,19,167,91,60,109,92,20,0,120,84,3
5759,828,3,1,1,3,1,4,1,3,0,22,19,200,91,30,112,94,30,0,120,136,3
5760,828,3,1,1,3,1,4,1,3,0,22,19,167,76,60,112,90,30,0,150,105,2
5761,829,3,1,1,3,1,3,1,3,0,17,22,335,134,120,106,150,30,0,280,220,2
5762,829,3,1,1,3,1,3,1,3,0,17,22,254,101,120,115,118,30,0,364,176,2
5763,829,3,1,1,3,1,3,1,3,0,17,22,335,101,120,127,127,20,0,224,176,3
5764,829,3,1,1,3,1,3,1,3,0,17,22,281,101,60,127,127,10,0,364,286,2
5765,829,3,1,1,3,1,3,1,3,0,17,22,281,112,120,127,133,30,0,224,286,3
5766,829,3,1,1,3,1,3,1,3,0,17,22,254,112,60,127,133,20,0,364,220,2
5767,829,3,1,1,3,1,3,1,3,0,17,22,254,134,60,115,161,10,0,280,176,2
5768,829,3,1,1,3,1,3,1,3,0,17,22,254,112,120,106,137,20,0,280,286,2
5769,829,3,1,1,3,1,3,1,3,0,17,22,281,134,30,127,187,20,0,280,286,2
5770,830,3,1,1,3,1,3,1,3,0,25,17,324,146,120,103,168,30,0,270,160,2
5771,830,3,1,1,3,1,3,1,3,0,25,17,246,110,120,114,137,30,0,351,128,2
5772,830,3,1,1,3,1,3,1,3,0,25,17,324,110,120,128,140,20,0,216,128,2
5773,830,3,1,1,3,1,3,1,3,0,25,17,272,110,60,128,140,10,0,351,208,2
5774,830,3,1,1,3,1,3,1,3,0,25,17,272,122,120,128,146,30,0,216,208,2
5775,830,3,1,1,3,1,3,1,3,0,25,17,246,122,60,128,146,20,0,351,160,2
5776,830,3,1,1,3,1,3,1,3,0,25,17,246,146,60,114,178,10,0,270,128,2
5777,830,3,1,1,3,1,3,1,3,0,25,17,246,122,120,103,155,20,0,270,208,2
5778,830,3,1,1,3,1,3,1,3,0,25,17,272,146,30,128,211,20,0,270,208,2
5779,831,3,1,3,0,0,2,1,0,0,22,1,209,233,120,101,266,20,0,234,120,2
5780,831,3,1,3,0,0,2,1,0,0,22,1,189,233,30,95,245,10,0,234,156,2
5781,831,3,1,3,0,0,2,1,0,0,22,1,249,233,60,109,301,30,0,234,96,2
5782,831,3,1,3,0,0,2,1,0,0,22,1,189,194,30,101,266,20,0,144,96,3
5783,831,3,1,3,0,0,2,1,0,0,22,1,249,175,60,101,198,20,0,180,156,2
5784,831,3,1,3,0,0,2,1,0,0,22,1,209,175,120,95,245,10,0,180,96,2
5785,831,3,1,3,0,0,2,1,0,0,22,1,189,233,120,109,301,10,0,144,120,3
5786,831,3,1,3,0,0,2,1,0,0,22,1,189,175,30,109,210,30,0,180,120,2
5787,831,3,1,3,0,0,2,1,0,0,22,1,249,194,60,95,225,10,0,144,120,3
5788,832,3,1,3,0,0,3,1,0,0,1,25,273,262,120,94,281,30,0,230,145,2
5789,832,3,1,3,0,0,3,1,0,0,1,25,207,196,120,102,225,30,0,299,116,2
5790,832,3,1,3,0,0,3,1,0,0,1,25,273,196,120,112,245,20,0,184,116,3
5791,832,3,1,3,0,0,3,1,0,0,1,25,229,196,60,112,245,10,0,299,188,2
5792,832,3,1,3,0,0,3,1,0,0,1,25,229,218,120,112,245,30,0,184,188,2
5793,832,3,1,3,0,0,3,1,0,0,1,25,207,218,60,112,245,20,0,299,145,2
5794,832,3,1,3,0,0,3,1,0,0,1,25,207,262,60,102,301,10,0,230,116,2
5795,832,3,1,3,0,0,3,1,0,0,1,25,207,218,120,94,266,20,0,230,188,2
5796,832,3,1,3,0,0,3,1,0,0,1,25,229,262,30,112,357,20,0,230,188,2
5797,833,3,1,3,0,0,3,1,0,0,25,1,200,252,120,71,281,20,0,247,140,3
5798,833,3,1,3,0,0,3,1,0,0,25,1,182,252,30,63,266,10,0,247,182,2
5799,833,3,1,3,0,0,3,1,0,0,25,1,236,252,60,81,337,30,0,247,112,3
5800,833,3,1,3,0,0,3,1,0,0,25,1,182,210,30,71,293,20,0,152,112,2
5801,833,3,1,3,0,0,3,1,0,0,25,1,236,189,60,71,218,20,0,190,182,2
5802,833,3,1,3,0,0,3,1,0,0,25,1,200,189,120,63,266,10,0,190,112,3
5803,833,3,1,3,0,0,3,1,0,0,25,1,182,252,120,81,337,10,0,152,140,3
5804,833,3,1,3,0,0,3,1,0,0,25,1,182,189,30,81,225,30,0,190,140,2
5805,833,3,1,3,0,0,3,1,0,0,25,1,236,210,60,63,245,10,0,152,140,3
5806,834,3,1,3,0,0,4,1,0,0,2,1,148,130,30,72,147,10,0,100,52,3
5807,834,3,1,3,0,0,4,1,0,0,2,1,148,130,120,68,176,10,0,130,84,2
5808,834,3,1,3,0,0,4,1,0,0,2,1,148,117,30,65,167,20,0,130,65,2
5809,834,3,1,3,0,0,4,1,0,0,2,1,111,117,60,65,167,30,0,80,84,3
5810,834,3,1,3,0,0,4,1,0,0,2,1,123,130,30,65,155,30,0,130,52,2
5811,834,3,1,3,0,0,4,1,0,0,2,1,123,117,30,68,136,10,0,80,65,3
5812,834,3,1,3,0,0,4,1,0,0,2,1,123,156,60,65,167,20,0,80,52,3
5813,834,3,1,3,0,0,4,1,0,0,2,1,148,156,30,68,176,30,0,80,84,3
5814,834,3,1,3,0,0,4,1,0,0,2,1,123,130,60,68,176,30,0,100,65,3
5815,835,3,1,3,0,0,4,1,0,0,2,25,185,194,120,109,210,20,0,208,95,3
5816,835,3,1,3,0,0,4,1,0,0,2,25,167,194,30,104,198,10,0,208,123,3
5817,835,3,1,3,0,0,4,1,0,0,2,25,220,194,60,115,237,30,0,208,76,3
5818,835,3,1,3,0,0,4,1,0,0,2,25,167,162,30,109,210,20,0,128,76,3
5819,835,3,1,3,0,0,4,1,0,0,2,25,220,146,60,109,167,20,0,160,123,3
5820,835,3,1,3,0,0,4,1,0,0,2,25,185,146,120,104,194,10,0,160,76,3
5821,835,3,1,3,0,0,4,1,0,0,2,25,167,194,120,115,237,10,0,128,95,3
5822,835,3,1,3,0,0,4,1,0,0,2,25,167,146,30,115,169,30,0,160,95,3
5823,835,3,1,3,0,0,4,1,0,0,2,25,220,162,60,104,184,10,0,128,95,3
5824,836,3,1,3,0,0,3,1,0,0,2,25,134,170,120,58,184,20,0,169,75,3
5825,836,3,1,3,0,0,3,1,0,0,2,25,122,170,30,53,176,10,0,169,97,3
5826,836,3,1,3,0,0,3,1,0,0,2,25,159,170,60,64,218,30,0,169,60,3
5827,836,3,1,3,0,0,3,1,0,0,2,25,122,142,30,58,184,20,0,104,60,3
5828,836,3,1,3,0,0,3,1,0,0,2,25,159,128,60,58,147,20,0,130,97,3
5829,836,3,1,3,0,0,3,1,0,0,2,25,134,128,120,53,176,10,0,130,60,3
5830,836,3,1,3,0,0,3,1,0,0,2,25,122,170,120,64,218,10,0,104,75,3
5831,836,3,1,3,0,0,3,1,0,0,2,25,122,128,30,64,153,30,0,130,75,3
5832,836,3,1,3,0,0,3,1,0,0,2,25,159,142,60,53,162,10,0,104,75,3
5833,837,3,1,3,1,0,2,1,2,0,22,1,193,211,120,50,225,30,0,170,95,2
5834,837,3,1,3,1,0,2,1,2,0,22,1,150,158,120,56,181,30,0,221,76,2
5835,837,3,1,3,1,0,2,1,2,0,22,1,193,158,120,64,194,20,0,136,76,3
5836,837,3,1,3,1,0,2,1,2,0,22,1,164,158,60,64,194,10,0,221,123,2
5837,837,3,1,3,1,0,2,1,2,0,22,1,164,176,120,64,194,30,0,136,123,3
5838,837,3,1,3,1,0,2,1,2,0,22,1,150,176,60,64,194,20,0,221,95,2
5839,837,3,1,3,1,0,2,1,2,0,22,1,150,211,60,56,237,10,0,170,76,3
5840,837,3,1,3,1,0,2,1,2,0,22,1,150,176,120,50,210,20,0,170,123,2
5841,837,3,1,3,1,0,2,1,2,0,22,1,164,211,30,64,281,20,0,170,123,3
5842,838,3,1,3,1,0,4,1,3,0,22,1,193,176,30,64,194,10,0,200,104,3
5843,838,3,1,3,1,0,4,1,3,0,22,1,193,176,120,56,245,10,0,260,169,2
5844,838,3,1,3,1,0,4,1,3,0,22,1,193,158,30,50,225,20,0,260,130,2
5845,838,3,1,3,1,0,4,1,3,0,22,1,150,158,60,50,225,30,0,160,169,2
5846,838,3,1,3,1,0,4,1,3,0,22,1,164,176,30,50,210,30,0,260,104,2
5847,838,3,1,3,1,0,4,1,3,0,22,1,164,158,30,56,181,10,0,160,130,2
5848,838,3,1,3,1,0,4,1,3,0,22,1,164,211,60,50,225,20,0,160,104,2
5849,838,3,1,3,1,0,4,1,3,0,22,1,193,211,30,56,237,30,0,160,169,2
5850,838,3,1,3,1,0,4,1,3,0,22,1,164,176,60,56,245,30,0,200,130,2
5851,839,3,1,3,1,0,5,1,3,0,22,1,225,176,30,96,198,10,0,170,96,2
5852,839,3,1,3,1,0,5,1,3,0,22,1,225,176,120,88,245,10,0,221,156,2
5853,839,3,1,3,1,0,5,1,3,0,22,1,225,158,30,82,225,20,0,221,120,2
5854,839,3,1,3,1,0,5,1,3,0,22,1,182,158,60,82,225,30,0,136,156,3
5855,839,3,1,3,1,0,5,1,3,0,22,1,196,176,30,82,210,30,0,221,96,2
5856,839,3,1,3,1,0,5,1,3,0,22,1,196,158,30,88,184,10,0,136,120,3
5857,839,3,1,3,1,0,5,1,3,0,22,1,196,211,60,82,225,20,0,136,96,3
5858,839,3,1,3,1,0,5,1,3,0,22,1,225,211,30,88,245,30,0,136,156,3
5859,839,3,1,3,1,0,5,1,3,0,22,1,196,176,60,88,245,30,0,170,120,2
5860,840,3,1,3,1,0,3,1,2,0,25,1,236,252,120,63,266,30,0,190,150,2
5861,840,3,1,3,1,0,3,1,2,0,25,1,182,189,120,71,218,30,0,247,120,2
5862,840,3,1,3,1,0,3,1,2,0,25,1,236,189,120,81,225,20,0,152,120,2
5863,840,3,1,3,1,0,3,1,2,0,25,1,200,189,60,81,225,10,0,247,195,2
5864,840,3,1,3,1,0,3,1,2,0,25,1,200,210,120,81,237,30,0,152,195,3
5865,840,3,1,3,1,0,3,1,2,0,25,1,182,210,60,81,237,20,0,247,150,2
5866,840,3,1,3,1,0,3,1,2,0,25,1,182,252,60,71,281,10,0,190,120,3
5867,840,3,1,3,1,0,3,1,2,0,25,1,182,210,120,63,245,20,0,190,195,2
5868,840,3,1,3,1,0,3,1,2,0,25,1,200,252,30,81,337,20,0,190,195,3
5869,841,3,1,3,1,0,2,1,3,0,20,25,373,237,30,205,266,10,0,260,132,2
5870,841,3,1,3,1,0,2,1,3,0,20,25,373,237,120,195,322,10,0,338,214,2
5871,841,3,1,3,1,0,2,1,3,0,20,25,373,213,30,187,293,20,0,338,165,2
5872,841,3,1,3,1,0,2,1,3,0,20,25,299,213,60,187,293,30,0,208,214,3
5873,841,3,1,3,1,0,2,1,3,0,20,25,324,237,30,187,281,30,0,338,132,2
5874,841,3,1,3,1,0,2,1,3,0,20,25,324,213,30,195,245,10,0,208,165,3
5875,841,3,1,3,1,0,2,1,3,0,20,25,324,284,60,187,301,20,0,208,132,3
5876,841,3,1,3,1,0,2,1,3,0,20,25,373,284,30,195,322,30,0,208,214,3
5877,841,3,1,3,1,0,2,1,3,0,20,25,324,237,60,195,322,30,0,260,165,3
5878,842,3,1,3,1,1,2,1,2,0,25,2,146,136,30,55,153,10,0,120,64,2
5879,842,3,1,3,1,1,2,1,2,0,25,2,146,136,120,49,181,10,0,156,104,2
5880,842,3,1,3,1,1,2,1,2,0,25,2,146,122,30,44,169,20,0,156,80,2
5881,842,3,1,3,1,1,2,1,2,0,25,2,114,122,60,44,169,30,0,96,104,2
5882,842,3,1,3,1,1,2,1,2,0,25,2,125,136,30,44,155,30,0,156,64,2
5883,842,3,1,3,1,1,2,1,2,0,25,2,125,122,30,49,142,10,0,96,80,3
5884,842,3,1,3,1,1,2,1,2,0,25,2,125,163,60,44,169,20,0,96,64,3
5885,842,3,1,3,1,1,2,1,2,0,25,2,146,163,30,49,181,30,0,96,104,2
5886,842,3,1,3,1,1,2,1,2,0,25,2,125,136,60,49,181,30,0,120,80,3
5887,843,3,1,3,1,1,2,1,4,0,1,22,224,189,30,88,210,10,0,200,108,3
5888,843,3,1,3,1,1,2,1,4,0,1,22,224,189,120,80,254,10,0,260,175,1
5889,843,3,1,3,1,1,2,1,4,0,1,22,224,170,30,74,237,20,0,260,135,3
5890,843,3,1,3,1,1,2,1,4,0,1,22,170,170,60,74,237,30,0,160,175,1
5891,843,3,1,3,1,1,2,1,4,0,1,22,188,189,30,74,225,30,0,260,108,1
5892,843,3,1,3,1,1,2,1,4,0,1,22,188,170,30,80,194,10,0,160,135,2
5893,843,3,1,3,1,1,2,1,4,0,1,22,188,227,60,74,245,20,0,160,108,3
5894,843,3,1,3,1,1,2,1,4,0,1,22,224,227,30,80,254,30,0,160,175,3
5895,843,3,1,3,1,1,2,1,4,0,1,22,188,189,60,80,254,30,0,200,135,1
5896,844,3,1,3,1,1,3,1,3,0,9,25,243,221,120,167,237,20,0,260,125,2
5897,844,3,1,3,1,1,3,1,3,0,9,25,223,221,30,162,225,10,0,260,162,2
5898,844,3,1,3,1,1,3,1,3,0,9,25,283,221,60,173,266,30,0,260,100,2
5899,844,3,1,3,1,1,3,1,3,0,9,25,223,184,30,167,237,20,0,160,100,2
5900,844,3,1,3,1,1,3,1,3,0,9,25,283,166,60,167,184,20,0,200,162,2
5901,844,3,1,3,1,1,3,1,3,0,9,25,243,166,120,162,218,10,0,200,100,2
5902,844,3,1,3,1,1,3,1,3,0,9,25,223,221,120,173,266,10,0,160,125,2
5903,844,3,1,3,1,1,3,1,3,0,9,25,223,166,30,173,194,30,0,200,125,2
5904,844,3,1,3,1,1,3,1,3,0,9,25,283,184,60,162,210,10,0,160,125,2
5905,845,3,1,3,1,1,3,1,3,0,18,2,215,181,30,130,194,10,0,150,80,3
5906,845,3,1,3,1,1,3,1,3,0,18,2,215,181,120,126,218,10,0,195,130,2
5907,845,3,1,3,1,1,3,1,3,0,18,2,215,163,30,123,210,20,0,195,100,3
5908,845,3,1,3,1,1,3,1,3,0,18,2,164,163,60,123,210,30,0,120,130,2
5909,845,3,1,3,1,1,3,1,3,0,18,2,181,181,30,123,198,30,0,195,80,2
5910,845,3,1,3,1,1,3,1,3,0,18,2,181,163,30,126,181,10,0,120,100,2
5911,845,3,1,3,1,1,3,1,3,0,18,2,181,217,60,123,218,20,0,120,80,3
5912,845,3,1,3,1,1,3,1,3,0,18,2,215,217,30,126,225,30,0,120,130,3
5913,845,3,1,3,1,1,3,1,3,0,18,2,181,181,60,126,218,30,0,150,100,3
5914,846,3,1,3,1,1,2,1,2,0,1,22,162,194,120,113,210,20,0,182,85,2
5915,846,3,1,3,1,1,2,1,2,0,1,22,150,194,30,110,198,10,0,182,110,2
5916,846,3,1,3,1,1,2,1,2,0,1,22,186,194,60,117,225,30,0,182,68,3
5917,846,3,1,3,1,1,2,1,2,0,1,22,150,162,30,113,198,20,0,112,68,3
5918,846,3,1,3,1,1,2,1,2,0,1,22,186,146,60,113,162,20,0,140,110,3
5919,846,3,1,3,1,1,2,1,2,0,1,22,162,146,120,110,184,10,0,140,68,3
5920,846,3,1,3,1,1,2,1,2,0,1,22,150,194,120,117,225,10,0,112,85,3
5921,846,3,1,3,1,1,2,1,2,0,1,22,150,146,30,117,169,30,0,140,85,2
5922,846,3,1,3,1,1,2,1,2,0,1,22,186,162,60,110,181,10,0,112,85,3
5923,847,3,1,3,1,1,3,1,1,0,25,1,236,252,120,63,266,30,0,210,120,3
5924,847,3,1,3,1,1,3,1,1,0,25,1,182,189,120,71,218,30,0,273,96,2
5925,847,3,1,3,1,1,3,1,1,0,25,1,236,189,120,81,225,20,0,168,96,3
5926,847,3,1,3,1,1,3,1,1,0,25,1,200,189,60,81,225,10,0,273,156,2
5927,847,3,1,3,1,1,3,1,1,0,25,1,200,210,120,81,237,30,0,168,156,3
5928,847,3,1,3,1,1,3,1,1,0,25,1,182,210,60,81,237,20,0,273,120,2
5929,847,3,1,3,1,1,3,1,1,0,25,1,182,252,60,71,281,10,0,210,96,3
5930,847,3,1,3,1,1,3,1,1,0,25,1,182,210,120,63,245,20,0,210,156,3
5931,847,3,1,3,1,1,3,1,1,0,25,1,200,252,30,81,337,20,0,210,156,3
5932,848,3,1,3,2,0,2,1,2,0,1,22,195,221,120,87,245,20,0,195,80,2
5933,848,3,1,3,2,0,2,1,2,0,1,22,176,221,30,81,237,10,0,195,104,2
5934,848,3,1,3,2,0,2,1,2,0,1,22,232,221,60,95,293,30,0,195,64,2
5935,848,3,1,3,2,0,2,1,2,0,1,22,176,184,30,87,254,20,0,120,64,3
5936,848,3,1,3,2,0,2,1,2,0,1,22,232,166,60,87,189,20,0,150,104,2
5937,848,3,1,3,2,0,2,1,2,0,1,22,195,166,120,81,237,10,0,150,64,3
5938,848,3,1,3,2,0,2,1,2,0,1,22,176,221,120,95,293,10,0,120,80,3
5939,848,3,1,3,2,0,2,1,2,0,1,22,176,166,30,95,198,30,0,150,80,3
5940,848,3,1,3,2,0,2,1,2,0,1,22,232,184,60,81,218,10,0,120,80,3
5941,849,3,1,3,2,0,2,1,2,0,9,2,138,142,30,66,155,10,0,90,44,3
5942,849,3,1,3,2,0,2,1,2,0,9,2,138,142,120,62,181,10,0,117,71,2
5943,849,3,1,3,2,0,2,1,2,0,9,2,138,128,30,59,169,20,0,117,55,2
5944,849,3,1,3,2,0,2,1,2,0,9,2,106,128,60,59,169,30,0,72,71,3
5945,849,3,1,3,2,0,2,1,2,0,9,2,117,142,30,59,162,30,0,117,44,2
5946,849,3,1,3,2,0,2,1,2,0,9,2,117,128,30,62,147,10,0,72,55,3
5947,849,3,1,3,2,0,2,1,2,0,9,2,117,170,60,59,176,20,0,72,44,3
5948,849,3,1,3,2,0,2,1,2,0,9,2,138,170,30,62,184,30,0,72,71,3
5949,849,3,1,3,2,0,2,1,2,0,9,2,117,142,60,62,181,30,0,90,55,3
5950,850,3,1,3,2,0,2,1,2,0,17,2,231,203,120,108,237,30,0,140,90,3
5951,850,3,1,3,2,0,2,1,2,0,17,2,180,152,120,114,189,30,0,182,72,3
5952,850,3,1,3,2,0,2,1,2,0,17,2,231,152,120,122,198,20,0,112,72,3
5953,850,3,1,3,2,0,2,1,2,0,17,2,197,152,60,122,198,10,0,182,117,3
5954,850,3,1,3,2,0,2,1,2,0,17,2,197,169,120,122,210,30,0,112,117,3
5955,850,3,1,3,2,0,2,1,2,0,17,2,180,169,60,122,210,20,0,182,90,3
5956,850,3,1,3,2,0,2,1,2,0,17,2,180,203,60,114,245,10,0,140,72,3
5957,850,3,1,3,2,0,2,1,2,0,17,2,180,169,120,108,218,20,0,140,117,3
5958,850,3,1,3,2,0,2,1,2,0,17,2,197,203,30,122,281,20,0,140,117,3
5959,851,3,1,3,2,0,2,1,3,0,1,2,140,130,30,67,147,10,0,100,52,2
5960,851,3,1,3,2,0,2,1,3,0,1,2,140,130,120,63,176,10,0,130,84,2
5961,851,3,1,3,2,0,2,1,3,0,1,2,140,117,30,60,162,20,0,130,65,2
5962,851,3,1,3,2,0,2,1,3,0,1,2,107,117,60,60,162,30,0,80,84,3
5963,851,3,1,3,2,0,2,1,3,0,1,2,118,130,30,60,153,30,0,130,52,2
5964,851,3,1,3,2,0,2,1,3,0,1,2,118,117,30,63,136,10,0,80,65,3
5965,851,3,1,3,2,0,2,1,3,0,1,2,118,156,60,60,167,20,0,80,52,3
5966,851,3,1,3,2,0,2,1,3,0,1,2,140,156,30,63,176,30,0,80,84,3
5967,851,3,1,3,2,0,2,1,3,0,1,2,118,130,60,63,176,30,0,100,65,3
5968,852,3,1,3,2,0,2,1,3,0,1,2,106,119,30,41,142,10,0,80,44,3
5969,852,3,1,3,2,0,2,1,3,0,1,2,106,119,120,37,167,10,0,104,71,2
5970,852,3,1,3,2,0,2,1,3,0,1,2,106,107,30,34,155,20,0,104,55,2
5971,852,3,1,3,2,0,2,1,3,0,1,2,85,107,60,34,155,30,0,64,71,3
5972,852,3,1,3,2,0,2,1,3,0,1,2,92,119,30,34,147,30,0,104,44,2
5973,852,3,1,3,2,0,2,1,3,0,1,2,92,107,30,37,130,10,0,64,55,3
5974,852,3,1,3,2,0,2,1,3,0,1,2,92,143,60,34,155,20,0,64,44,3
5975,852,3,1,3,2,0,2,1,3,0,1,2,106,143,30,37,167,30,0,64,71,3
5976,852,3,1,3,2,0,2,1,3,0,1,2,92,119,60,37,167,30,0,80,55,3
5977,853,3,1,3,2,0,2,1,3,0,2,1,92,143,120,37,167,20,0,117,65,3
5978,853,3,1,3,2,0,2,1,3,0,2,1,85,143,30,34,155,10,0,117,84,2
5979,853,3,1,3,2,0,2,1,3,0,2,1,106,143,60,41,189,30,0,117,52,3
5980,853,3,1,3,2,0,2,1,3,0,2,1,85,119,30,37,167,20,0,72,52,3
5981,853,3,1,3,2,0,2,1,3,0,2,1,106,107,60,37,130,20,0,90,84,2
5982,853,3,1,3,2,0,2,1,3,0,2,1,92,107,120,34,155,10,0,90,52,3
5983,853,3,1,3,2,0,2,1,3,0,2,1,85,143,120,41,189,10,0,72,65,3
5984,853,3,1,3,2,0,2,1,3,0,2,1,85,107,30,41,136,30,0,90,65,3
5985,853,3,1,3,2,0,2,1,3,0,2,1,106,119,60,34,147,10,0,72,65,3
5986,854,3,1,3,2,0,2,1,3,0,2,25,178,176,120,69,184,30,0,130,85,3
5987,854,3,1,3,2,0,2,1,3,0,2,25,136,132,120,74,153,30,0,169,68,2
5988,854,3,1,3,2,0,2,1,3,0,2,25,178,132,120,80,162,20,0,104,68,3
5989,854,3,1,3,2,0,2,1,3,0,2,25,150,132,60,80,162,10,0,169,110,2
5990,854,3,1,3,2,0,2,1,3,0,2,25,150,147,120,80,167,30,0,104,110,3
5991,854,3,1,3,2,0,2,1,3,0,2,25,136,147,60,80,167,20,0,169,85,2
5992,854,3,1,3,2,0,2,1,3,0,2,25,136,176,60,74,194,10,0,130,68,3
5993,854,3,1,3,2,0,2,1,3,0,2,25,136,147,120,69,169,20,0,130,110,2
5994,854,3,1,3,2,0,2,1,3,0,2,25,150,176,30,80,225,20,0,130,110,3
5995,855,3,1,3,2,0,2,1,3,0,14,2,161,184,120,78,184,30,0,120,75,3
5996,855,3,1,3,2,0,2,1,3,0,14,2,123,138,120,81,153,30,0,156,60,2
5997,855,3,1,3,2,0,2,1,3,0,14,2,161,138,120,85,162,20,0,96,60,3
5998,855,3,1,3,2,0,2,1,3,0,14,2,136,138,60,85,162,10,0,156,97,2
5999,855,3,1,3,2,0,2,1,3,0,14,2,136,153,120,85,167,30,0,96,97,2
6000,855,3,1,3,2,0,2,1,3,0,14,2,123,153,60,85,167,20,0,156,75,1
6001,855,3,1,3,2,0,2,1,3,0,14,2,123,184,60,81,194,10,0,120,60,3
6002,855,3,1,3,2,0,2,1,3,0,14,2,123,153,120,78,169,20,0,120,97,2
6003,855,3,1,3,2,0,2,1,3,0,14,2,136,184,30,85,218,20,0,120,97,3
6004,856,3,1,3,2,0,2,1,3,0,17,2,234,211,120,84,225,30,0,160,115,2
6005,856,3,1,3,2,0,2,1,3,0,17,2,188,158,120,90,184,30,0,208,92,2
6006,856,3,1,3,2,0,2,1,3,0,17,2,234,158,120,98,194,20,0,128,92,3
6007,856,3,1,3,2,0,2,1,3,0,17,2,203,158,60,98,194,10,0,208,149,2
6008,856,3,1,3,2,0,2,1,3,0,17,2,203,176,120,98,198,30,0,128,149,2
6009,856,3,1,3,2,0,2,1,3,0,17,2,188,176,60,98,198,20,0,208,115,2
6010,856,3,1,3,2,0,2,1,3,0,17,2,188,211,60,90,237,10,0,160,92,2
6011,856,3,1,3,2,0,2,1,3,0,17,2,188,176,120,84,210,20,0,160,149,2
6012,856,3,1,3,2,0,2,1,3,0,17,2,203,211,30,98,274,20,0,160,149,2
6013,857,3,1,3,2,0,2,1,3,0,17,25,336,294,120,84,330,30,0,320,185,2
6014,857,3,1,3,2,0,2,1,3,0,17,25,257,220,120,95,266,30,0,416,148,2
6015,857,3,1,3,2,0,2,1,3,0,17,25,336,220,120,109,274,20,0,256,148,2
6016,857,3,1,3,2,0,2,1,3,0,17,25,283,220,60,109,274,10,0,416,240,2
6017,857,3,1,3,2,0,2,1,3,0,17,25,283,245,120,109,281,30,0,256,240,2
6018,857,3,1,3,2,0,2,1,3,0,17,25,257,245,60,109,281,20,0,416,185,2
6019,857,3,1,3,2,0,2,1,3,0,17,25,257,294,60,95,349,10,0,320,148,2
6020,857,3,1,3,2,0,2,1,3,0,17,25,257,245,120,84,301,20,0,320,240,2
6021,857,3,1,3,2,0,2,1,3,0,17,25,283,294,30,109,414,20,0,320,240,2
6022,858,3,1,3,2,0,2,1,3,0,22,11,189,136,30,114,147,10,0,120,60,3
6023,858,3,1,3,2,0,2,1,3,0,22,11,189,136,120,110,167,10,0,156,97,3
6024,858,3,1,3,2,0,2,1,3,0,22,11,189,122,30,107,155,20,0,156,75,2
6025,858,3,1,3,2,0,2,1,3,0,22,11,153,122,60,107,155,30,0,96,97,3
6026,858,3,1,3,2,0,2,1,3,0,22,11,165,136,30,107,153,30,0,156,60,2
6027,858,3,1,3,2,0,2,1,3,0,22,11,165,122,30,110,136,10,0,96,75,3
6028,858,3,1,3,2,0,2,1,3,0,22,11,165,163,60,107,167,20,0,96,60,3
6029,858,3,1,3,2,0,2,1,3,0,22,11,189,163,30,110,169,30,0,96,97,3
6030,858,3,1,3,2,0,2,1,3,0,22,11,165,136,60,110,167,30,0,120,75,3
6031,859,3,1,3,2,0,3,1,2,0,2,1,123,156,120,52,167,30,0,90,55,3
6032,859,3,1,3,2,0,3,1,2,0,2,1,95,117,120,55,136,30,0,117,44,3
6033,859,3,1,3,2,0,3,1,2,0,2,1,123,117,120,59,142,20,0,72,44,3
6034,859,3,1,3,2,0,3,1,2,0,2,1,104,117,60,59,142,10,0,117,71,3
6035,859,3,1,3,2,0,3,1,2,0,2,1,104,130,120,59,147,30,0,72,71,3
6036,859,3,1,3,2,0,3,1,2,0,2,1,95,130,60,59,147,20,0,117,55,3
6037,859,3,1,3,2,0,3,1,2,0,2,1,95,156,60,55,176,10,0,90,44,3
6038,859,3,1,3,2,0,3,1,2,0,2,1,95,130,120,52,155,20,0,90,71,3
6039,859,3,1,3,2,0,3,1,2,0,2,1,104,156,30,59,198,20,0,90,71,3
6040,860,3,1,3,2,0,3,1,3,0,1,2,102,163,120,47,176,20,0,117,60,2
6041,860,3,1,3,2,0,3,1,3,0,1,2,92,163,30,44,167,10,0,117,78,2
6042,860,3,1,3,2,0,3,1,3,0,1,2,122,163,60,51,198,30,0,117,48,3
6043,860,3,1,3,2,0,3,1,3,0,1,2,92,136,30,47,176,20,0,72,48,3
6044,860,3,1,3,2,0,3,1,3,0,1,2,122,122,60,47,142,20,0,90,78,2
6045,860,3,1,3,2,0,3,1,3,0,1,2,102,122,120,44,167,10,0,90,48,2
6046,860,3,1,3,2,0,3,1,3,0,1,2,92,163,120,51,198,10,0,72,60,3
6047,860,3,1,3,2,0,3,1,3,0,1,2,92,122,30,51,147,30,0,90,60,2
6048,860,3,1,3,2,0,3,1,3,0,1,2,122,136,60,44,155,10,0,72,60,2
6049,861,3,1,3,2,0,3,1,3,0,1,2,112,163,120,57,176,20,0,104,55,3
6050,861,3,1,3,2,0,3,1,3,0,1,2,101,163,30,54,167,10,0,104,71,2
6051,861,3,1,3,2,0,3,1,3,0,1,2,134,163,60,61,198,30,0,104,44,3
6052,861,3,1,3,2,0,3,1,3,0,1,2,101,136,30,57,176,20,0,64,44,3
6053,861,3,1,3,2,0,3,1,3,0,1,2,134,122,60,57,142,20,0,80,71,2
6054,861,3,1,3,2,0,3,1,3,0,1,2,112,122,120,54,167,10,0,80,44,3
6055,861,3,1,3,2,0,3,1,3,0,1,2,101,163,120,61,198,10,0,64,55,3
6056,861,3,1,3,2,0,3,1,3,0,1,2,101,122,30,61,147,30,0,80,55,3
6057,861,3,1,3,2,0,3,1,3,0,1,2,134,136,60,54,155,10,0,64,55,3
6058,862,3,1,3,2,0,3,1,3,0,1,22,298,184,30,148,210,10,0,180,108,3
6059,862,3,1,3,2,0,3,1,3,0,1,22,298,184,120,140,254,10,0,234,175,2
6060,862,3,1,3,2,0,3,1,3,0,1,22,298,166,30,134,237,20,0,234,135,2
6061,862,3,1,3,2,0,3,1,3,0,1,22,223,166,60,134,237,30,0,144,175,3
6062,862,3,1,3,2,0,3,1,3,0,1,22,248,184,30,134,218,30,0,234,108,2
6063,862,3,1,3,2,0,3,1,3,0,1,22,248,166,30,140,194,10,0,144,135,3
6064,862,3,1,3,2,0,3,1,3,0,1,22,248,221,60,134,237,20,0,144,108,3
6065,862,3,1,3,2,0,3,1,3,0,1,22,298,221,30,140,254,30,0,144,175,3
6066,862,3,1,3,2,0,3,1,3,0,1,22,248,184,60,140,254,30,0,180,135,2
6067,863,3,1,3,2,0,3,1,3,0,2,1,145,184,120,93,194,20,0,182,75,2
6068,863,3,1,3,2,0,3,1,3,0,2,1,131,184,30,90,184,10,0,182,97,2
6069,863,3,1,3,2,0,3,1,3,0,2,1,172,184,60,97,218,30,0,182,60,2
6070,863,3,1,3,2,0,3,1,3,0,2,1,131,153,30,93,189,20,0,112,60,3
6071,863,3,1,3,2,0,3,1,3,0,2,1,172,138,60,93,155,20,0,140,97,2
6072,863,3,1,3,2,0,3,1,3,0,2,1,145,138,120,90,181,10,0,140,60,2
6073,863,3,1,3,2,0,3,1,3,0,2,1,131,184,120,97,218,10,0,112,75,3
6074,863,3,1,3,2,0,3,1,3,0,2,1,131,138,30,97,162,30,0,140,75,2
6075,863,3,1,3,2,0,3,1,3,0,2,1,172,153,60,90,169,10,0,112,75,3
6076,864,3,1,3,2,0,3,1,3,0,2,1,174,147,30,94,162,10,0,100,40,3
6077,864,3,1,3,2,0,3,1,3,0,2,1,174,147,120,90,184,10,0,130,65,3
6078,864,3,1,3,2,0,3,1,3,0,2,1,174,132,30,87,176,20,0,130,50,2
6079,864,3,1,3,2,0,3,1,3,0,2,1,130,132,60,87,176,30,0,80,65,3
6080,864,3,1,3,2,0,3,1,3,0,2,1,145,147,30,87,167,30,0,130,40,2
6081,864,3,1,3,2,0,3,1,3,0,2,1,145,132,30,90,147,10,0,80,50,3
6082,864,3,1,3,2,0,3,1,3,0,2,1,145,176,60,87,181,20,0,80,40,3
6083,864,3,1,3,2,0,3,1,3,0,2,1,174,176,30,90,189,30,0,80,65,3
6084,864,3,1,3,2,0,3,1,3,0,2,1,145,147,60,90,184,30,0,100,50,3
6085,865,3,1,3,2,0,3,1,3,0,2,1,108,170,120,53,184,20,0,130,65,2
6086,865,3,1,3,2,0,3,1,3,0,2,1,98,170,30,50,176,10,0,130,84,2
6087,865,3,1,3,2,0,3,1,3,0,2,1,128,170,60,57,210,30,0,130,52,2
6088,865,3,1,3,2,0,3,1,3,0,2,1,98,142,30,53,184,20,0,80,52,3
6089,865,3,1,3,2,0,3,1,3,0,2,1,128,128,60,53,147,20,0,100,84,2
6090,865,3,1,3,2,0,3,1,3,0,2,1,108,128,120,50,169,10,0,100,52,2
6091,865,3,1,3,2,0,3,1,3,0,2,1,98,170,120,57,210,10,0,80,65,3
6092,865,3,1,3,2,0,3,1,3,0,2,1,98,128,30,57,153,30,0,100,65,3
6093,865,3,1,3,2,0,3,1,3,0,2,1,128,142,60,50,167,10,0,80,65,3
6094,866,3,1,3,2,0,3,1,3,0,2,1,118,89,30,67,153,10,0,70,36,3
6095,866,3,1,3,2,0,3,1,3,0,2,1,118,89,120,63,181,10,0,91,58,3
6096,866,3,1,3,2,0,3,1,3,0,2,1,118,80,30,60,167,20,0,91,45,3
6097,866,3,1,3,2,0,3,1,3,0,2,1,91,80,60,60,167,30,0,56,58,3
6098,866,3,1,3,2,0,3,1,3,0,2,1,100,89,30,60,155,30,0,91,36,3
6099,866,3,1,3,2,0,3,1,3,0,2,1,100,80,30,63,142,10,0,56,45,3
6100,866,3,1,3,2,0,3,1,3,0,2,1,100,107,60,60,169,20,0,56,36,3
6101,866,3,1,3,2,0,3,1,3,0,2,1,118,107,30,63,181,30,0,56,58,3
6102,866,3,1,3,2,0,3,1,3,0,2,1,100,89,60,63,181,30,0,70,45,3
6103,867,3,1,3,2,0,3,1,3,0,17,11,215,176,120,134,176,30,0,120,80,2
6104,867,3,1,3,2,0,3,1,3,0,17,11,165,132,120,137,147,30,0,156,64,2
6105,867,3,1,3,2,0,3,1,3,0,17,11,215,132,120,141,153,20,0,96,64,2
6106,867,3,1,3,2,0,3,1,3,0,17,11,182,132,60,141,153,10,0,156,104,2
6107,867,3,1,3,2,0,3,1,3,0,17,11,182,147,120,141,155,30,0,96,104,2
6108,867,3,1,3,2,0,3,1,3,0,17,11,165,147,60,141,155,20,0,156,80,2
6109,867,3,1,3,2,0,3,1,3,0,17,11,165,176,60,137,181,10,0,120,64,3
6110,867,3,1,3,2,0,3,1,3,0,17,11,165,147,120,134,162,20,0,120,104,2
6111,867,3,1,3,2,0,3,1,3,0,17,11,182,176,30,141,194,20,0,120,104,3
6112,868,3,1,3,2,0,3,1,3,0,17,25,308,284,120,125,301,30,0,250,150,2
6113,868,3,1,3,2,0,3,1,3,0,17,25,236,213,120,133,237,30,0,325,120,2
6114,868,3,1,3,2,0,3,1,3,0,17,25,308,213,120,143,254,20,0,200,120,3
6115,868,3,1,3,2,0,3,1,3,0,17,25,260,213,60,143,254,10,0,325,195,2
6116,868,3,1,3,2,0,3,1,3,0,17,25,260,237,120,143,266,30,0,200,195,2
6117,868,3,1,3,2,0,3,1,3,0,17,25,236,237,60,143,266,20,0,325,150,2
6118,868,3,1,3,2,0,3,1,3,0,17,25,236,284,60,133,322,10,0,250,120,3
6119,868,3,1,3,2,0,3,1,3,0,17,25,236,237,120,125,274,20,0,250,195,2
6120,868,3,1,3,2,0,3,1,3,0,17,25,260,284,30,143,366,20,0,250,195,3
6121,869,3,1,3,2,0,3,1,3,0,22,1,275,221,120,115,237,30,0,210,110,2
6122,869,3,1,3,2,0,3,1,3,0,22,1,206,166,120,121,194,30,0,273,88,2
6123,869,3,1,3,2,0,3,1,3,0,22,1,275,166,120,129,210,20,0,168,88,3
6124,869,3,1,3,2,0,3,1,3,0,22,1,229,166,60,129,210,10,0,273,143,2
6125,869,3,1,3,2,0,3,1,3,0,22,1,229,184,120,129,210,30,0,168,143,3
6126,869,3,1,3,2,0,3,1,3,0,22,1,206,184,60,129,210,20,0,273,110,2
6127,869,3,1,3,2,0,3,1,3,0,22,1,206,221,60,121,254,10,0,210,88,3
6128,869,3,1,3,2,0,3,1,3,0,22,1,206,184,120,115,218,20,0,210,143,2
6129,869,3,1,3,2,0,3,1,3,0,22,1,229,221,30,129,293,20,0,210,143,3
6130,870,3,1,3,2,0,3,1,3,0,22,12,237,169,30,151,181,10,0,160,88,3
6131,870,3,1,3,2,0,3,1,3,0,22,12,237,169,120,147,198,10,0,208,143,2
6132,870,3,1,3,2,0,3,1,3,0,22,12,237,152,30,144,184,20,0,208,110,2
6133,870,3,1,3,2,0,3,1,3,0,22,12,185,152,60,144,184,30,0,128,143,3
6134,870,3,1,3,2,0,3,1,3,0,22,12,202,169,30,144,184,30,0,208,88,2
6135,870,3,1,3,2,0,3,1,3,0,22,12,202,152,30,147,169,10,0,128,110,3
6136,870,3,1,3,2,0,3,1,3,0,22,12,202,203,60,144,210,20,0,128,88,3
6137,870,3,1,3,2,0,3,1,3,0,22,12,237,203,30,147,218,30,0,128,143,3
6138,870,3,1,3,2,0,3,1,3,0,22,12,202,169,60,147,198,30,0,160,110,2
6139,871,3,1,3,2,0,3,1,3,0,25,9,264,262,120,85,281,30,0,200,130,2
6140,871,3,1,3,2,0,3,1,3,0,25,9,201,196,120,93,225,30,0,260,104,2
6141,871,3,1,3,2,0,3,1,3,0,25,9,264,196,120,103,245,20,0,160,104,2
6142,871,3,1,3,2,0,3,1,3,0,25,9,222,196,60,103,245,10,0,260,169,2
6143,871,3,1,3,2,0,3,1,3,0,25,9,222,218,120,103,245,30,0,160,169,2
6144,871,3,1,3,2,0,3,1,3,0,25,9,201,218,60,103,245,20,0,260,130,2
6145,871,3,1,3,2,0,3,1,3,0,25,9,201,262,60,93,301,10,0,200,104,2
6146,871,3,1,3,2,0,3,1,3,0,25,9,201,218,120,85,266,20,0,200,169,2
6147,871,3,1,3,2,0,3,1,3,0,25,9,222,262,30,103,357,20,0,200,169,2
6148,872,3,1,3,2,0,3,1,4,0,20,25,293,284,120,164,330,20,0,351,180,3
6149,872,3,1,3,2,0,3,1,4,0,20,25,267,284,30,156,310,10,0,351,234,2
6150,872,3,1,3,2,0,3,1,4,0,20,25,344,284,60,174,374,30,0,351,144,3
6151,872,3,1,3,2,0,3,1,4,0,20,25,267,237,30,164,330,20,0,216,144,3
6152,872,3,1,3,2,0,3,1,4,0,20,25,344,213,60,164,245,20,0,270,234,2
6153,872,3,1,3,2,0,3,1,4,0,20,25,293,213,120,156,301,10,0,270,144,3
6154,872,3,1,3,2,0,3,1,4,0,20,25,267,284,120,174,374,10,0,216,180,3
6155,872,3,1,3,2,0,3,1,4,0,20,25,267,213,30,174,266,30,0,270,180,3
6156,872,3,1,3,2,0,3,1,4,0,20,25,344,237,60,156,281,10,0,216,180,3
6157,873,3,1,3,2,0,4,1,2,0,22,19,241,170,120,186,169,20,0,169,85,3
6158,873,3,1,3,2,0,4,1,2,0,22,19,220,170,30,183,167,10,0,169,110,2
6159,873,3,1,3,2,0,4,1,2,0,22,19,283,170,60,190,189,30,0,169,68,3
6160,873,3,1,3,2,0,4,1,2,0,22,19,220,142,30,186,167,20,0,104,68,3
6161,873,3,1,3,2,0,4,1,2,0,22,19,283,128,60,186,142,20,0,130,110,3
6162,873,3,1,3,2,0,4,1,2,0,22,19,241,128,120,183,155,10,0,130,68,3
6163,873,3,1,3,2,0,4,1,2,0,22,19,220,170,120,190,189,10,0,104,85,3
6164,873,3,1,3,2,0,4,1,2,0,22,19,220,128,30,190,142,30,0,130,85,3
6165,873,3,1,3,2,0,4,1,2,0,22,19,283,142,60,183,153,10,0,104,85,3
6166,874,3,1,3,2,0,4,1,2,0,25,3,251,211,120,130,218,30,0,170,125,3
6167,874,3,1,3,2,0,4,1,2,0,25,3,191,158,120,135,181,30,0,221,100,2
6168,874,3,1,3,2,0,4,1,2,0,25,3,251,158,120,141,184,20,0,136,100,3
6169,874,3,1,3,2,0,4,1,2,0,25,3,211,158,60,141,184,10,0,221,162,2
6170,874,3,1,3,2,0,4,1,2,0,25,3,211,176,120,141,194,30,0,136,162,3
6171,874,3,1,3,2,0,4,1,2,0,25,3,191,176,60,141,194,20,0,221,125,2
6172,874,3,1,3,2,0,4,1,2,0,25,3,191,211,60,135,225,10,0,170,100,2
6173,874,3,1,3,2,0,4,1,2,0,25,3,191,176,120,130,198,20,0,170,162,2
6174,874,3,1,3,2,0,4,1,2,0,25,3,211,211,30,141,254,20,0,170,162,2
6175,875,3,1,3,2,0,4,1,3,0,2,1,126,136,30,62,147,10,0,100,44,3
6176,875,3,1,3,2,0,4,1,3,0,2,1,126,136,120,58,176,10,0,130,71,2
6177,875,3,1,3,2,0,4,1,3,0,2,1,126,122,30,55,167,20,0,130,55,2
6178,875,3,1,3,2,0,4,1,3,0,2,1,97,122,60,55,167,30,0,80,71,3
6179,875,3,1,3,2,0,4,1,3,0,2,1,107,136,30,55,155,30,0,130,44,2
6180,875,3,1,3,2,0,4,1,3,0,2,1,107,122,30,58,142,10,0,80,55,3
6181,875,3,1,3,2,0,4,1,3,0,2,1,107,163,60,55,167,20,0,80,44,3
6182,875,3,1,3,2,0,4,1,3,0,2,1,126,163,30,58,176,30,0,80,71,3
6183,875,3,1,3,2,0,4,1,3,0,2,1,107,136,60,58,176,30,0,100,55,3
6184,876,3,1,3,2,0,4,1,3,0,2,17,249,189,30,104,218,10,0,160,84,3
6185,876,3,1,3,2,0,4,1,3,0,2,17,249,189,120,96,254,10,0,208,136,2
6186,876,3,1,3,2,0,4,1,3,0,2,17,249,170,30,90,237,20,0,208,105,2
6187,876,3,1,3,2,0,4,1,3,0,2,17,189,170,60,90,237,30,0,128,136,3
6188,876,3,1,3,2,0,4,1,3,0,2,17,209,189,30,90,225,30,0,208,84,2
6189,876,3,1,3,2,0,4,1,3,0,2,17,209,170,30,96,194,10,0,128,105,3
6190,876,3,1,3,2,0,4,1,3,0,2,17,209,227,60,90,245,20,0,128,84,3
6191,876,3,1,3,2,0,4,1,3,0,2,17,249,227,30,96,254,30,0,128,136,3
6192,876,3,1,3,2,0,4,1,3,0,2,17,209,189,60,96,254,30,0,160,105,3
6193,877,3,1,3,2,0,4,1,3,0,2,23,239,170,120,148,167,30,0,100,55,3
6194,877,3,1,3,2,0,4,1,3,0,2,23,190,128,120,151,142,30,0,130,44,2
6195,877,3,1,3,2,0,4,1,3,0,2,23,239,128,120,155,142,20,0,80,44,3
6196,877,3,1,3,2,0,4,1,3,0,2,23,206,128,60,155,142,10,0,130,71,2
6197,877,3,1,3,2,0,4,1,3,0,2,23,206,142,120,155,153,30,0,80,71,3
6198,877,3,1,3,2,0,4,1,3,0,2,23,190,142,60,155,153,20,0,130,55,2
6199,877,3,1,3,2,0,4,1,3,0,2,23,190,170,60,151,176,10,0,100,44,3
6200,877,3,1,3,2,0,4,1,3,0,2,23,190,142,120,148,155,20,0,100,71,3
6201,877,3,1,3,2,0,4,1,3,0,2,23,206,170,30,155,189,20,0,100,71,3
6202,878,3,1,3,2,0,4,1,3,0,22,1,252,194,30,114,218,10,0,180,100,2
6203,878,3,1,3,2,0,4,1,3,0,22,1,252,194,120,106,266,10,0,234,162,2
6204,878,3,1,3,2,0,4,1,3,0,22,1,252,175,30,100,245,20,0,234,125,2
6205,878,3,1,3,2,0,4,1,3,0,22,1,195,175,60,100,245,30,0,144,162,3
6206,878,3,1,3,2,0,4,1,3,0,22,1,214,194,30,100,225,30,0,234,100,2
6207,878,3,1,3,2,0,4,1,3,0,22,1,214,175,30,106,210,10,0,144,125,3
6208,878,3,1,3,2,0,4,1,3,0,22,1,214,233,60,100,254,20,0,144,100,3
6209,878,3,1,3,2,0,4,1,3,0,22,1,252,233,30,106,266,30,0,144,162,3
6210,878,3,1,3,2,0,4,1,3,0,22,1,214,194,60,106,266,30,0,180,125,2
6211,879,3,1,3,2,0,4,1,3,0,22,1,226,217,120,78,237,30,0,170,110,2
6212,879,3,1,3,2,0,4,1,3,0,22,1,169,163,120,84,189,30,0,221,88,2
6213,879,3,1,3,2,0,4,1,3,0,22,1,226,163,120,92,198,20,0,136,88,2
6214,879,3,1,3,2,0,4,1,3,0,22,1,188,163,60,92,198,10,0,221,143,2
6215,879,3,1,3,2,0,4,1,3,0,22,1,188,181,120,92,210,30,0,136,143,2
6216,879,3,1,3,2,0,4,1,3,0,22,1,169,181,60,92,210,20,0,221,110,2
6217,879,3,1,3,2,0,4,1,3,0,22,1,169,217,60,84,245,10,0,170,88,2
6218,879,3,1,3,2,0,4,1,3,0,22,1,169,181,120,78,218,20,0,170,143,2
6219,879,3,1,3,2,0,4,1,3,0,22,1,188,217,30,92,293,20,0,170,143,2
6220,880,3,1,3,2,0,4,1,3,0,22,1,206,221,120,59,237,30,0,150,95,2
6221,880,3,1,3,2,0,4,1,3,0,22,1,157,166,120,65,194,30,0,195,76,2
6222,880,3,1,3,2,0,4,1,3,0,22,1,206,166,120,73,210,20,0,120,76,3
6223,880,3,1,3,2,0,4,1,3,0,22,1,173,166,60,73,210,10,0,195,123,2
6224,880,3,1,3,2,0,4,1,3,0,22,1,173,184,120,73,210,30,0,120,123,2
6225,880,3,1,3,2,0,4,1,3,0,22,1,157,184,60,73,210,20,0,195,95,2
6226,880,3,1,3,2,0,4,1,3,0,22,1,157,221,60,65,254,10,0,150,76,3
6227,880,3,1,3,2,0,4,1,3,0,22,1,157,184,120,59,218,20,0,150,123,2
6228,880,3,1,3,2,0,4,1,3,0,22,1,173,221,30,73,293,20,0,150,123,3
6229,881,3,1,3,2,0,4,1,3,0,22,12,208,155,30,122,167,10,0,140,68,3
6230,881,3,1,3,2,0,4,1,3,0,22,12,208,155,120,118,181,10,0,182,110,2
6231,881,3,1,3,2,0,4,1,3,0,22,12,208,139,30,115,169,20,0,182,85,2
6232,881,3,1,3,2,0,4,1,3,0,22,12,156,139,60,115,169,30,0,112,110,2
6233,881,3,1,3,2,0,4,1,3,0,22,12,173,155,30,115,169,30,0,182,68,2
6234,881,3,1,3,2,0,4,1,3,0,22,12,173,139,30,118,153,10,0,112,85,3
6235,881,3,1,3,2,0,4,1,3,0,22,12,173,186,60,115,184,20,0,112,68,3
6236,881,3,1,3,2,0,4,1,3,0,22,12,208,186,30,118,189,30,0,112,110,3
6237,881,3,1,3,2,0,4,1,3,0,22,12,173,155,60,118,181,30,0,140,85,3
6238,882,3,1,3,2,0,4,1,3,0,25,1,200,252,120,71,281,20,0,273,135,3
6239,882,3,1,3,2,0,4,1,3,0,25,1,182,252,30,63,266,10,0,273,175,2
6240,882,3,1,3,2,0,4,1,3,0,25,1,236,252,60,81,337,30,0,273,108,3
6241,882,3,1,3,2,0,4,1,3,0,25,1,182,210,30,71,293,20,0,168,108,3
6242,882,3,1,3,2,0,4,1,3,0,25,1,236,189,60,71,218,20,0,210,175,2
6243,882,3,1,3,2,0,4,1,3,0,25,1,200,189,120,63,266,10,0,210,108,3
6244,882,3,1,3,2,0,4,1,3,0,25,1,182,252,120,81,337,10,0,168,135,3
6245,882,3,1,3,2,0,4,1,3,0,25,1,182,189,30,81,225,30,0,210,135,2
6246,882,3,1,3,2,0,4,1,3,0,25,1,236,210,60,63,245,10,0,168,135,2
6247,883,3,1,3,2,0,4,1,3,0,25,1,200,252,120,71,281,20,0,273,135,2
6248,883,3,1,3,2,0,4,1,3,0,25,1,182,252,30,63,266,10,0,273,175,2
6249,883,3,1,3,2,0,4,1,3,0,25,1,236,252,60,81,337,30,0,273,108,2
6250,883,3,1,3,2,0,4,1,3,0,25,1,182,210,30,71,293,20,0,168,108,2
6251,883,3,1,3,2,0,4,1,3,0,25,1,236,189,60,71,218,20,0,210,175,2
6252,883,3,1,3,2,0,4,1,3,0,25,1,200,189,120,63,266,10,0,210,108,2
6253,883,3,1,3,2,0,4,1,3,0,25,1,182,252,120,81,337,10,0,168,135,3
6254,883,3,1,3,2,0,4,1,3,0,25,1,182,189,30,81,225,30,0,210,135,2
6255,883,3,1,3,2,0,4,1,3,0,25,1,236,210,60,63,245,10,0,168,135,2
6256,884,3,1,3,2,0,4,1,3,0,25,2,204,163,120,102,169,30,0,110,80,3
6257,884,3,1,3,2,0,4,1,3,0,25,2,172,122,120,107,142,30,0,143,64,3
6258,884,3,1,3,2,0,4,1,3,0,25,2,204,122,120,113,147,20,0,88,64,3
6259,884,3,1,3,2,0,4,1,3,0,25,2,183,122,60,113,147,10,0,143,104,3
6260,884,3,1,3,2,0,4,1,3,0,25,2,183,136,120,113,153,30,0,88,104,3
6261,884,3,1,3,2,0,4,1,3,0,25,2,172,136,60,113,153,20,0,143,80,3
6262,884,3,1,3,2,0,4,1,3,0,25,2,172,163,60,107,181,10,0,110,64,3
6263,884,3,1,3,2,0,4,1,3,0,25,2,172,136,120,102,155,20,0,110,104,3
6264,884,3,1,3,2,0,4,1,3,0,25,2,183,163,30,113,210,20,0,110,104,3
6265,885,3,1,3,2,0,2,1,2,0,17,2,195,162,30,91,194,10,0,140,104,3
6266,885,3,1,3,2,0,2,1,2,0,17,2,195,162,120,83,237,10,0,182,169,3
6267,885,3,1,3,2,0,2,1,2,0,17,2,195,146,30,77,218,20,0,182,130,3
6268,885,3,1,3,2,0,2,1,2,0,17,2,151,146,60,77,218,30,0,112,169,3
6269,885,3,1,3,2,0,2,1,2,0,17,2,166,162,30,77,210,30,0,182,104,3
6270,885,3,1,3,2,0,2,1,2,0,17,2,166,146,30,83,181,10,0,112,130,3
6271,885,3,1,3,2,0,2,1,2,0,17,2,166,194,60,77,225,20,0,112,104,3
6272,885,3,1,3,2,0,2,1,2,0,17,2,195,194,30,83,237,30,0,112,169,3
6273,885,3,1,3,2,0,2,1,2,0,17,2,166,162,60,83,237,30,0,140,130,3
6274,886,3,1,3,2,0,2,1,3,0,1,22,164,211,120,56,237,20,0,221,105,2
6275,886,3,1,3,2,0,2,1,3,0,1,22,150,211,30,50,225,10,0,221,136,2
6276,886,3,1,3,2,0,2,1,3,0,1,22,193,211,60,64,281,30,0,221,84,2
6277,886,3,1,3,2,0,2,1,3,0,1,22,150,176,30,56,245,20,0,136,84,3
6278,886,3,1,3,2,0,2,1,3,0,1,22,193,158,60,56,181,20,0,170,136,2
6279,886,3,1,3,2,0,2,1,3,0,1,22,164,158,120,50,225,10,0,170,84,3
6280,886,3,1,3,2,0,2,1,3,0,1,22,150,211,120,64,281,10,0,136,105,3
6281,886,3,1,3,2,0,2,1,3,0,1,22,150,158,30,64,194,30,0,170,105,2
6282,886,3,1,3,2,0,2,1,3,0,1,22,193,176,60,50,210,10,0,136,105,2
6283,887,3,1,3,2,0,3,1,3,0,1,25,262,252,120,83,274,30,0,220,145,3
6284,887,3,1,3,2,0,3,1,3,0,1,25,199,189,120,91,225,30,0,286,116,2
6285,887,3,1,3,2,0,3,1,3,0,1,25,262,189,120,101,237,20,0,176,116,2
6286,887,3,1,3,2,0,3,1,3,0,1,25,220,189,60,101,237,10,0,286,188,2
6287,887,3,1,3,2,0,3,1,3,0,1,25,220,210,120,101,245,30,0,176,188,3
6288,887,3,1,3,2,0,3,1,3,0,1,25,199,210,60,101,245,20,0,286,145,2
6289,887,3,1,3,2,0,3,1,3,0,1,25,199,252,60,91,293,10,0,220,116,2
6290,887,3,1,3,2,0,3,1,3,0,1,25,199,210,120,83,254,20,0,220,188,2
6291,887,3,1,3,2,0,3,1,3,0,1,25,220,252,30,101,349,20,0,220,188,1
6292,888,3,1,3,2,0,3,1,3,0,2,25,172,184,120,64,189,30,0,120,85,3
6293,888,3,1,3,2,0,3,1,3,0,2,25,131,138,120,69,155,30,0,156,68,3
6294,888,3,1,3,2,0,3,1,3,0,2,25,172,138,120,75,162,20,0,96,68,3
6295,888,3,1,3,2,0,3,1,3,0,2,25,145,138,60,75,162,10,0,156,110,2
6296,888,3,1,3,2,0,3,1,3,0,2,25,145,153,120,75,167,30,0,96,110,2
6297,888,3,1,3,2,0,3,1,3,0,2,25,131,153,60,75,167,20,0,156,85,2
6298,888,3,1,3,2,0,3,1,3,0,2,25,131,184,60,69,198,10,0,120,68,3
6299,888,3,1,3,2,0,3,1,3,0,2,25,131,153,120,64,176,20,0,120,110,2
6300,888,3,1,3,2,0,3,1,3,0,2,25,145,184,30,75,225,20,0,120,110,3
6301,889,3,1,3,2,0,3,1,3,0,17,2,205,167,30,69,189,10,0,140,68,3
6302,889,3,1,3,2,0,3,1,3,0,17,2,205,167,120,61,237,10,0,182,110,2
6303,889,3,1,3,2,0,3,1,3,0,17,2,205,150,30,55,218,20,0,182,85,3
6304,889,3,1,3,2,0,3,1,3,0,17,2,159,150,60,55,218,30,0,112,110,3
6305,889,3,1,3,2,0,3,1,3,0,17,2,174,167,30,55,198,30,0,182,68,2
6306,889,3,1,3,2,0,3,1,3,0,17,2,174,150,30,61,176,10,0,112,85,3
6307,889,3,1,3,2,0,3,1,3,0,17,2,174,200,60,55,218,20,0,112,68,3
6308,889,3,1,3,2,0,3,1,3,0,17,2,205,200,30,61,225,30,0,112,110,3
6309,889,3,1,3,2,0,3,1,3,0,17,2,174,167,60,61,237,30,0,140,85,3
6310,890,3,1,3,2,0,3,1,3,0,17,25,336,245,30,109,281,10,0,240,160,2
6311,890,3,1,3,2,0,3,1,3,0,17,25,336,245,120,95,357,10,0,312,260,2
6312,890,3,1,3,2,0,3,1,3,0,17,25,336,220,30,84,330,20,0,312,200,2
6313,890,3,1,3,2,0,3,1,3,0,17,25,257,220,60,84,330,30,0,192,260,2
6314,890,3,1,3,2,0,3,1,3,0,17,25,283,245,30,84,301,30,0,312,160,2
6315,890,3,1,3,2,0,3,1,3,0,17,25,283,220,30,95,266,10,0,192,200,2
6316,890,3,1,3,2,0,3,1,3,0,17,25,283,294,60,84,330,20,0,192,160,2
6317,890,3,1,3,2,0,3,1,3,0,17,25,336,294,30,95,349,30,0,192,260,2
6318,890,3,1,3,2,0,3,1,3,0,17,25,283,245,60,95,357,30,0,240,200,2
6319,891,3,1,3,2,0,3,1,3,0,22,1,173,221,120,65,254,20,0,221,125,2
6320,891,3,1,3,2,0,3,1,3,0,22,1,157,221,30,59,237,10,0,221,162,2
6321,891,3,1,3,2,0,3,1,3,0,22,1,206,221,60,73,293,30,0,221,100,2
6322,891,3,1,3,2,0,3,1,3,0,22,1,157,184,30,65,254,20,0,136,100,3
6323,891,3,1,3,2,0,3,1,3,0,22,1,206,166,60,65,194,20,0,170,162,2
6324,891,3,1,3,2,0,3,1,3,0,22,1,173,166,120,59,237,10,0,170,100,2
6325,891,3,1,3,2,0,3,1,3,0,22,1,157,221,120,73,293,10,0,136,125,3
6326,891,3,1,3,2,0,3,1,3,0,22,1,157,166,30,73,210,30,0,170,125,2
6327,891,3,1,3,2,0,3,1,3,0,22,1,206,184,60,59,218,10,0,136,125,2
6328,892,3,1,3,2,0,3,1,3,0,22,12,226,211,120,130,210,30,0,160,105,2
6329,892,3,1,3,2,0,3,1,3,0,22,12,169,158,120,133,169,30,0,208,84,2
6330,892,3,1,3,2,0,3,1,3,0,22,12,226,158,120,137,176,20,0,128,84,3
6331,892,3,1,3,2,0,3,1,3,0,22,12,188,158,60,137,176,10,0,208,136,2
6332,892,3,1,3,2,0,3,1,3,0,22,12,188,176,120,137,184,30,0,128,136,2
6333,892,3,1,3,2,0,3,1,3,0,22,12,169,176,60,137,184,20,0,208,105,2
6334,892,3,1,3,2,0,3,1,3,0,22,12,169,211,60,133,218,10,0,160,84,3
6335,892,3,1,3,2,0,3,1,3,0,22,12,169,176,120,130,189,20,0,160,136,2
6336,892,3,1,3,2,0,3,1,3,0,22,12,188,211,30,137,225,20,0,160,136,3
6337,893,3,1,3,2,0,3,1,3,0,25,1,236,252,120,63,266,30,0,210,165,2
6338,893,3,1,3,2,0,3,1,3,0,25,1,182,189,120,71,218,30,0,273,132,2
6339,893,3,1,3,2,0,3,1,3,0,25,1,236,189,120,81,225,20,0,168,132,2
6340,893,3,1,3,2,0,3,1,3,0,25,1,200,189,60,81,225,10,0,273,214,2
6341,893,3,1,3,2,0,3,1,3,0,25,1,200,210,120,81,237,30,0,168,214,2
6342,893,3,1,3,2,0,3,1,3,0,25,1,182,210,60,81,237,20,0,273,165,2
6343,893,3,1,3,2,0,3,1,3,0,25,1,182,252,60,71,281,10,0,210,132,2
6344,893,3,1,3,2,0,3,1,3,0,25,1,182,210,120,63,245,20,0,210,214,2
6345,893,3,1,3,2,0,3,1,3,0,25,1,200,252,30,81,337,20,0,210,214,2
6346,894,3,1,3,2,1,2,0,3,0,22,17,271,252,120,167,281,20,0,273,140,3
6347,894,3,1,3,2,1,2,0,3,0,22,17,245,252,30,161,266,10,0,273,182,2
6348,894,3,1,3,2,1,2,0,3,0,22,17,323,252,60,175,322,30,0,273,112,3
6349,894,3,1,3,2,1,2,0,3,0,22,17,245,210,30,167,274,20,0,168,112,3
6350,894,3,1,3,2,1,2,0,3,0,22,17,323,189,60,167,218,20,0,210,182,2
6351,894,3,1,3,2,1,2,0,3,0,22,17,271,189,120,161,254,10,0,210,112,3
6352,894,3,1,3,2,1,2,0,3,0,22,17,245,252,120,175,322,10,0,168,140,3
6353,894,3,1,3,2,1,2,0,3,0,22,17,245,189,30,175,225,30,0,210,140,3
6354,894,3,1,3,2,1,2,0,3,0,22,17,323,210,60,161,245,10,0,168,140,3
6355,895,3,1,3,2,1,2,1,2,0,1,22,275,194,30,131,218,10,0,200,92,3
6356,895,3,1,3,2,1,2,1,2,0,1,22,275,194,120,123,266,10,0,260,149,3
6357,895,3,1,3,2,1,2,1,2,0,1,22,275,175,30,117,245,20,0,260,115,2
6358,895,3,1,3,2,1,2,1,2,0,1,22,209,175,60,117,245,30,0,160,149,3
6359,895,3,1,3,2,1,2,1,2,0,1,22,231,194,30,117,237,30,0,260,92,3
6360,895,3,1,3,2,1,2,1,2,0,1,22,231,175,30,123,210,10,0,160,115,2
6361,895,3,1,3,2,1,2,1,2,0,1,22,231,233,60,117,254,20,0,160,92,3
6362,895,3,1,3,2,1,2,1,2,0,1,22,275,233,30,123,266,30,0,160,149,2
6363,895,3,1,3,2,1,2,1,2,0,1,22,231,194,60,123,266,30,0,200,115,3
6364,896,3,1,3,2,1,2,1,2,0,9,2,176,142,30,97,155,10,0,100,40,3
6365,896,3,1,3,2,1,2,1,2,0,9,2,176,142,120,93,181,10,0,130,65,3
6366,896,3,1,3,2,1,2,1,2,0,9,2,176,128,30,90,169,20,0,130,50,2
6367,896,3,1,3,2,1,2,1,2,0,9,2,134,128,60,90,169,30,0,80,65,3
6368,896,3,1,3,2,1,2,1,2,0,9,2,148,142,30,90,162,30,0,130,40,2
6369,896,3,1,3,2,1,2,1,2,0,9,2,148,128,30,93,147,10,0,80,50,3
6370,896,3,1,3,2,1,2,1,2,0,9,2,148,170,60,90,176,20,0,80,40,3
6371,896,3,1,3,2,1,2,1,2,0,9,2,176,170,30,93,181,30,0,80,65,3
6372,896,3,1,3,2,1,2,1,2,0,9,2,148,142,60,93,181,30,0,100,50,3
6373,897,3,1,3,2,1,2,1,2,0,19,22,195,153,30,113,162,10,0,150,72,3
6374,897,3,1,3,2,1,2,1,2,0,19,22,195,153,120,109,181,10,0,195,117,2
6375,897,3,1,3,2,1,2,1,2,0,19,22,195,138,30,106,167,20,0,195,90,2
6376,897,3,1,3,2,1,2,1,2,0,19,22,149,138,60,106,167,30,0,120,117,3
6377,897,3,1,3,2,1,2,1,2,0,19,22,164,153,30,106,167,30,0,195,72,2
6378,897,3,1,3,2,1,2,1,2,0,19,22,164,138,30,109,153,10,0,120,90,3
6379,897,3,1,3,2,1,2,1,2,0,19,22,164,184,60,106,181,20,0,120,72,3
6380,897,3,1,3,2,1,2,1,2,0,19,22,195,184,30,109,184,30,0,120,117,3
6381,897,3,1,3,2,1,2,1,2,0,19,22,164,153,60,109,181,30,0,150,90,3
6382,898,3,1,3,2,1,2,1,3,0,1,25,236,210,30,81,237,10,0,210,108,2
6383,898,3,1,3,2,1,2,1,3,0,1,25,236,210,120,71,293,10,0,273,175,3
6384,898,3,1,3,2,1,2,1,3,0,1,25,236,189,30,63,266,20,0,273,135,2
6385,898,3,1,3,2,1,2,1,3,0,1,25,182,189,60,63,266,30,0,168,175,3
6386,898,3,1,3,2,1,2,1,3,0,1,25,200,210,30,63,245,30,0,273,108,2
6387,898,3,1,3,2,1,2,1,3,0,1,25,200,189,30,71,218,10,0,168,135,2
6388,898,3,1,3,2,1,2,1,3,0,1,25,200,252,60,63,266,20,0,168,108,3
6389,898,3,1,3,2,1,2,1,3,0,1,25,236,252,30,71,281,30,0,168,175,3
6390,898,3,1,3,2,1,2,1,3,0,1,25,200,210,60,71,293,30,0,210,135,3
6391,899,3,1,3,2,1,2,1,3,0,17,2,240,167,30,123,218,10,0,150,80,3
6392,899,3,1,3,2,1,2,1,3,0,17,2,240,167,120,115,254,10,0,195,130,3
6393,899,3,1,3,2,1,2,1,3,0,17,2,240,150,30,109,237,20,0,195,100,3
6394,899,3,1,3,2,1,2,1,3,0,17,2,183,150,60,109,237,30,0,120,130,3
6395,899,3,1,3,2,1,2,1,3,0,17,2,202,167,30,109,225,30,0,195,80,3
6396,899,3,1,3,2,1,2,1,3,0,17,2,202,150,30,115,194,10,0,120,100,3
6397,899,3,1,3,2,1,2,1,3,0,17,2,202,200,60,109,245,20,0,120,80,3
6398,899,3,1,3,2,1,2,1,3,0,17,2,240,200,30,115,254,30,0,120,130,3
6399,899,3,1,3,2,1,2,1,3,0,17,2,202,167,60,115,254,30,0,150,100,3
6400,900,3,1,3,2,1,2,1,3,0,17,13,217,194,120,172,194,20,0,182,90,2
6401,900,3,1,3,2,1,2,1,3,0,17,13,199,194,30,169,189,10,0,182,117,2
6402,900,3,1,3,2,1,2,1,3,0,17,13,253,194,60,176,210,30,0,182,72,3
6403,900,3,1,3,2,1,2,1,3,0,17,13,199,162,30,172,184,20,0,112,72,3
6404,900,3,1,3,2,1,2,1,3,0,17,13,253,146,60,172,155,20,0,140,117,2
6405,900,3,1,3,2,1,2,1,3,0,17,13,217,146,120,169,169,10,0,140,72,2
6406,900,3,1,3,2,1,2,1,3,0,17,13,199,194,120,176,210,10,0,112,90,3
6407,900,3,1,3,2,1,2,1,3,0,17,13,199,146,30,176,162,30,0,140,90,3
6408,900,3,1,3,2,1,2,1,3,0,17,13,253,162,60,169,169,10,0,112,90,3
6409,901,3,1,3,2,1,2,1,3,0,22,1,227,189,30,93,218,10,0,180,108,3
6410,901,3,1,3,2,1,2,1,3,0,22,1,227,189,120,85,266,10,0,234,175,2
6411,901,3,1,3,2,1,2,1,3,0,22,1,227,170,30,79,245,20,0,234,135,2
6412,901,3,1,3,2,1,2,1,3,0,22,1,176,170,60,79,245,30,0,144,175,3
6413,901,3,1,3,2,1,2,1,3,0,22,1,193,189,30,79,225,30,0,234,108,2
6414,901,3,1,3,2,1,2,1,3,0,22,1,193,170,30,85,198,10,0,144,135,3
6415,901,3,1,3,2,1,2,1,3,0,22,1,193,227,60,79,245,20,0,144,108,3
6416,901,3,1,3,2,1,2,1,3,0,22,1,227,227,30,85,266,30,0,144,175,3
6417,901,3,1,3,2,1,2,1,3,0,22,1,193,189,60,85,266,30,0,180,135,3
6418,902,3,1,3,2,1,3,0,2,0,22,18,433,329,120,325,357,20,0,377,175,3
6419,902,3,1,3,2,1,3,0,2,0,22,18,394,329,30,319,349,10,0,377,227,3
6420,902,3,1,3,2,1,3,0,2,0,22,18,511,329,60,333,402,30,0,377,140,3
6421,902,3,1,3,2,1,3,0,2,0,22,18,394,274,30,325,349,20,0,232,140,3
6422,902,3,1,3,2,1,3,0,2,0,22,18,511,247,60,325,274,20,0,290,227,2
6423,902,3,1,3,2,1,3,0,2,0,22,18,433,247,120,319,322,10,0,290,140,3
6424,902,3,1,3,2,1,3,0,2,0,22,18,394,329,120,333,402,10,0,232,175,3
6425,902,3,1,3,2,1,3,0,2,0,22,18,394,247,30,333,281,30,0,290,175,3
6426,902,3,1,3,2,1,3,0,2,0,22,18,511,274,60,319,310,10,0,232,175,3
6427,903,3,1,3,2,1,3,1,2,0,1,25,321,225,30,155,254,10,0,240,116,3
6428,903,3,1,3,2,1,3,1,2,0,1,25,321,225,120,145,310,10,0,312,188,3
6429,903,3,1,3,2,1,3,1,2,0,1,25,321,202,30,137,281,20,0,312,145,3
6430,903,3,1,3,2,1,3,1,2,0,1,25,250,202,60,137,281,30,0,192,188,3
6431,903,3,1,3,2,1,3,1,2,0,1,25,274,225,30,137,274,30,0,312,116,3
6432,903,3,1,3,2,1,3,1,2,0,1,25,274,202,30,145,237,10,0,192,145,3
6433,903,3,1,3,2,1,3,1,2,0,1,25,274,270,60,137,293,20,0,192,116,3
6434,903,3,1,3,2,1,3,1,2,0,1,25,321,270,30,145,310,30,0,192,188,3
6435,903,3,1,3,2,1,3,1,2,0,1,25,274,225,60,145,310,30,0,240,145,3
6436,904,3,1,3,2,1,3,1,3,0,1,22,164,211,120,56,237,20,0,221,140,2
6437,904,3,1,3,2,1,3,1,3,0,1,22,150,211,30,50,225,10,0,221,182,2
6438,904,3,1,3,2,1,3,1,3,0,1,22,193,211,60,64,281,30,0,221,112,3
6439,904,3,1,3,2,1,3,1,3,0,1,22,150,176,30,56,245,20,0,136,112,3
6440,904,3,1,3,2,1,3,1,3,0,1,22,193,158,60,56,181,20,0,170,182,2
6441,904,3,1,3,2,1,3,1,3,0,1,22,164,158,120,50,225,10,0,170,112,2
6442,904,3,1,3,2,1,3,1,3,0,1,22,150,211,120,64,281,10,0,136,140,3
6443,904,3,1,3,2,1,3,1,3,0,1,22,150,158,30,64,194,30,0,170,140,2
6444,904,3,1,3,2,1,3,1,3,0,1,22,193,176,60,50,210,10,0,136,140,2
6445,905,3,1,3,2,1,3,1,3,0,1,25,273,210,30,110,237,10,0,220,120,2
6446,905,3,1,3,2,1,3,1,3,0,1,25,273,210,120,100,301,10,0,286,195,2
6447,905,3,1,3,2,1,3,1,3,0,1,25,273,189,30,92,274,20,0,286,150,2
6448,905,3,1,3,2,1,3,1,3,0,1,25,207,189,60,92,274,30,0,176,195,2
6449,905,3,1,3,2,1,3,1,3,0,1,25,229,210,30,92,254,30,0,286,120,2
6450,905,3,1,3,2,1,3,1,3,0,1,25,229,189,30,100,225,10,0,176,150,2
6451,905,3,1,3,2,1,3,1,3,0,1,25,229,252,60,92,274,20,0,176,120,3
6452,905,3,1,3,2,1,3,1,3,0,1,25,273,252,30,100,293,30,0,176,195,2
6453,905,3,1,3,2,1,3,1,3,0,1,25,229,210,60,100,301,30,0,220,150,2
6454,906,3,1,3,2,1,3,1,3,0,1,25,226,252,120,97,293,20,0,273,150,3
6455,906,3,1,3,2,1,3,1,3,0,1,25,204,252,30,89,274,10,0,273,195,3
6456,906,3,1,3,2,1,3,1,3,0,1,25,269,252,60,107,349,30,0,273,120,3
6457,906,3,1,3,2,1,3,1,3,0,1,25,204,210,30,97,301,20,0,168,120,3
6458,906,3,1,3,2,1,3,1,3,0,1,25,269,189,60,97,225,20,0,210,195,3
6459,906,3,1,3,2,1,3,1,3,0,1,25,226,189,120,89,274,10,0,210,120,3
6460,906,3,1,3,2,1,3,1,3,0,1,25,204,252,120,107,349,10,0,168,150,3
6461,906,3,1,3,2,1,3,1,3,0,1,25,204,189,30,107,237,30,0,210,150,3
6462,906,3,1,3,2,1,3,1,3,0,1,25,269,210,60,89,254,10,0,168,150,3
6463,907,3,1,3,2,1,3,1,3,0,1,25,246,262,120,117,301,20,0,286,160,2
6464,907,3,1,3,2,1,3,1,3,0,1,25,224,262,30,109,281,10,0,286,208,2
6465,907,3,1,3,2,1,3,1,3,0,1,25,291,262,60,127,349,30,0,286,128,3
6466,907,3,1,3,2,1,3,1,3,0,1,25,224,218,30,117,301,20,0,176,128,3
6467,907,3,1,3,2,1,3,1,3,0,1,25,291,196,60,117,225,20,0,220,208,2
6468,907,3,1,3,2,1,3,1,3,0,1,25,246,196,120,109,274,10,0,220,128,2
6469,907,3,1,3,2,1,3,1,3,0,1,25,224,262,120,127,349,10,0,176,160,3
6470,907,3,1,3,2,1,3,1,3,0,1,25,224,196,30,127,237,30,0,220,160,3
6471,907,3,1,3,2,1,3,1,3,0,1,25,291,218,60,109,254,10,0,176,160,2
6472,908,3,1,3,2,1,3,1,3,0,2,17,217,211,120,104,245,20,0,208,105,3
6473,908,3,1,3,2,1,3,1,3,0,2,17,200,211,30,98,225,10,0,208,136,3
6474,908,3,1,3,2,1,3,1,3,0,2,17,252,211,60,112,281,30,0,208,84,3
6475,908,3,1,3,2,1,3,1,3,0,2,17,200,176,30,104,245,20,0,128,84,3
6476,908,3,1,3,2,1,3,1,3,0,2,17,252,158,60,104,184,20,0,160,136,2
6477,908,3,1,3,2,1,3,1,3,0,2,17,217,158,120,98,225,10,0,160,84,3
6478,908,3,1,3,2,1,3,1,3,0,2,17,200,211,120,112,281,10,0,128,105,3
6479,908,3,1,3,2,1,3,1,3,0,2,17,200,158,30,112,194,30,0,160,105,2
6480,908,3,1,3,2,1,3,1,3,0,2,17,252,176,60,98,210,10,0,128,105,2
6481,909,3,1,3,2,1,3,1,3,0,2,17,157,163,120,104,167,20,0,182,105,2
6482,909,3,1,3,2,1,3,1,3,0,2,17,142,163,30,101,162,10,0,182,136,2
6483,909,3,1,3,2,1,3,1,3,0,2,17,186,163,60,108,181,30,0,182,84,2
6484,909,3,1,3,2,1,3,1,3,0,2,17,142,136,30,104,162,20,0,112,84,3
6485,909,3,1,3,2,1,3,1,3,0,2,17,186,122,60,104,136,20,0,140,136,2
6486,909,3,1,3,2,1,3,1,3,0,2,17,157,122,120,101,153,10,0,140,84,3
6487,909,3,1,3,2,1,3,1,3,0,2,17,142,163,120,108,181,10,0,112,105,3
6488,909,3,1,3,2,1,3,1,3,0,2,17,142,122,30,108,136,30,0,140,105,2
6489,909,3,1,3,2,1,3,1,3,0,2,17,186,136,60,101,147,10,0,112,105,2
6490,910,3,1,3,2,1,3,1,3,0,2,17,220,176,30,80,194,10,0,150,88,3
6491,910,3,1,3,2,1,3,1,3,0,2,17,220,176,120,72,245,10,0,195,143,3
6492,910,3,1,3,2,1,3,1,3,0,2,17,220,158,30,66,225,20,0,195,110,3
6493,910,3,1,3,2,1,3,1,3,0,2,17,167,158,60,66,225,30,0,120,143,3
6494,910,3,1,3,2,1,3,1,3,0,2,17,185,176,30,66,210,30,0,195,88,3
6495,910,3,1,3,2,1,3,1,3,0,2,17,185,158,30,72,184,10,0,120,110,3
6496,910,3,1,3,2,1,3,1,3,0,2,17,185,211,60,66,225,20,0,120,88,3
6497,910,3,1,3,2,1,3,1,3,0,2,17,220,211,30,72,237,30,0,120,143,3
6498,910,3,1,3,2,1,3,1,3,0,2,17,185,176,60,72,245,30,0,150,110,3
6499,911,3,1,3,2,1,3,1,3,0,17,1,92,89,120,39,111,20,0,78,30,3
6500,911,3,1,3,2,1,3,1,3,0,17,1,85,89,30,36,106,10,0,78,39,3
6501,911,3,1,3,2,1,3,1,3,0,17,1,106,89,60,43,136,30,0,78,24,3
6502,911,3,1,3,2,1,3,1,3,0,17,1,85,74,30,39,116,20,0,48,24,3
6503,911,3,1,3,2,1,3,1,3,0,17,1,106,67,60,39,82,20,0,60,39,3
6504,911,3,1,3,2,1,3,1,3,0,17,1,92,67,120,36,106,10,0,60,24,3
6505,911,3,1,3,2,1,3,1,3,0,17,1,85,89,120,43,136,10,0,48,30,3
6506,911,3,1,3,2,1,3,1,3,0,17,1,85,67,30,43,89,30,0,60,30,3
6507,911,3,1,3,2,1,3,1,3,0,17,1,106,74,60,36,97,10,0,48,30,3
6508,912,3,1,3,2,1,3,1,3,0,17,22,327,270,120,101,293,30,0,230,155,2
6509,912,3,1,3,2,1,3,1,3,0,17,22,250,202,120,110,237,30,0,299,124,2
6510,912,3,1,3,2,1,3,1,3,0,17,22,327,202,120,122,254,20,0,184,124,3
6511,912,3,1,3,2,1,3,1,3,0,17,22,276,202,60,122,254,10,0,299,201,2
6512,912,3,1,3,2,1,3,1,3,0,17,22,276,225,120,122,254,30,0,184,201,3
6513,912,3,1,3,2,1,3,1,3,0,17,22,250,225,60,122,254,20,0,299,155,2
6514,912,3,1,3,2,1,3,1,3,0,17,22,250,270,60,110,310,10,0,230,124,2
6515,912,3,1,3,2,1,3,1,3,0,17,22,250,225,120,101,274,20,0,230,201,2
6516,912,3,1,3,2,1,3,1,3,0,17,22,276,270,30,122,366,20,0,230,201,2
6517,913,3,1,3,2,1,3,1,3,0,19,25,261,217,120,140,225,30,0,190,155,3
6518,913,3,1,3,2,1,3,1,3,0,19,25,201,163,120,145,181,30,0,247,124,2
6519,913,3,1,3,2,1,3,1,3,0,19,25,261,163,120,151,189,20,0,152,124,3
6520,913,3,1,3,2,1,3,1,3,0,19,25,221,163,60,151,189,10,0,247,201,2
6521,913,3,1,3,2,1,3,1,3,0,19,25,221,181,120,151,194,30,0,152,201,3
6522,913,3,1,3,2,1,3,1,3,0,19,25,201,181,60,151,194,20,0,247,155,2
6523,913,3,1,3,2,1,3,1,3,0,19,25,201,217,60,145,237,10,0,190,124,3
6524,913,3,1,3,2,1,3,1,3,0,19,25,201,181,120,140,210,20,0,190,201,2
6525,913,3,1,3,2,1,3,1,3,0,19,25,221,217,30,151,266,20,0,190,201,3
6526,914,3,1,3,2,1,4,1,2,0,1,22,221,184,30,86,210,10,0,230,96,3
6527,914,3,1,3,2,1,4,1,2,0,1,22,221,184,120,78,254,10,0,299,156,2
6528,914,3,1,3,2,1,4,1,2,0,1,22,221,166,30,72,237,20,0,299,120,2
6529,914,3,1,3,2,1,4,1,2,0,1,22,168,166,60,72,237,30,0,184,156,2
6530,914,3,1,3,2,1,4,1,2,0,1,22,186,184,30,72,218,30,0,299,96,2
6531,914,3,1,3,2,1,4,1,2,0,1,22,186,166,30,78,189,10,0,184,120,2
6532,914,3,1,3,2,1,4,1,2,0,1,22,186,221,60,72,237,20,0,184,96,3
6533,914,3,1,3,2,1,4,1,2,0,1,22,221,221,30,78,254,30,0,184,156,2
6534,914,3,1,3,2,1,4,1,2,0,1,22,186,184,60,78,254,30,0,230,120,2
6535,915,3,1,3,2,1,4,1,3,0,1,22,204,233,120,100,266,20,0,221,110,3
6536,915,3,1,3,2,1,4,1,3,0,1,22,184,233,30,94,245,10,0,221,143,3
6537,915,3,1,3,2,1,4,1,3,0,1,22,245,233,60,108,301,30,0,221,88,3
6538,915,3,1,3,2,1,4,1,3,0,1,22,184,194,30,100,266,20,0,136,88,3
6539,915,3,1,3,2,1,4,1,3,0,1,22,245,175,60,100,198,20,0,170,143,3
6540,915,3,1,3,2,1,4,1,3,0,1,22,204,175,120,94,245,10,0,170,88,3
6541,915,3,1,3,2,1,4,1,3,0,1,22,184,233,120,108,301,10,0,136,110,3
6542,915,3,1,3,2,1,4,1,3,0,1,22,184,175,30,108,210,30,0,170,110,3
6543,915,3,1,3,2,1,4,1,3,0,1,22,245,194,60,94,225,10,0,136,110,3
6544,916,3,1,3,2,1,4,1,3,0,1,22,257,184,30,169,198,10,0,180,84,3
6545,916,3,1,3,2,1,4,1,3,0,1,22,257,184,120,165,225,10,0,234,136,3
6546,916,3,1,3,2,1,4,1,3,0,1,22,257,166,30,162,210,20,0,234,105,3
6547,916,3,1,3,2,1,4,1,3,0,1,22,201,166,60,162,210,30,0,144,136,3
6548,916,3,1,3,2,1,4,1,3,0,1,22,220,184,30,162,210,30,0,234,84,3
6549,916,3,1,3,2,1,4,1,3,0,1,22,220,166,30,165,184,10,0,144,105,3
6550,916,3,1,3,2,1,4,1,3,0,1,22,220,221,60,162,225,20,0,144,84,3
6551,916,3,1,3,2,1,4,1,3,0,1,22,257,221,30,165,237,30,0,144,136,3
6552,916,3,1,3,2,1,4,1,3,0,1,22,220,184,60,165,225,30,0,180,105,3
6553,917,3,1,3,2,1,4,1,3,0,15,25,353,294,120,97,330,30,0,250,160,3
6554,917,3,1,3,2,1,4,1,3,0,15,25,267,220,120,108,266,30,0,325,128,2
6555,917,3,1,3,2,1,4,1,3,0,15,25,353,220,120,122,281,20,0,200,128,3
6556,917,3,1,3,2,1,4,1,3,0,15,25,296,220,60,122,281,10,0,325,208,2
6557,917,3,1,3,2,1,4,1,3,0,15,25,296,245,120,122,281,30,0,200,208,3
6558,917,3,1,3,2,1,4,1,3,0,15,25,267,245,60,122,281,20,0,325,160,2
6559,917,3,1,3,2,1,4,1,3,0,15,25,267,294,60,108,349,10,0,250,128,3
6560,917,3,1,3,2,1,4,1,3,0,15,25,267,245,120,97,301,20,0,250,208,2
6561,917,3,1,3,2,1,4,1,3,0,15,25,296,294,30,122,414,20,0,250,208,3
6562,918,3,1,3,2,1,4,1,3,0,22,1,217,200,120,143,210,30,0,180,115,3
6563,918,3,1,3,2,1,4,1,3,0,22,1,175,150,120,146,167,30,0,234,92,1
6564,918,3,1,3,2,1,4,1,3,0,22,1,217,150,120,150,176,20,0,144,92,3
6565,918,3,1,3,2,1,4,1,3,0,22,1,189,150,60,150,176,10,0,234,149,2
6566,918,3,1,3,2,1,4,1,3,0,22,1,189,167,120,150,181,30,0,144,149,3
6567,918,3,1,3,2,1,4,1,3,0,22,1,175,167,60,150,181,20,0,234,115,2
6568,918,3,1,3,2,1,4,1,3,0,22,1,175,200,60,146,218,10,0,180,92,3
6569,918,3,1,3,2,1,4,1,3,0,22,1,175,167,120,143,184,20,0,180,149,2
6570,918,3,1,3,2,1,4,1,3,0,22,1,189,200,30,150,237,20,0,180,149,3
6571,919,3,1,3,2,1,4,1,3,0,22,17,295,284,120,128,322,20,0,325,160,3
6572,919,3,1,3,2,1,4,1,3,0,22,17,267,284,30,119,310,10,0,325,208,3
6573,919,3,1,3,2,1,4,1,3,0,22,17,351,284,60,140,374,30,0,325,128,3
6574,919,3,1,3,2,1,4,1,3,0,22,17,267,237,30,128,330,20,0,200,128,3
6575,919,3,1,3,2,1,4,1,3,0,22,17,351,213,60,128,245,20,0,250,208,2
6576,919,3,1,3,2,1,4,1,3,0,22,17,295,213,120,119,301,10,0,250,128,2
6577,919,3,1,3,2,1,4,1,3,0,22,17,267,284,120,140,374,10,0,200,160,3
6578,919,3,1,3,2,1,4,1,3,0,22,17,267,213,30,140,266,30,0,250,160,3
6579,919,3,1,3,2,1,4,1,3,0,22,17,351,237,60,119,281,10,0,200,160,3
6580,920,3,1,3,2,1,4,1,3,0,22,17,300,225,30,157,245,10,0,240,112,2
6581,920,3,1,3,2,1,4,1,3,0,22,17,300,225,120,149,293,10,0,312,182,2
6582,920,3,1,3,2,1,4,1,3,0,22,17,300,202,30,143,274,20,0,312,140,2
6583,920,3,1,3,2,1,4,1,3,0,22,17,228,202,60,143,274,30,0,192,182,3
6584,920,3,1,3,2,1,4,1,3,0,22,17,252,225,30,143,266,30,0,312,112,2
6585,920,3,1,3,2,1,4,1,3,0,22,17,252,202,30,149,225,10,0,192,140,3
6586,920,3,1,3,2,1,4,1,3,0,22,17,252,270,60,143,281,20,0,192,112,3
6587,920,3,1,3,2,1,4,1,3,0,22,17,300,270,30,149,301,30,0,192,182,3
6588,920,3,1,3,2,1,4,1,3,0,22,17,252,225,60,149,293,30,0,240,140,2
6589,921,3,1,3,2,1,3,1,2,0,22,1,193,176,30,64,194,10,0,170,100,2
6590,921,3,1,3,2,1,3,1,2,0,22,1,193,176,120,56,245,10,0,221,162,1
6591,921,3,1,3,2,1,3,1,2,0,22,1,193,158,30,50,225,20,0,221,125,2
6592,921,3,1,3,2,1,3,1,2,0,22,1,150,158,60,50,225,30,0,136,162,2
6593,921,3,1,3,2,1,3,1,2,0,22,1,164,176,30,50,210,30,0,221,100,2
6594,921,3,1,3,2,1,3,1,2,0,22,1,164,158,30,56,181,10,0,136,125,2
6595,921,3,1,3,2,1,3,1,2,0,22,1,164,211,60,50,225,20,0,136,100,3
6596,921,3,1,3,2,1,3,1,2,0,22,1,193,211,30,56,237,30,0,136,162,2
6597,921,3,1,3,2,1,3,1,2,0,22,1,164,176,60,56,245,30,0,170,125,1
6598,922,3,1,3,2,1,3,1,3,0,1,22,193,211,120,50,225,30,0,170,95,2
6599,922,3,1,3,2,1,3,1,3,0,1,22,150,158,120,56,181,30,0,221,76,2
6600,922,3,1,3,2,1,3,1,3,0,1,22,193,158,120,64,194,20,0,136,76,2
6601,922,3,1,3,2,1,3,1,3,0,1,22,164,158,60,64,194,10,0,221,123,2
6602,922,3,1,3,2,1,3,1,3,0,1,22,164,176,120,64,194,30,0,136,123,2
6603,922,3,1,3,2,1,3,1,3,0,1,22,150,176,60,64,194,20,0,221,95,2
6604,922,3,1,3,2,1,3,1,3,0,1,22,150,211,60,56,237,10,0,170,76,2
6605,922,3,1,3,2,1,3,1,3,0,1,22,150,176,120,50,210,20,0,170,123,2
6606,922,3,1,3,2,1,3,1,3,0,1,22,164,211,30,64,281,20,0,170,123,2
6607,923,3,1,3,2,1,3,1,3,0,2,1,190,184,120,100,189,30,0,100,65,3
6608,923,3,1,3,2,1,3,1,3,0,2,1,142,138,120,103,155,30,0,130,52,3
6609,923,3,1,3,2,1,3,1,3,0,2,1,190,138,120,107,162,20,0,80,52,3
6610,923,3,1,3,2,1,3,1,3,0,2,1,158,138,60,107,162,10,0,130,84,3
6611,923,3,1,3,2,1,3,1,3,0,2,1,158,153,120,107,167,30,0,80,84,3
6612,923,3,1,3,2,1,3,1,3,0,2,1,142,153,60,107,167,20,0,130,65,3
6613,923,3,1,3,2,1,3,1,3,0,2,1,142,184,60,103,194,10,0,100,52,3
6614,923,3,1,3,2,1,3,1,3,0,2,1,142,153,120,100,169,20,0,100,84,3
6615,923,3,1,3,2,1,3,1,3,0,2,1,158,184,30,107,218,20,0,100,84,3
6616,924,3,1,3,2,1,3,1,3,0,22,17,262,270,120,95,322,20,0,312,170,3
6617,924,3,1,3,2,1,3,1,3,0,22,17,237,270,30,86,301,10,0,312,221,2
6618,924,3,1,3,2,1,3,1,3,0,22,17,312,270,60,107,366,30,0,312,136,3
6619,924,3,1,3,2,1,3,1,3,0,22,17,237,225,30,95,322,20,0,192,136,3
6620,924,3,1,3,2,1,3,1,3,0,22,17,312,202,60,95,237,20,0,240,221,2
6621,924,3,1,3,2,1,3,1,3,0,22,17,262,202,120,86,293,10,0,240,136,3
6622,924,3,1,3,2,1,3,1,3,0,22,17,237,270,120,107,366,10,0,192,170,3
6623,924,3,1,3,2,1,3,1,3,0,22,17,237,202,30,107,254,30,0,240,170,3
6624,924,3,1,3,2,1,3,1,3,0,22,17,312,225,60,86,274,10,0,192,170,2
6625,925,3,1,3,2,1,4,1,2,0,20,10,225,169,30,159,184,10,0,150,68,3
6626,925,3,1,3,2,1,4,1,2,0,20,10,225,169,120,155,218,10,0,195,110,3
6627,925,3,1,3,2,1,4,1,2,0,20,10,225,152,30,152,198,20,0,195,85,3
6628,925,3,1,3,2,1,4,1,2,0,20,10,181,152,60,152,198,30,0,120,110,3
6629,925,3,1,3,2,1,4,1,2,0,20,10,196,169,30,152,194,30,0,195,68,3
6630,925,3,1,3,2,1,4,1,2,0,20,10,196,152,30,155,169,10,0,120,85,3
6631,925,3,1,3,2,1,4,1,2,0,20,10,196,203,60,152,210,20,0,120,68,3
6632,925,3,1,3,2,1,4,1,2,0,20,10,225,203,30,155,218,30,0,120,110,3
6633,925,3,1,3,2,1,4,1,2,0,20,10,196,169,60,155,218,30,0,150,85,3
6634,926,3,1,3,3,0,3,1,2,0,17,2,205,200,120,55,218,30,0,180,110,3
6635,926,3,1,3,3,0,3,1,2,0,17,2,159,150,120,61,176,30,0,234,88,2
6636,926,3,1,3,3,0,3,1,2,0,17,2,205,150,120,69,184,20,0,144,88,2
6637,926,3,1,3,3,0,3,1,2,0,17,2,174,150,60,69,184,10,0,234,143,2
6638,926,3,1,3,3,0,3,1,2,0,17,2,174,167,120,69,189,30,0,144,143,2
6639,926,3,1,3,3,0,3,1,2,0,17,2,159,167,60,69,189,20,0,234,110,2
6640,926,3,1,3,3,0,3,1,2,0,17,2,159,200,60,61,225,10,0,180,88,3
6641,926,3,1,3,3,0,3,1,2,0,17,2,159,167,120,55,198,20,0,180,143,2
6642,926,3,1,3,3,0,3,1,2,0,17,2,174,200,30,69,274,20,0,180,143,3
6643,927,3,1,3,3,0,3,1,3,0,1,2,106,119,30,41,142,10,0,90,48,2
6644,927,3,1,3,3,0,3,1,3,0,1,2,106,119,120,37,167,10,0,117,78,2
6645,927,3,1,3,3,0,3,1,3,0,1,2,106,107,30,34,155,20,0,117,60,2
6646,927,3,1,3,3,0,3,1,3,0,1,2,85,107,60,34,155,30,0,72,78,3
6647,927,3,1,3,3,0,3,1,3,0,1,2,92,119,30,34,147,30,0,117,48,2
6648,927,3,1,3,3,0,3,1,3,0,1,2,92,107,30,37,130,10,0,72,60,3
6649,927,3,1,3,3,0,3,1,3,0,1,2,92,143,60,34,155,20,0,72,48,3
6650,927,3,1,3,3,0,3,1,3,0,1,2,106,143,30,37,167,30,0,72,78,3
6651,927,3,1,3,3,0,3,1,3,0,1,2,92,119,60,37,167,30,0,90,60,2
6652,928,3,1,3,3,0,3,1,3,0,2,17,216,170,120,130,167,30,0,140,80,3
6653,928,3,1,3,3,0,3,1,3,0,2,17,171,128,120,133,136,30,0,182,64,2
6654,928,3,1,3,3,0,3,1,3,0,2,17,216,128,120,137,142,20,0,112,64,3
6655,928,3,1,3,3,0,3,1,3,0,2,17,186,128,60,137,142,10,0,182,104,2
6656,928,3,1,3,3,0,3,1,3,0,2,17,186,142,120,137,147,30,0,112,104,3
6657,928,3,1,3,3,0,3,1,3,0,2,17,171,142,60,137,147,20,0,182,80,3
6658,928,3,1,3,3,0,3,1,3,0,2,17,171,170,60,133,169,10,0,140,64,3
6659,928,3,1,3,3,0,3,1,3,0,2,17,171,142,120,130,153,20,0,140,104,3
6660,928,3,1,3,3,0,3,1,3,0,2,17,186,170,30,137,184,20,0,140,104,3
6661,929,3,1,3,3,0,3,1,3,0,22,1,193,176,30,64,194,10,0,170,84,2
6662,929,3,1,3,3,0,3,1,3,0,22,1,193,176,120,56,245,10,0,221,136,2
6663,929,3,1,3,3,0,3,1,3,0,22,1,193,158,30,50,225,20,0,221,105,2
6664,929,3,1,3,3,0,3,1,3,0,22,1,150,158,60,50,225,30,0,136,136,2
6665,929,3,1,3,3,0,3,1,3,0,22,1,164,176,30,50,210,30,0,221,84,2
6666,929,3,1,3,3,0,3,1,3,0,22,1,164,158,30,56,181,10,0,136,105,2
6667,929,3,1,3,3,0,3,1,3,0,22,1,164,211,60,50,225,20,0,136,84,2
6668,929,3,1,3,3,0,3,1,3,0,22,1,193,211,30,56,237,30,0,136,136,2
6669,929,3,1,3,3,0,3,1,3,0,22,1,164,176,60,56,245,30,0,170,105,2
6670,930,3,1,3,3,0,4,1,3,0,1,22,250,210,30,111,225,10,0,200,112,3
6671,930,3,1,3,3,0,4,1,3,0,1,22,250,210,120,103,274,10,0,260,182,2
6672,930,3,1,3,3,0,4,1,3,0,1,22,250,189,30,97,254,20,0,260,140,2
6673,930,3,1,3,3,0,4,1,3,0,1,22,191,189,60,97,254,30,0,160,182,3
6674,930,3,1,3,3,0,4,1,3,0,1,22,211,210,30,97,237,30,0,260,112,2
6675,930,3,1,3,3,0,4,1,3,0,1,22,211,189,30,103,210,10,0,160,140,3
6676,930,3,1,3,3,0,4,1,3,0,1,22,211,252,60,97,266,20,0,160,112,3
6677,930,3,1,3,3,0,4,1,3,0,1,22,250,252,30,103,274,30,0,160,182,3
6678,930,3,1,3,3,0,4,1,3,0,1,22,211,210,60,103,274,30,0,200,140,2
6679,931,3,1,3,3,1,2,1,2,0,1,2,106,119,30,41,142,10,0,90,40,3
6680,931,3,1,3,3,1,2,1,2,0,1,2,106,119,120,37,167,10,0,117,65,2
6681,931,3,1,3,3,1,2,1,2,0,1,2,106,107,30,34,155,20,0,117,50,3
6682,931,3,1,3,3,1,2,1,2,0,1,2,85,107,60,34,155,30,0,72,65,3
6683,931,3,1,3,3,1,2,1,2,0,1,2,92,119,30,34,147,30,0,117,40,3
6684,931,3,1,3,3,1,2,1,2,0,1,2,92,107,30,37,130,10,0,72,50,2
6685,931,3,1,3,3,1,2,1,2,0,1,2,92,143,60,34,155,20,0,72,40,3
6686,931,3,1,3,3,1,2,1,2,0,1,2,106,143,30,37,167,30,0,72,65,3
6687,931,3,1,3,3,1,2,1,2,0,1,2,92,119,60,37,167,30,0,90,50,3
6688,932,3,1,3,3,1,3,0,2,0,22,1,234,184,30,99,210,10,0,160,72,3
6689,932,3,1,3,3,1,3,0,2,0,22,1,234,184,120,91,254,10,0,208,117,2
6690,932,3,1,3,3,1,3,0,2,0,22,1,234,166,30,85,237,20,0,208,90,2
6691,932,3,1,3,3,1,3,0,2,0,22,1,175,166,60,85,237,30,0,128,117,3
6692,932,3,1,3,3,1,3,0,2,0,22,1,195,184,30,85,218,30,0,208,72,2
6693,932,3,1,3,3,1,3,0,2,0,22,1,195,166,30,91,194,10,0,128,90,3
6694,932,3,1,3,3,1,3,0,2,0,22,1,195,221,60,85,237,20,0,128,72,3
6695,932,3,1,3,3,1,3,0,2,0,22,1,234,221,30,91,254,30,0,128,117,3
6696,932,3,1,3,3,1,3,0,2,0,22,1,195,184,60,91,254,30,0,160,90,3
6697,933,3,1,3,3,1,3,1,3,0,2,1,133,170,120,84,181,20,0,130,50,2
6698,933,3,1,3,3,1,3,1,3,0,2,1,121,170,30,81,169,10,0,130,65,2
6699,933,3,1,3,3,1,3,1,3,0,2,1,156,170,60,88,210,30,0,130,40,2
6700,933,3,1,3,3,1,3,1,3,0,2,1,121,142,30,84,181,20,0,80,40,3
6701,933,3,1,3,3,1,3,1,3,0,2,1,156,128,60,84,147,20,0,100,65,2
6702,933,3,1,3,3,1,3,1,3,0,2,1,133,128,120,81,169,10,0,100,40,2
6703,933,3,1,3,3,1,3,1,3,0,2,1,121,170,120,88,210,10,0,80,50,3
6704,933,3,1,3,3,1,3,1,3,0,2,1,121,128,30,88,153,30,0,100,50,2
6705,933,3,1,3,3,1,3,1,3,0,2,1,156,142,60,81,162,10,0,80,50,3
6706,934,3,1,3,3,1,2,1,3,0,2,1,118,156,120,63,176,20,0,156,70,3
6707,934,3,1,3,3,1,2,1,3,0,2,1,107,156,30,60,167,10,0,156,91,2
6708,934,3,1,3,3,1,2,1,3,0,2,1,140,156,60,67,198,30,0,156,56,3
6709,934,3,1,3,3,1,2,1,3,0,2,1,107,130,30,63,176,20,0,96,56,3
6710,934,3,1,3,3,1,2,1,3,0,2,1,140,117,60,63,136,20,0,120,91,2
6711,934,3,1,3,3,1,2,1,3,0,2,1,118,117,120,60,162,10,0,120,56,3
6712,934,3,1,3,3,1,2,1,3,0,2,1,107,156,120,67,198,10,0,96,70,3
6713,934,3,1,3,3,1,2,1,3,0,2,1,107,117,30,67,142,30,0,120,70,2
6714,934,3,1,3,3,1,2,1,3,0,2,1,140,130,60,60,153,10,0,96,70,3
6715,935,3,1,3,3,1,3,1,2,0,21,22,406,329,120,226,337,30,0,250,140,3
6716,935,3,1,3,3,1,3,1,2,0,21,22,307,247,120,232,274,30,0,325,112,2
6717,935,3,1,3,3,1,3,1,2,0,21,22,406,247,120,240,281,20,0,200,112,3
6718,935,3,1,3,3,1,3,1,2,0,21,22,340,247,60,240,281,10,0,325,182,2
6719,935,3,1,3,3,1,3,1,2,0,21,22,340,274,120,240,293,30,0,200,182,2
6720,935,3,1,3,3,1,3,1,2,0,21,22,307,274,60,240,293,20,0,325,140,2
6721,935,3,1,3,3,1,3,1,2,0,21,22,307,329,60,232,349,10,0,250,112,3
6722,935,3,1,3,3,1,3,1,2,0,21,22,307,274,120,226,301,20,0,250,182,3
6723,935,3,1,3,3,1,3,1,2,0,21,22,340,329,30,240,393,20,0,250,182,3
6724,936,3,1,3,3,1,5,1,2,0,1,10,182,155,30,124,167,10,0,130,76,2
6725,936,3,1,3,3,1,5,1,2,0,1,10,182,155,120,120,194,10,0,169,123,2
6726,936,3,1,3,3,1,5,1,2,0,1,10,182,139,30,117,181,20,0,169,95,3
6727,936,3,1,3,3,1,5,1,2,0,1,10,153,139,60,117,181,30,0,104,123,3
6728,936,3,1,3,3,1,5,1,2,0,1,10,163,155,30,117,176,30,0,169,76,3
6729,936,3,1,3,3,1,5,1,2,0,1,10,163,139,30,120,155,10,0,104,95,2
6730,936,3,1,3,3,1,5,1,2,0,1,10,163,186,60,117,189,20,0,104,76,3
6731,936,3,1,3,3,1,5,1,2,0,1,10,182,186,30,120,198,30,0,104,123,3
6732,936,3,1,3,3,1,5,1,2,0,1,10,163,155,60,120,194,30,0,130,95,3
6733,937,3,1,6,1,0,4,1,3,0,1,25,236,23,120,63,23,30,0,190,115,2
6734,937,3,1,6,1,0,4,1,3,0,1,25,182,17,120,71,23,30,0,247,92,2
6735,937,3,1,6,1,0,4,1,3,0,1,25,236,17,120,81,25,20,0,152,92,3
6736,937,3,1,6,1,0,4,1,3,0,1,25,200,17,60,81,25,10,0,247,149,3
6737,937,3,1,6,1,0,4,1,3,0,1,25,200,19,120,81,23,30,0,152,149,2
6738,937,3,1,6,1,0,4,1,3,0,1,25,182,19,60,81,23,20,0,247,115,2
6739,937,3,1,6,1,0,4,1,3,0,1,25,182,23,60,71,25,10,0,190,92,3
6740,937,3,1,6,1,0,4,1,3,0,1,25,182,19,120,63,25,20,0,190,149,3
6741,937,3,1,6,1,0,4,1,3,0,1,25,200,23,30,81,31,20,0,190,149,3
6742,938,3,1,6,2,0,2,1,3,0,17,2,205,23,120,55,23,30,0,180,90,2
6743,938,3,1,6,2,0,2,1,3,0,17,2,159,17,120,61,23,30,0,234,72,2
6744,938,3,1,6,2,0,2,1,3,0,17,2,205,17,120,69,25,20,0,144,72,2
6745,938,3,1,6,2,0,2,1,3,0,17,2,174,17,60,69,25,10,0,234,117,2
6746,938,3,1,6,2,0,2,1,3,0,17,2,174,19,120,69,23,30,0,144,117,2
6747,938,3,1,6,2,0,2,1,3,0,17,2,159,19,60,69,23,20,0,234,90,2
6748,938,3,1,6,2,0,2,1,3,0,17,2,159,23,60,61,25,10,0,180,72,2
6749,938,3,1,6,2,0,2,1,3,0,17,2,159,19,120,55,25,20,0,180,117,2
6750,938,3,1,6,2,0,2,1,3,0,17,2,174,23,30,69,31,20,0,180,117,2
6751,939,3,1,7,3,1,5,1,2,0,1,2,128,13,30,57,16,10,0,100,64,1
6752,939,3,1,7,3,1,5,1,2,0,1,2,128,13,120,53,21,10,0,130,104,1
6753,939,3,1,7,3,1,5,1,2,0,1,2,128,12,30,50,21,20,0,130,80,1
6754,939,3,1,7,3,1,5,1,2,0,1,2,98,12,60,50,21,30,0,80,104,1
6755,939,3,1,7,3,1,5,1,2,0,1,2,108,13,30,50,17,30,0,130,64,1
6756,939,3,1,7,3,1,5,1,2,0,1,2,108,12,30,53,16,10,0,80,80,1
6757,939,3,1,7,3,1,5,1,2,0,1,2,108,16,60,50,16,20,0,80,64,1
6758,939,3,1,7,3,1,5,1,2,0,1,2,128,16,30,53,17,30,0,80,104,1
6759,939,3,1,7,3,1,5,1,2,0,1,2,108,13,60,53,21,30,0,100,80,1
6760,940,4,0,1,0,0,3,1,0,0,1,2,131,40,30,60,45,10,0,110,48,2
6761,940,4,0,1,0,0,3,1,0,0,1,2,131,40,120,56,53,10,0,143,78,2
6762,940,4,0,1,0,0,3,1,0,0,1,2,131,36,30,53,49,20,0,143,60,2
6763,940,4,0,1,0,0,3,1,0,0,1,2,101,36,60,53,49,30,0,88,78,2
6764,940,4,0,1,0,0,3,1,0,0,1,2,111,40,30,53,48,30,0,143,48,2
6765,940,4,0,1,0,0,3,1,0,0,1,2,111,36,30,56,42,10,0,88,60,2
6766,940,4,0,1,0,0,3,1,0,0,1,2,111,48,60,53,50,20,0,88,48,2
6767,940,4,0,1,0,0,3,1,0,0,1,2,131,48,30,56,53,30,0,88,78,2
6768,940,4,0,1,0,0,3,1,0,0,1,2,111,40,60,56,53,30,0,110,60,2
6769,941,4,0,1,0,0,4,1,0,0,17,2,199,52,120,112,53,30,0,100,55,3
6770,941,4,0,1,0,0,4,1,0,0,17,2,155,39,120,115,45,30,0,130,44,3
6771,941,4,0,1,0,0,4,1,0,0,17,2,199,39,120,119,46,20,0,80,44,3
6772,941,4,0,1,0,0,4,1,0,0,17,2,170,39,60,119,46,10,0,130,71,3
6773,941,4,0,1,0,0,4,1,0,0,17,2,170,43,120,119,48,30,0,80,71,3
6774,941,4,0,1,0,0,4,1,0,0,17,2,155,43,60,119,48,20,0,130,55,3
6775,941,4,0,1,0,0,4,1,0,0,17,2,155,52,60,115,56,10,0,100,44,3
6776,941,4,0,1,0,0,4,1,0,0,17,2,155,43,120,112,49,20,0,100,71,3
6777,941,4,0,1,0,0,4,1,0,0,17,2,170,52,30,119,64,20,0,100,71,3
6778,942,4,0,1,1,0,2,0,1,0,1,23,205,74,120,97,82,20,0,260,105,2
6779,942,4,0,1,1,0,2,0,1,0,1,23,185,74,30,91,78,10,0,260,136,2
6780,942,4,0,1,1,0,2,0,1,0,1,23,244,74,60,105,94,30,0,260,84,2
6781,942,4,0,1,1,0,2,0,1,0,1,23,185,62,30,97,82,20,0,160,84,2
6782,942,4,0,1,1,0,2,0,1,0,1,23,244,56,60,97,64,20,0,200,136,2
6783,942,4,0,1,1,0,2,0,1,0,1,23,205,56,120,91,74,10,0,200,84,2
6784,942,4,0,1,1,0,2,0,1,0,1,23,185,74,120,105,94,10,0,160,105,2
6785,942,4,0,1,1,0,2,0,1,0,1,23,185,56,30,105,66,30,0,200,105,2
6786,942,4,0,1,1,0,2,0,1,0,1,23,244,62,60,91,72,10,0,160,105,2
6787,943,4,0,1,1,0,2,0,2,0,9,2,114,50,120,59,54,20,0,130,50,2
6788,943,4,0,1,1,0,2,0,2,0,9,2,104,50,30,56,52,10,0,130,65,2
6789,943,4,0,1,1,0,2,0,2,0,9,2,135,50,60,63,62,30,0,130,40,3
6790,943,4,0,1,1,0,2,0,2,0,9,2,104,42,30,59,53,20,0,80,40,1
6791,943,4,0,1,1,0,2,0,2,0,9,2,135,38,60,59,43,20,0,100,65,2
6792,943,4,0,1,1,0,2,0,2,0,9,2,114,38,120,56,50,10,0,100,40,3
6793,943,4,0,1,1,0,2,0,2,0,9,2,104,50,120,63,62,10,0,80,50,2
6794,943,4,0,1,1,0,2,0,2,0,9,2,104,38,30,63,45,30,0,100,50,1
6795,943,4,0,1,1,0,2,0,2,0,9,2,135,42,60,56,48,10,0,80,50,2
6796,944,4,0,1,1,0,2,1,2,0,1,2,135,46,120,56,49,30,0,90,45,2
6797,944,4,0,1,1,0,2,1,2,0,1,2,104,34,120,59,40,30,0,117,36,2
6798,944,4,0,1,1,0,2,1,2,0,1,2,135,34,120,63,42,20,0,72,36,3
6799,944,4,0,1,1,0,2,1,2,0,1,2,114,34,60,63,42,10,0,117,58,2
6800,944,4,0,1,1,0,2,1,2,0,1,2,114,38,120,63,43,30,0,72,58,2
6801,944,4,0,1,1,0,2,1,2,0,1,2,104,38,60,63,43,20,0,117,45,2
6802,944,4,0,1,1,0,2,1,2,0,1,2,104,46,60,59,50,10,0,90,36,3
6803,944,4,0,1,1,0,2,1,2,0,1,2,104,38,120,56,45,20,0,90,58,2
6804,944,4,0,1,1,0,2,1,2,0,1,2,114,46,30,63,57,20,0,90,58,2
6805,945,4,0,1,1,0,2,1,2,0,1,22,191,64,120,83,72,20,0,221,90,2
6806,945,4,0,1,1,0,2,1,2,0,1,22,173,64,30,77,70,10,0,221,117,2
6807,945,4,0,1,1,0,2,1,2,0,1,22,227,64,60,91,82,30,0,221,72,3
6808,945,4,0,1,1,0,2,1,2,0,1,22,173,53,30,83,72,20,0,136,72,2
6809,945,4,0,1,1,0,2,1,2,0,1,22,227,48,60,83,56,20,0,170,117,2
6810,945,4,0,1,1,0,2,1,2,0,1,22,191,48,120,77,66,10,0,170,72,2
6811,945,4,0,1,1,0,2,1,2,0,1,22,173,64,120,91,82,10,0,136,90,3
6812,945,4,0,1,1,0,2,1,2,0,1,22,173,48,30,91,58,30,0,170,90,2
6813,945,4,0,1,1,0,2,1,2,0,1,22,227,53,60,77,64,10,0,136,90,2
6814,946,4,0,1,1,0,2,1,2,0,22,2,149,38,30,73,42,10,0,90,44,3
6815,946,4,0,1,1,0,2,1,2,0,22,2,149,38,120,69,48,10,0,117,71,3
6816,946,4,0,1,1,0,2,1,2,0,22,2,149,34,30,66,43,20,0,117,55,1
6817,946,4,0,1,1,0,2,1,2,0,22,2,112,34,60,66,43,30,0,72,71,1
6818,946,4,0,1,1,0,2,1,2,0,22,2,124,38,30,66,43,30,0,117,44,1
6819,946,4,0,1,1,0,2,1,2,0,22,2,124,34,30,69,38,10,0,72,55,2
6820,946,4,0,1,1,0,2,1,2,0,22,2,124,46,60,66,46,20,0,72,44,2
6821,946,4,0,1,1,0,2,1,2,0,22,2,149,46,30,69,48,30,0,72,71,2
6822,946,4,0,1,1,0,2,1,2,0,22,2,124,38,60,69,48,30,0,90,55,3
6823,947,4,0,1,1,0,3,1,2,0,25,26,195,59,120,119,64,20,0,182,90,2
6824,947,4,0,1,1,0,3,1,2,0,25,26,180,59,30,114,62,10,0,182,117,2
6825,947,4,0,1,1,0,3,1,2,0,25,26,225,59,60,125,72,30,0,182,72,3
6826,947,4,0,1,1,0,3,1,2,0,25,26,180,49,30,119,62,20,0,112,72,3
6827,947,4,0,1,1,0,3,1,2,0,25,26,225,44,60,119,49,20,0,140,117,2
6828,947,4,0,1,1,0,3,1,2,0,25,26,195,44,120,114,57,10,0,140,72,2
6829,947,4,0,1,1,0,3,1,2,0,25,26,180,59,120,125,72,10,0,112,90,3
6830,947,4,0,1,1,0,3,1,2,0,25,26,180,44,30,125,52,30,0,140,90,2
6831,947,4,0,1,1,0,3,1,2,0,25,26,225,49,60,114,54,10,0,112,90,2
6832,948,4,0,1,1,0,3,1,3,0,22,20,236,79,120,128,88,20,0,312,155,2
6833,948,4,0,1,1,0,3,1,3,0,22,20,212,79,30,122,82,10,0,312,201,2
6834,948,4,0,1,1,0,3,1,3,0,22,20,283,79,60,136,99,30,0,312,124,2
6835,948,4,0,1,1,0,3,1,3,0,22,20,212,66,30,128,86,20,0,192,124,2
6836,948,4,0,1,1,0,3,1,3,0,22,20,283,59,60,128,66,20,0,240,201,2
6837,948,4,0,1,1,0,3,1,3,0,22,20,236,59,120,122,80,10,0,240,124,2
6838,948,4,0,1,1,0,3,1,3,0,22,20,212,79,120,136,99,10,0,192,155,2
6839,948,4,0,1,1,0,3,1,3,0,22,20,212,59,30,136,72,30,0,240,155,2
6840,948,4,0,1,1,0,3,1,3,0,22,20,283,66,60,122,78,10,0,192,155,2
6841,949,4,0,1,1,0,5,1,2,0,1,22,220,60,120,139,62,30,0,140,95,2
6842,949,4,0,1,1,0,5,1,2,0,1,22,167,45,120,142,50,30,0,182,76,2
6843,949,4,0,1,1,0,5,1,2,0,1,22,220,45,120,146,52,20,0,112,76,2
6844,949,4,0,1,1,0,5,1,2,0,1,22,185,45,60,146,52,10,0,182,123,2
6845,949,4,0,1,1,0,5,1,2,0,1,22,185,50,120,146,54,30,0,112,123,2
6846,949,4,0,1,1,0,5,1,2,0,1,22,167,50,60,146,54,20,0,182,95,2
6847,949,4,0,1,1,0,5,1,2,0,1,22,167,60,60,142,64,10,0,140,76,2
6848,949,4,0,1,1,0,5,1,2,0,1,22,167,50,120,139,56,20,0,140,123,2
6849,949,4,0,1,1,0,5,1,2,0,1,22,185,60,30,146,72,20,0,140,123,2
6850,950,4,0,1,1,0,2,0,2,0,25,17,336,72,30,109,82,10,0,320,136,3
6851,950,4,0,1,1,0,2,0,2,0,25,17,336,72,120,95,105,10,0,416,221,2
6852,950,4,0,1,1,0,2,0,2,0,25,17,336,65,30,84,97,20,0,416,170,1
6853,950,4,0,1,1,0,2,0,2,0,25,17,257,65,60,84,97,30,0,256,221,3
6854,950,4,0,1,1,0,2,0,2,0,25,17,283,72,30,84,88,30,0,416,136,2
6855,950,4,0,1,1,0,2,0,2,0,25,17,283,65,30,95,78,10,0,256,170,3
6856,950,4,0,1,1,0,2,0,2,0,25,17,283,86,60,84,97,20,0,256,136,2
6857,950,4,0,1,1,0,2,0,2,0,25,17,336,86,30,95,102,30,0,256,221,1
6858,950,4,0,1,1,0,2,0,2,0,25,17,283,72,60,95,105,30,0,320,170,1
6859,951,4,0,1,1,0,3,1,2,0,2,1,116,46,120,61,52,20,0,117,55,2
6860,951,4,0,1,1,0,3,1,2,0,2,1,104,46,30,58,49,10,0,117,71,2
6861,951,4,0,1,1,0,3,1,2,0,2,1,139,46,60,65,58,30,0,117,44,2
6862,951,4,0,1,1,0,3,1,2,0,2,1,104,38,30,61,52,20,0,72,44,3
6863,951,4,0,1,1,0,3,1,2,0,2,1,139,34,60,61,40,20,0,90,71,2
6864,951,4,0,1,1,0,3,1,2,0,2,1,116,34,120,58,48,10,0,90,44,2
6865,951,4,0,1,1,0,3,1,2,0,2,1,104,46,120,65,58,10,0,72,55,3
6866,951,4,0,1,1,0,3,1,2,0,2,1,104,34,30,65,43,30,0,90,55,2
6867,951,4,0,1,1,0,3,1,2,0,2,1,139,38,60,58,46,10,0,72,55,2
6868,952,4,0,1,1,0,3,1,2,0,9,23,391,57,30,277,62,10,0,160,64,3
6869,952,4,0,1,1,0,3,1,2,0,9,23,391,57,120,273,70,10,0,208,104,2
6870,952,4,0,1,1,0,3,1,2,0,9,23,391,51,30,270,64,20,0,208,80,2
6871,952,4,0,1,1,0,3,1,2,0,9,23,297,51,60,270,64,30,0,128,104,3
6872,952,4,0,1,1,0,3,1,2,0,9,23,328,57,30,270,64,30,0,208,64,2
6873,952,4,0,1,1,0,3,1,2,0,9,23,328,51,30,273,57,10,0,128,80,3
6874,952,4,0,1,1,0,3,1,2,0,9,23,328,68,60,270,70,20,0,128,64,3
6875,952,4,0,1,1,0,3,1,2,0,9,23,391,68,30,273,72,30,0,128,104,3
6876,952,4,0,1,1,0,3,1,2,0,9,23,328,57,60,273,70,30,0,160,80,3
6877,953,4,0,1,1,0,4,0,1,0,1,22,248,67,120,94,72,30,0,180,105,2
6878,953,4,0,1,1,0,4,0,1,0,1,22,188,50,120,100,57,30,0,234,84,2
6879,953,4,0,1,1,0,4,0,1,0,1,22,248,50,120,108,62,20,0,144,84,2
6880,953,4,0,1,1,0,4,0,1,0,1,22,208,50,60,108,62,10,0,234,136,2
6881,953,4,0,1,1,0,4,0,1,0,1,22,208,56,120,108,64,30,0,144,136,2
6882,953,4,0,1,1,0,4,0,1,0,1,22,188,56,60,108,64,20,0,234,105,2
6883,953,4,0,1,1,0,4,0,1,0,1,22,188,67,60,100,74,10,0,180,84,2
6884,953,4,0,1,1,0,4,0,1,0,1,22,188,56,120,94,66,20,0,180,136,2
6885,953,4,0,1,1,0,4,0,1,0,1,22,208,67,30,108,88,20,0,180,136,2
6886,954,4,0,1,1,0,4,1,1,0,22,1,179,50,30,112,54,10,0,160,64,1
6887,954,4,0,1,1,0,4,1,1,0,22,1,179,50,120,108,62,10,0,208,104,1
6888,954,4,0,1,1,0,4,1,1,0,22,1,179,45,30,105,57,20,0,208,80,1
6889,954,4,0,1,1,0,4,1,1,0,22,1,137,45,60,105,57,30,0,128,104,1
6890,954,4,0,1,1,0,4,1,1,0,22,1,151,50,30,105,56,30,0,208,64,1
6891,954,4,0,1,1,0,4,1,1,0,22,1,151,45,30,108,50,10,0,128,80,1
6892,954,4,0,1,1,0,4,1,1,0,22,1,151,60,60,105,62,20,0,128,64,1
6893,954,4,0,1,1,0,4,1,1,0,22,1,179,60,30,108,64,30,0,128,104,1
6894,954,4,0,1,1,0,4,1,1,0,22,1,151,50,60,108,62,30,0,160,80,1
6895,955,4,0,1,1,0,4,1,2,0,17,2,208,62,120,125,72,20,0,169,80,2
6896,955,4,0,1,1,0,4,1,2,0,17,2,190,62,30,119,70,10,0,169,104,2
6897,955,4,0,1,1,0,4,1,2,0,17,2,244,62,60,133,82,30,0,169,64,2
6898,955,4,0,1,1,0,4,1,2,0,17,2,190,52,30,125,72,20,0,104,64,3
6899,955,4,0,1,1,0,4,1,2,0,17,2,244,47,60,125,56,20,0,130,104,2
6900,955,4,0,1,1,0,4,1,2,0,17,2,208,47,120,119,66,10,0,130,64,2
6901,955,4,0,1,1,0,4,1,2,0,17,2,190,62,120,133,82,10,0,104,80,3
6902,955,4,0,1,1,0,4,1,2,0,17,2,190,47,30,133,58,30,0,130,80,2
6903,955,4,0,1,1,0,4,1,2,0,17,2,244,52,60,119,64,10,0,104,80,3
6904,956,4,0,1,1,0,4,1,4,0,1,2,164,43,30,89,48,10,0,110,52,2
6905,956,4,0,1,1,0,4,1,4,0,1,2,164,43,120,85,54,10,0,143,84,2
6906,956,4,0,1,1,0,4,1,4,0,1,2,164,39,30,82,52,20,0,143,65,2
6907,956,4,0,1,1,0,4,1,4,0,1,2,128,39,60,82,52,30,0,88,84,2
6908,956,4,0,1,1,0,4,1,4,0,1,2,140,43,30,82,49,30,0,143,52,2
6909,956,4,0,1,1,0,4,1,4,0,1,2,140,39,30,85,43,10,0,88,65,2
6910,956,4,0,1,1,0,4,1,4,0,1,2,140,52,60,82,53,20,0,88,52,3
6911,956,4,0,1,1,0,4,1,4,0,1,2,164,52,30,85,56,30,0,88,84,2
6912,956,4,0,1,1,0,4,1,4,0,1,2,140,43,60,85,54,30,0,110,65,2
6913,957,4,0,1,1,0,5,0,4,0,25,17,409,72,30,226,80,10,0,240,108,2
6914,957,4,0,1,1,0,5,0,4,0,25,17,409,72,120,216,97,10,0,312,175,2
6915,957,4,0,1,1,0,5,0,4,0,25,17,409,65,30,208,88,20,0,312,135,2
6916,957,4,0,1,1,0,5,0,4,0,25,17,313,65,60,208,88,30,0,192,175,3
6917,957,4,0,1,1,0,5,0,4,0,25,17,345,72,30,208,86,30,0,312,108,2
6918,957,4,0,1,1,0,5,0,4,0,25,17,345,65,30,216,74,10,0,192,135,3
6919,957,4,0,1,1,0,5,0,4,0,25,17,345,86,60,208,94,20,0,192,108,3
6920,957,4,0,1,1,0,5,0,4,0,25,17,409,86,30,216,99,30,0,192,175,3
6921,957,4,0,1,1,0,5,0,4,0,25,17,345,72,60,216,97,30,0,240,135,2
6922,958,4,0,1,1,0,5,1,1,0,2,14,200,55,120,145,62,20,0,143,75,3
6923,958,4,0,1,1,0,5,1,1,0,2,14,184,55,30,142,57,10,0,143,97,1
6924,958,4,0,1,1,0,5,1,1,0,2,14,233,55,60,149,66,30,0,143,60,3
6925,958,4,0,1,1,0,5,1,1,0,2,14,184,46,30,145,58,20,0,88,60,3
6926,958,4,0,1,1,0,5,1,1,0,2,14,233,41,60,145,48,20,0,110,97,3
6927,958,4,0,1,1,0,5,1,1,0,2,14,200,41,120,142,54,10,0,110,60,3
6928,958,4,0,1,1,0,5,1,1,0,2,14,184,55,120,149,66,10,0,88,75,3
6929,958,4,0,1,1,0,5,1,1,0,2,14,184,41,30,149,49,30,0,110,75,3
6930,958,4,0,1,1,0,5,1,1,0,2,14,233,46,60,142,53,10,0,88,75,3
6931,959,4,0,1,1,0,5,1,1,0,25,22,61,19,120,28,22,30,0,40,30,3
6932,959,4,0,1,1,0,5,1,1,0,25,22,51,14,120,30,18,30,0,52,24,3
6933,959,4,0,1,1,0,5,1,1,0,25,22,61,14,120,32,19,20,0,32,24,3
6934,959,4,0,1,1,0,5,1,1,0,25,22,54,14,60,32,19,10,0,52,39,2
6935,959,4,0,1,1,0,5,1,1,0,25,22,54,16,120,32,20,30,0,32,39,2
6936,959,4,0,1,1,0,5,1,1,0,25,22,51,16,60,32,20,20,0,52,30,1
6937,959,4,0,1,1,0,5,1,1,0,25,22,51,19,60,30,25,10,0,40,24,3
6938,959,4,0,1,1,0,5,1,1,0,25,22,51,16,120,28,21,20,0,40,39,2
6939,959,4,0,1,1,0,5,1,1,0,25,22,54,19,30,32,31,20,0,40,39,1
6940,960,4,0,1,1,0,5,1,4,0,2,22,116,31,120,39,38,30,0,80,45,3
6941,960,4,0,1,1,0,5,1,4,0,2,22,87,23,120,42,29,30,0,104,36,2
6942,960,4,0,1,1,0,5,1,4,0,2,22,116,23,120,46,31,20,0,64,36,2
6943,960,4,0,1,1,0,5,1,4,0,2,22,97,23,60,46,31,10,0,104,58,1
6944,960,4,0,1,1,0,5,1,4,0,2,22,97,26,120,46,32,30,0,64,58,2
6945,960,4,0,1,1,0,5,1,4,0,2,22,87,26,60,46,32,20,0,104,45,3
6946,960,4,0,1,1,0,5,1,4,0,2,22,87,31,60,42,40,10,0,80,36,3
6947,960,4,0,1,1,0,5,1,4,0,2,22,87,26,120,39,34,20,0,80,58,1
6948,960,4,0,1,1,0,5,1,4,0,2,22,97,31,30,46,46,20,0,80,58,1
6949,961,4,0,1,1,0,2,1,2,0,17,2,192,60,120,112,72,20,0,182,75,2
6950,961,4,0,1,1,0,2,1,2,0,17,2,174,60,30,106,70,10,0,182,97,2
6951,961,4,0,1,1,0,2,1,2,0,17,2,228,60,60,120,82,30,0,182,60,3
6952,961,4,0,1,1,0,2,1,2,0,17,2,174,50,30,112,72,20,0,112,60,3
6953,961,4,0,1,1,0,2,1,2,0,17,2,228,45,60,112,56,20,0,140,97,2
6954,961,4,0,1,1,0,2,1,2,0,17,2,192,45,120,106,66,10,0,140,60,2
6955,961,4,0,1,1,0,2,1,2,0,17,2,174,60,120,120,82,10,0,112,75,3
6956,961,4,0,1,1,0,2,1,2,0,17,2,174,45,30,120,58,30,0,140,75,2
6957,961,4,0,1,1,0,2,1,2,0,17,2,228,50,60,106,64,10,0,112,75,3
6958,962,4,0,1,1,0,3,1,2,0,25,10,120,38,120,90,42,30,0,100,55,3
6959,962,4,0,1,1,0,3,1,2,0,25,10,95,29,120,92,32,30,0,130,44,1
6960,962,4,0,1,1,0,3,1,2,0,25,10,120,29,120,94,32,20,0,80,44,3
6961,962,4,0,1,1,0,3,1,2,0,25,10,103,29,60,94,32,10,0,130,71,1
6962,962,4,0,1,1,0,3,1,2,0,25,10,103,32,120,94,35,30,0,80,71,1
6963,962,4,0,1,1,0,3,1,2,0,25,10,95,32,60,94,35,20,0,130,55,3
6964,962,4,0,1,1,0,3,1,2,0,25,10,95,38,60,92,42,10,0,100,44,3
6965,962,4,0,1,1,0,3,1,2,0,25,10,95,32,120,90,36,20,0,100,71,2
6966,962,4,0,1,1,0,3,1,2,0,25,10,103,38,30,94,46,20,0,100,71,1
6967,963,4,0,1,1,0,3,1,3,0,1,17,104,31,120,51,38,20,0,91,40,2
6968,963,4,0,1,1,0,3,1,3,0,1,17,95,31,30,48,35,10,0,91,52,2
6969,963,4,0,1,1,0,3,1,3,0,1,17,123,31,60,55,43,30,0,91,32,2
6970,963,4,0,1,1,0,3,1,3,0,1,17,95,26,30,51,38,20,0,56,32,2
6971,963,4,0,1,1,0,3,1,3,0,1,17,123,23,60,51,26,20,0,70,52,2
6972,963,4,0,1,1,0,3,1,3,0,1,17,104,23,120,48,34,10,0,70,32,2
6973,963,4,0,1,1,0,3,1,3,0,1,17,95,31,120,55,43,10,0,56,40,2
6974,963,4,0,1,1,0,3,1,3,0,1,17,95,23,30,55,28,30,0,70,40,2
6975,963,4,0,1,1,0,3,1,3,0,1,17,123,26,60,48,32,10,0,56,40,2
6976,964,4,0,1,1,0,4,1,2,0,17,23,322,62,30,226,66,10,0,160,92,3
6977,964,4,0,1,1,0,4,1,2,0,17,23,322,62,120,222,72,10,0,208,149,3
6978,964,4,0,1,1,0,4,1,2,0,17,23,322,56,30,219,66,20,0,208,115,3
6979,964,4,0,1,1,0,4,1,2,0,17,23,249,56,60,219,66,30,0,128,149,3
6980,964,4,0,1,1,0,4,1,2,0,17,23,273,62,30,219,66,30,0,208,92,3
6981,964,4,0,1,1,0,4,1,2,0,17,23,273,56,30,222,62,10,0,128,115,3
6982,964,4,0,1,1,0,4,1,2,0,17,23,273,74,60,219,74,20,0,128,92,3
6983,964,4,0,1,1,0,4,1,2,0,17,23,322,74,30,222,78,30,0,128,149,3
6984,964,4,0,1,1,0,4,1,2,0,17,23,273,62,60,222,72,30,0,160,115,3
6985,965,4,0,1,1,0,5,1,1,0,2,20,247,60,120,151,64,30,0,160,85,2
6986,965,4,0,1,1,0,5,1,1,0,2,20,185,45,120,154,52,30,0,208,68,2
6987,965,4,0,1,1,0,5,1,1,0,2,20,247,45,120,158,53,20,0,128,68,3
6988,965,4,0,1,1,0,5,1,1,0,2,20,206,45,60,158,53,10,0,208,110,2
6989,965,4,0,1,1,0,5,1,1,0,2,20,206,50,120,158,54,30,0,128,110,2
6990,965,4,0,1,1,0,5,1,1,0,2,20,185,50,60,158,54,20,0,208,85,2
6991,965,4,0,1,1,0,5,1,1,0,2,20,185,60,60,154,66,10,0,160,68,3
6992,965,4,0,1,1,0,5,1,1,0,2,20,185,50,120,151,57,20,0,160,110,2
6993,965,4,0,1,1,0,5,1,1,0,2,20,206,60,30,158,72,20,0,160,110,2
6994,966,4,0,1,1,0,2,0,2,0,2,17,220,50,30,110,58,10,0,150,60,2
6995,966,4,0,1,1,0,2,0,2,0,2,17,220,50,120,102,72,10,0,195,97,3
6996,966,4,0,1,1,0,2,0,2,0,2,17,220,45,30,96,66,20,0,195,75,2
6997,966,4,0,1,1,0,2,0,2,0,2,17,167,45,60,96,66,30,0,120,97,3
6998,966,4,0,1,1,0,2,0,2,0,2,17,185,50,30,96,64,30,0,195,60,2
6999,966,4,0,1,1,0,2,0,2,0,2,17,185,45,30,102,54,10,0,120,75,3
7000,966,4,0,1,1,0,2,0,2,0,2,17,185,60,60,96,66,20,0,120,60,3
7001,966,4,0,1,1,0,2,0,2,0,2,17,220,60,30,102,72,30,0,120,97,3
7002,966,4,0,1,1,0,2,0,2,0,2,17,185,50,60,102,72,30,0,150,75,3
7003,967,4,0,1,1,0,3,1,3,0,17,10,332,77,120,185,80,30,0,190,120,3
7004,967,4,0,1,1,0,3,1,3,0,17,10,264,58,120,191,64,30,0,247,96,2
7005,967,4,0,1,1,0,3,1,3,0,17,10,332,58,120,199,66,20,0,152,96,3
7006,967,4,0,1,1,0,3,1,3,0,17,10,287,58,60,199,66,10,0,247,156,2
7007,967,4,0,1,1,0,3,1,3,0,17,10,287,64,120,199,70,30,0,152,156,3
7008,967,4,0,1,1,0,3,1,3,0,17,10,264,64,60,199,70,20,0,247,120,2
7009,967,4,0,1,1,0,3,1,3,0,17,10,264,77,60,191,82,10,0,190,96,3
7010,967,4,0,1,1,0,3,1,3,0,17,10,264,64,120,185,72,20,0,190,156,2
7011,967,4,0,1,1,0,3,1,3,0,17,10,287,77,30,199,97,20,0,190,156,3
7012,968,4,0,1,1,0,2,1,3,0,1,10,179,54,120,109,54,30,0,130,80,3
7013,968,4,0,1,1,0,2,1,3,0,1,10,137,40,120,112,46,30,0,169,64,3
7014,968,4,0,1,1,0,2,1,3,0,1,10,179,40,120,116,48,20,0,104,64,3
7015,968,4,0,1,1,0,2,1,3,0,1,10,151,40,60,116,48,10,0,169,104,2
7016,968,4,0,1,1,0,2,1,3,0,1,10,151,45,120,116,49,30,0,104,104,2
7017,968,4,0,1,1,0,2,1,3,0,1,10,137,45,60,116,49,20,0,169,80,2
7018,968,4,0,1,1,0,2,1,3,0,1,10,137,54,60,112,57,10,0,130,64,3
7019,968,4,0,1,1,0,2,1,3,0,1,10,137,45,120,109,50,20,0,130,104,2
7020,968,4,0,1,1,0,2,1,3,0,1,10,151,54,30,116,64,20,0,130,104,1
7021,969,4,0,1,1,0,2,1,3,0,22,5,205,67,120,97,74,20,0,208,110,2
7022,969,4,0,1,1,0,2,1,3,0,22,5,184,67,30,91,72,10,0,208,143,2
7023,969,4,0,1,1,0,2,1,3,0,22,5,246,67,60,105,88,30,0,208,88,2
7024,969,4,0,1,1,0,2,1,3,0,22,5,184,56,30,97,78,20,0,128,88,2
7025,969,4,0,1,1,0,2,1,3,0,22,5,246,50,60,97,58,20,0,160,143,2
7026,969,4,0,1,1,0,2,1,3,0,22,5,205,50,120,91,70,10,0,160,88,2
7027,969,4,0,1,1,0,2,1,3,0,22,5,184,67,120,105,88,10,0,128,110,2
7028,969,4,0,1,1,0,2,1,3,0,22,5,184,50,30,105,62,30,0,160,110,2
7029,969,4,0,1,1,0,2,1,3,0,22,5,246,56,60,91,66,10,0,128,110,2
7030,970,4,0,1,1,0,3,1,2,0,22,2,137,36,30,67,40,10,0,100,56,2
7031,970,4,0,1,1,0,3,1,2,0,22,2,137,36,120,63,46,10,0,130,91,2
7032,970,4,0,1,1,0,3,1,2,0,22,2,137,32,30,60,43,20,0,130,70,1
7033,970,4,0,1,1,0,3,1,2,0,22,2,108,32,60,60,43,30,0,80,91,1
7034,970,4,0,1,1,0,3,1,2,0,22,2,118,36,30,60,42,30,0,130,56,2
7035,970,4,0,1,1,0,3,1,2,0,22,2,118,32,30,63,36,10,0,80,70,2
7036,970,4,0,1,1,0,3,1,2,0,22,2,118,43,60,60,45,20,0,80,56,2
7037,970,4,0,1,1,0,3,1,2,0,22,2,137,43,30,63,46,30,0,80,91,2
7038,970,4,0,1,1,0,3,1,2,0,22,2,118,36,60,63,46,30,0,100,70,1
7039,971,4,0,1,1,1,2,0,1,0,25,2,125,48,120,49,53,20,0,143,75,3
7040,971,4,0,1,1,1,2,0,1,0,25,2,114,48,30,44,50,10,0,143,97,1
7041,971,4,0,1,1,1,2,0,1,0,25,2,146,48,60,55,62,30,0,143,60,3
7042,971,4,0,1,1,1,2,0,1,0,25,2,114,40,30,49,53,20,0,88,60,3
7043,971,4,0,1,1,1,2,0,1,0,25,2,146,36,60,49,42,20,0,110,97,3
7044,971,4,0,1,1,1,2,0,1,0,25,2,125,36,120,44,50,10,0,110,60,3
7045,971,4,0,1,1,1,2,0,1,0,25,2,114,48,120,55,62,10,0,88,75,3
7046,971,4,0,1,1,1,2,0,1,0,25,2,114,36,30,55,43,30,0,110,75,3
7047,971,4,0,1,1,1,2,0,1,0,25,2,146,40,60,44,46,10,0,88,75,3
7048,972,4,0,1,1,1,2,0,1,0,25,22,137,31,120,97,34,30,0,70,45,2
7049,972,4,0,1,1,1,2,0,1,0,25,22,116,23,120,99,26,30,0,91,36,1
7050,972,4,0,1,1,1,2,0,1,0,25,22,137,23,120,101,26,20,0,56,36,3
7051,972,4,0,1,1,1,2,0,1,0,25,22,123,23,60,101,26,10,0,91,58,1
7052,972,4,0,1,1,1,2,0,1,0,25,22,123,26,120,101,28,30,0,56,58,2
7053,972,4,0,1,1,1,2,0,1,0,25,22,116,26,60,101,28,20,0,91,45,1
7054,972,4,0,1,1,1,2,0,1,0,25,22,116,31,60,99,36,10,0,70,36,3
7055,972,4,0,1,1,1,2,0,1,0,25,22,116,26,120,97,31,20,0,70,58,2
7056,972,4,0,1,1,1,2,0,1,0,25,22,123,31,30,101,40,20,0,70,58,1
7057,973,4,0,1,1,1,2,1,3,0,25,16,368,74,30,164,86,10,0,270,120,3
7058,973,4,0,1,1,1,2,1,3,0,25,16,368,74,120,150,108,10,0,351,195,2
7059,973,4,0,1,1,1,2,1,3,0,25,16,368,67,30,139,99,20,0,351,150,2
7060,973,4,0,1,1,1,2,1,3,0,25,16,278,67,60,139,99,30,0,216,195,3
7061,973,4,0,1,1,1,2,1,3,0,25,16,308,74,30,139,91,30,0,351,120,2
7062,973,4,0,1,1,1,2,1,3,0,25,16,308,67,30,150,80,10,0,216,150,3
7063,973,4,0,1,1,1,2,1,3,0,25,16,308,89,60,139,99,20,0,216,120,3
7064,973,4,0,1,1,1,2,1,3,0,25,16,368,89,30,150,108,30,0,216,195,3
7065,973,4,0,1,1,1,2,1,3,0,25,16,308,74,60,150,108,30,0,270,150,2
7066,974,4,0,1,1,1,3,1,2,0,1,25,236,74,120,63,78,30,0,210,110,2
7067,974,4,0,1,1,1,3,1,2,0,1,25,182,56,120,71,64,30,0,273,88,2
7068,974,4,0,1,1,1,3,1,2,0,1,25,236,56,120,81,66,20,0,168,88,3
7069,974,4,0,1,1,1,3,1,2,0,1,25,200,56,60,81,66,10,0,273,143,2
7070,974,4,0,1,1,1,3,1,2,0,1,25,200,62,120,81,70,30,0,168,143,2
7071,974,4,0,1,1,1,3,1,2,0,1,25,182,62,60,81,70,20,0,273,110,2
7072,974,4,0,1,1,1,3,1,2,0,1,25,182,74,60,71,82,10,0,210,88,2
7073,974,4,0,1,1,1,3,1,2,0,1,25,182,62,120,63,72,20,0,210,143,2
7074,974,4,0,1,1,1,3,1,2,0,1,25,200,74,30,81,99,20,0,210,143,1
7075,975,4,0,1,1,1,3,1,2,0,22,19,202,58,120,147,58,20,0,169,100,3
7076,975,4,0,1,1,1,3,1,2,0,22,19,185,58,30,144,57,10,0,169,130,3
7077,975,4,0,1,1,1,3,1,2,0,22,19,237,58,60,151,64,30,0,169,80,3
7078,975,4,0,1,1,1,3,1,2,0,22,19,185,48,30,147,56,20,0,104,80,3
7079,975,4,0,1,1,1,3,1,2,0,22,19,237,43,60,147,48,20,0,130,130,3
7080,975,4,0,1,1,1,3,1,2,0,22,19,202,43,120,144,52,10,0,130,80,3
7081,975,4,0,1,1,1,3,1,2,0,22,19,185,58,120,151,64,10,0,104,100,3
7082,975,4,0,1,1,1,3,1,2,0,22,19,185,43,30,151,49,30,0,130,100,3
7083,975,4,0,1,1,1,3,1,2,0,22,19,237,48,60,144,52,10,0,104,100,3
7084,976,4,0,1,1,1,3,1,3,0,25,1,200,74,120,71,82,20,0,247,105,2
7085,976,4,0,1,1,1,3,1,3,0,25,1,182,74,30,63,78,10,0,247,136,2
7086,976,4,0,1,1,1,3,1,3,0,25,1,236,74,60,81,99,30,0,247,84,2
7087,976,4,0,1,1,1,3,1,3,0,25,1,182,62,30,71,86,20,0,152,84,2
7088,976,4,0,1,1,1,3,1,3,0,25,1,236,56,60,71,64,20,0,190,136,2
7089,976,4,0,1,1,1,3,1,3,0,25,1,200,56,120,63,78,10,0,190,84,2
7090,976,4,0,1,1,1,3,1,3,0,25,1,182,74,120,81,99,10,0,152,105,2
7091,976,4,0,1,1,1,3,1,3,0,25,1,182,56,30,81,66,30,0,190,105,2
7092,976,4,0,1,1,1,3,1,3,0,25,1,236,62,60,63,72,10,0,152,105,2
7093,977,4,0,1,1,1,4,0,1,0,1,2,106,35,30,41,42,10,0,90,48,3
7094,977,4,0,1,1,1,4,0,1,0,1,2,106,35,120,37,49,10,0,117,78,3
7095,977,4,0,1,1,1,4,0,1,0,1,2,106,31,30,34,46,20,0,117,60,3
7096,977,4,0,1,1,1,4,0,1,0,1,2,85,31,60,34,46,30,0,72,78,3
7097,977,4,0,1,1,1,4,0,1,0,1,2,92,35,30,34,43,30,0,117,48,3
7098,977,4,0,1,1,1,4,0,1,0,1,2,92,31,30,37,38,10,0,72,60,3
7099,977,4,0,1,1,1,4,0,1,0,1,2,92,42,60,34,46,20,0,72,48,3
7100,977,4,0,1,1,1,4,0,1,0,1,2,106,42,30,37,49,30,0,72,78,3
7101,977,4,0,1,1,1,4,0,1,0,1,2,92,35,60,37,49,30,0,90,60,3
7102,978,4,0,1,1,1,4,1,2,0,2,22,103,25,30,38,29,10,0,70,32,3
7103,978,4,0,1,1,1,4,1,2,0,2,22,103,25,120,34,38,10,0,91,52,3
7104,978,4,0,1,1,1,4,1,2,0,2,22,103,22,30,31,34,20,0,91,40,3
7105,978,4,0,1,1,1,4,1,2,0,2,22,82,22,60,31,34,30,0,56,52,3
7106,978,4,0,1,1,1,4,1,2,0,2,22,89,25,30,31,32,30,0,91,32,3
7107,978,4,0,1,1,1,4,1,2,0,2,22,89,22,30,34,26,10,0,56,40,3
7108,978,4,0,1,1,1,4,1,2,0,2,22,89,30,60,31,34,20,0,56,32,3
7109,978,4,0,1,1,1,4,1,2,0,2,22,103,30,30,34,38,30,0,56,52,3
7110,978,4,0,1,1,1,4,1,2,0,2,22,89,25,60,34,38,30,0,70,40,3
7111,979,4,0,1,1,1,4,1,2,0,22,20,285,64,30,139,72,10,0,280,136,2
7112,979,4,0,1,1,1,4,1,2,0,22,20,285,64,120,131,86,10,0,364,221,1
7113,979,4,0,1,1,1,4,1,2,0,22,20,285,58,30,125,78,20,0,364,170,2
7114,979,4,0,1,1,1,4,1,2,0,22,20,216,58,60,125,78,30,0,224,221,2
7115,979,4,0,1,1,1,4,1,2,0,22,20,239,64,30,125,74,30,0,364,136,2
7116,979,4,0,1,1,1,4,1,2,0,22,20,239,58,30,131,66,10,0,224,170,2
7117,979,4,0,1,1,1,4,1,2,0,22,20,239,77,60,125,82,20,0,224,136,2
7118,979,4,0,1,1,1,4,1,2,0,22,20,285,77,30,131,86,30,0,224,221,2
7119,979,4,0,1,1,1,4,1,2,0,22,20,239,64,60,131,86,30,0,280,170,1
7120,980,4,0,1,1,1,5,0,4,0,22,19,222,50,30,156,54,10,0,140,72,2
7121,980,4,0,1,1,1,5,0,4,0,22,19,222,50,120,152,64,10,0,182,117,2
7122,980,4,0,1,1,1,5,0,4,0,22,19,222,45,30,149,58,20,0,182,90,2
7123,980,4,0,1,1,1,5,0,4,0,22,19,181,45,60,149,58,30,0,112,117,2
7124,980,4,0,1,1,1,5,0,4,0,22,19,195,50,30,149,57,30,0,182,72,2
7125,980,4,0,1,1,1,5,0,4,0,22,19,195,45,30,152,52,10,0,112,90,2
7126,980,4,0,1,1,1,5,0,4,0,22,19,195,60,60,149,62,20,0,112,72,3
7127,980,4,0,1,1,1,5,0,4,0,22,19,222,60,30,152,64,30,0,112,117,3
7128,980,4,0,1,1,1,5,0,4,0,22,19,195,50,60,152,64,30,0,140,90,2
7129,981,4,0,1,1,1,2,0,1,0,1,22,206,54,30,73,62,10,0,170,80,2
7130,981,4,0,1,1,1,2,0,1,0,1,22,206,54,120,65,74,10,0,221,130,2
7131,981,4,0,1,1,1,2,0,1,0,1,22,206,49,30,59,70,20,0,221,100,2
7132,981,4,0,1,1,1,2,0,1,0,1,22,157,49,60,59,70,30,0,136,130,2
7133,981,4,0,1,1,1,2,0,1,0,1,22,173,54,30,59,64,30,0,221,80,2
7134,981,4,0,1,1,1,2,0,1,0,1,22,173,49,30,65,57,10,0,136,100,2
7135,981,4,0,1,1,1,2,0,1,0,1,22,173,65,60,59,70,20,0,136,80,2
7136,981,4,0,1,1,1,2,0,1,0,1,22,206,65,30,65,74,30,0,136,130,2
7137,981,4,0,1,1,1,2,0,1,0,1,22,173,54,60,65,74,30,0,170,100,2
7138,982,4,0,1,1,1,2,0,2,0,17,22,352,84,120,120,88,30,0,220,125,2
7139,982,4,0,1,1,1,2,0,2,0,17,22,266,63,120,129,72,30,0,286,100,2
7140,982,4,0,1,1,1,2,0,2,0,17,22,352,63,120,141,74,20,0,176,100,2
7141,982,4,0,1,1,1,2,0,2,0,17,22,295,63,60,141,74,10,0,286,162,2
7142,982,4,0,1,1,1,2,0,2,0,17,22,295,70,120,141,78,30,0,176,162,2
7143,982,4,0,1,1,1,2,0,2,0,17,22,266,70,60,141,78,20,0,286,125,2
7144,982,4,0,1,1,1,2,0,2,0,17,22,266,84,60,129,94,10,0,220,100,2
7145,982,4,0,1,1,1,2,0,2,0,17,22,266,70,120,120,82,20,0,220,162,2
7146,982,4,0,1,1,1,2,0,2,0,17,22,295,84,30,141,110,20,0,220,162,2
7147,983,4,0,1,1,1,2,1,2,0,2,22,234,50,120,141,50,30,0,120,80,2
7148,983,4,0,1,1,1,2,1,2,0,2,22,181,38,120,144,42,30,0,156,64,2
7149,983,4,0,1,1,1,2,1,2,0,2,22,234,38,120,148,43,20,0,96,64,3
7150,983,4,0,1,1,1,2,1,2,0,2,22,199,38,60,148,43,10,0,156,104,2
7151,983,4,0,1,1,1,2,1,2,0,2,22,199,42,120,148,45,30,0,96,104,2
7152,983,4,0,1,1,1,2,1,2,0,2,22,181,42,60,148,45,20,0,156,80,2
7153,983,4,0,1,1,1,2,1,2,0,2,22,181,50,60,144,52,10,0,120,64,3
7154,983,4,0,1,1,1,2,1,2,0,2,22,181,42,120,141,46,20,0,120,104,2
7155,983,4,0,1,1,1,2,1,2,0,2,22,199,50,30,148,56,20,0,120,104,2
7156,984,4,0,1,1,1,2,1,2,0,25,20,242,79,120,113,91,20,0,325,145,2
7157,984,4,0,1,1,1,2,1,2,0,25,20,219,79,30,105,86,10,0,325,188,2
7158,984,4,0,1,1,1,2,1,2,0,25,20,288,79,60,123,108,30,0,325,116,3
7159,984,4,0,1,1,1,2,1,2,0,25,20,219,66,30,113,91,20,0,200,116,3
7160,984,4,0,1,1,1,2,1,2,0,25,20,288,59,60,113,70,20,0,250,188,2
7161,984,4,0,1,1,1,2,1,2,0,25,20,242,59,120,105,82,10,0,250,116,2
7162,984,4,0,1,1,1,2,1,2,0,25,20,219,79,120,123,108,10,0,200,145,3
7163,984,4,0,1,1,1,2,1,2,0,25,20,219,59,30,123,72,30,0,250,145,2
7164,984,4,0,1,1,1,2,1,2,0,25,20,288,66,60,105,80,10,0,200,145,2
7165,985,4,0,1,1,1,2,1,4,0,2,20,250,55,120,157,57,30,0,120,70,2
7166,985,4,0,1,1,1,2,1,4,0,2,20,193,41,120,160,48,30,0,156,56,1
7167,985,4,0,1,1,1,2,1,4,0,2,20,250,41,120,164,49,20,0,96,56,2
7168,985,4,0,1,1,1,2,1,4,0,2,20,212,41,60,164,49,10,0,156,91,2
7169,985,4,0,1,1,1,2,1,4,0,2,20,212,46,120,164,50,30,0,96,91,2
7170,985,4,0,1,1,1,2,1,4,0,2,20,193,46,60,164,50,20,0,156,70,2
7171,985,4,0,1,1,1,2,1,4,0,2,20,193,55,60,160,62,10,0,120,56,3
7172,985,4,0,1,1,1,2,1,4,0,2,20,193,46,120,157,53,20,0,120,91,2
7173,985,4,0,1,1,1,2,1,4,0,2,20,212,55,30,164,66,20,0,120,91,2
7174,986,4,0,1,1,1,3,0,2,0,25,17,336,72,30,109,82,10,0,270,152,2
7175,986,4,0,1,1,1,3,0,2,0,25,17,336,72,120,95,105,10,0,351,247,2
7176,986,4,0,1,1,1,3,0,2,0,25,17,336,65,30,84,97,20,0,351,190,2
7177,986,4,0,1,1,1,3,0,2,0,25,17,257,65,60,84,97,30,0,216,247,2
7178,986,4,0,1,1,1,3,0,2,0,25,17,283,72,30,84,88,30,0,351,152,2
7179,986,4,0,1,1,1,3,0,2,0,25,17,283,65,30,95,78,10,0,216,190,2
7180,986,4,0,1,1,1,3,0,2,0,25,17,283,86,60,84,97,20,0,216,152,2
7181,986,4,0,1,1,1,3,0,2,0,25,17,336,86,30,95,102,30,0,216,247,2
7182,986,4,0,1,1,1,3,0,2,0,25,17,283,72,60,95,105,30,0,270,190,2
7183,987,4,0,1,1,1,3,0,4,0,1,25,248,74,120,71,80,30,0,200,135,2
7184,987,4,0,1,1,1,3,0,4,0,1,25,188,56,120,79,64,30,0,260,108,2
7185,987,4,0,1,1,1,3,0,4,0,1,25,248,56,120,89,70,20,0,160,108,2
7186,987,4,0,1,1,1,3,0,4,0,1,25,208,56,60,89,70,10,0,260,175,2
7187,987,4,0,1,1,1,3,0,4,0,1,25,208,62,120,89,70,30,0,160,175,2
7188,987,4,0,1,1,1,3,0,4,0,1,25,188,62,60,89,70,20,0,260,135,2
7189,987,4,0,1,1,1,3,0,4,0,1,25,188,74,60,79,86,10,0,200,108,2
7190,987,4,0,1,1,1,3,0,4,0,1,25,188,62,120,71,74,20,0,200,175,2
7191,987,4,0,1,1,1,3,0,4,0,1,25,208,74,30,89,99,20,0,200,175,2
7192,988,4,0,1,1,1,3,1,2,0,1,2,169,55,120,120,62,20,0,169,70,2
7193,988,4,0,1,1,1,3,1,2,0,1,2,153,55,30,117,57,10,0,169,91,2
7194,988,4,0,1,1,1,3,1,2,0,1,2,201,55,60,124,66,30,0,169,56,3
7195,988,4,0,1,1,1,3,1,2,0,1,2,153,46,30,120,58,20,0,104,56,3
7196,988,4,0,1,1,1,3,1,2,0,1,2,201,41,60,120,48,20,0,130,91,2
7197,988,4,0,1,1,1,3,1,2,0,1,2,169,41,120,117,54,10,0,130,56,2
7198,988,4,0,1,1,1,3,1,2,0,1,2,153,55,120,124,66,10,0,104,70,2
7199,988,4,0,1,1,1,3,1,2,0,1,2,153,41,30,124,49,30,0,130,70,2
7200,988,4,0,1,1,1,3,1,2,0,1,2,201,46,60,117,53,10,0,104,70,2
7201,989,4,0,1,1,1,3,1,2,0,2,1,190,38,30,120,49,10,0,110,52,3
7202,989,4,0,1,1,1,3,1,2,0,2,1,190,38,120,116,57,10,0,143,84,2
7203,989,4,0,1,1,1,3,1,2,0,2,1,190,34,30,113,53,20,0,143,65,2
7204,989,4,0,1,1,1,3,1,2,0,2,1,142,34,60,113,53,30,0,88,84,3
7205,989,4,0,1,1,1,3,1,2,0,2,1,158,38,30,113,52,30,0,143,52,2
7206,989,4,0,1,1,1,3,1,2,0,2,1,158,34,30,116,46,10,0,88,65,2
7207,989,4,0,1,1,1,3,1,2,0,2,1,158,46,60,113,56,20,0,88,52,3
7208,989,4,0,1,1,1,3,1,2,0,2,1,190,46,30,116,58,30,0,88,84,2
7209,989,4,0,1,1,1,3,1,2,0,2,1,158,38,60,116,57,30,0,110,65,1
7210,990,4,0,1,1,1,3,1,2,0,17,25,282,66,30,118,74,10,0,210,120,3
7211,990,4,0,1,1,1,3,1,2,0,17,25,282,66,120,108,91,10,0,273,195,2
7212,990,4,0,1,1,1,3,1,2,0,17,25,282,59,30,100,82,20,0,273,150,2
7213,990,4,0,1,1,1,3,1,2,0,17,25,214,59,60,100,82,30,0,168,195,3
7214,990,4,0,1,1,1,3,1,2,0,17,25,237,66,30,100,78,30,0,273,120,2
7215,990,4,0,1,1,1,3,1,2,0,17,25,237,59,30,108,70,10,0,168,150,3
7216,990,4,0,1,1,1,3,1,2,0,17,25,237,79,60,100,86,20,0,168,120,3
7217,990,4,0,1,1,1,3,1,2,0,17,25,282,79,30,108,88,30,0,168,195,3
7218,990,4,0,1,1,1,3,1,2,0,17,25,237,66,60,108,91,30,0,210,150,2
7219,991,4,0,1,1,1,3,1,2,0,22,2,89,30,120,34,38,20,0,91,45,3
7220,991,4,0,1,1,1,3,1,2,0,22,2,82,30,30,31,34,10,0,91,58,3
7221,991,4,0,1,1,1,3,1,2,0,22,2,103,30,60,38,43,30,0,91,36,3
7222,991,4,0,1,1,1,3,1,2,0,22,2,82,25,30,34,38,20,0,56,36,3
7223,991,4,0,1,1,1,3,1,2,0,22,2,103,22,60,34,26,20,0,70,58,3
7224,991,4,0,1,1,1,3,1,2,0,22,2,89,22,120,31,34,10,0,70,36,3
7225,991,4,0,1,1,1,3,1,2,0,22,2,82,30,120,38,43,10,0,56,45,3
7226,991,4,0,1,1,1,3,1,2,0,22,2,82,22,30,38,28,30,0,70,45,3
7227,991,4,0,1,1,1,3,1,2,0,22,2,103,25,60,31,32,10,0,56,45,3
7228,992,4,0,1,1,1,3,1,3,0,25,2,125,48,120,49,53,20,0,143,85,2
7229,992,4,0,1,1,1,3,1,3,0,25,2,114,48,30,44,50,10,0,143,110,2
7230,992,4,0,1,1,1,3,1,3,0,25,2,146,48,60,55,62,30,0,143,68,2
7231,992,4,0,1,1,1,3,1,3,0,25,2,114,40,30,49,53,20,0,88,68,2
7232,992,4,0,1,1,1,3,1,3,0,25,2,146,36,60,49,42,20,0,110,110,2
7233,992,4,0,1,1,1,3,1,3,0,25,2,125,36,120,44,50,10,0,110,68,2
7234,992,4,0,1,1,1,3,1,3,0,25,2,114,48,120,55,62,10,0,88,85,2
7235,992,4,0,1,1,1,3,1,3,0,25,2,114,36,30,55,43,30,0,110,85,2
7236,992,4,0,1,1,1,3,1,3,0,25,2,146,40,60,44,46,10,0,88,85,2
7237,993,4,0,1,1,1,3,1,3,0,25,3,302,64,120,175,66,30,0,170,115,3
7238,993,4,0,1,1,1,3,1,3,0,25,3,233,48,120,180,53,30,0,221,92,2
7239,993,4,0,1,1,1,3,1,3,0,25,3,302,48,120,186,56,20,0,136,92,3
7240,993,4,0,1,1,1,3,1,3,0,25,3,256,48,60,186,56,10,0,221,149,2
7241,993,4,0,1,1,1,3,1,3,0,25,3,256,53,120,186,57,30,0,136,149,3
7242,993,4,0,1,1,1,3,1,3,0,25,3,233,53,60,186,57,20,0,221,115,2
7243,993,4,0,1,1,1,3,1,3,0,25,3,233,64,60,180,70,10,0,170,92,3
7244,993,4,0,1,1,1,3,1,3,0,25,3,233,53,120,175,62,20,0,170,149,2
7245,993,4,0,1,1,1,3,1,3,0,25,3,256,64,30,186,78,20,0,170,149,3
7246,994,4,0,1,1,1,4,0,2,0,25,14,294,79,120,110,86,30,0,240,145,3
7247,994,4,0,1,1,1,4,0,2,0,25,14,223,59,120,118,70,30,0,312,116,2
7248,994,4,0,1,1,1,4,0,2,0,25,14,294,59,120,128,72,20,0,192,116,3
7249,994,4,0,1,1,1,4,0,2,0,25,14,247,59,60,128,72,10,0,312,188,2
7250,994,4,0,1,1,1,4,0,2,0,25,14,247,66,120,128,74,30,0,192,188,3
7251,994,4,0,1,1,1,4,0,2,0,25,14,223,66,60,128,74,20,0,312,145,2
7252,994,4,0,1,1,1,4,0,2,0,25,14,223,79,60,118,91,10,0,240,116,3
7253,994,4,0,1,1,1,4,0,2,0,25,14,223,66,120,110,80,20,0,240,188,2
7254,994,4,0,1,1,1,4,0,2,0,25,14,247,79,30,128,108,20,0,240,188,3
7255,995,4,0,1,1,1,4,0,2,0,25,17,266,86,120,158,97,20,0,351,150,3
7256,995,4,0,1,1,1,4,0,2,0,25,17,242,86,30,152,91,10,0,351,195,2
7257,995,4,0,1,1,1,4,0,2,0,25,17,314,86,60,166,108,30,0,351,120,3
7258,995,4,0,1,1,1,4,0,2,0,25,17,242,72,30,158,94,20,0,216,120,3
7259,995,4,0,1,1,1,4,0,2,0,25,17,314,65,60,158,74,20,0,270,195,2
7260,995,4,0,1,1,1,4,0,2,0,25,17,266,65,120,152,86,10,0,270,120,1
7261,995,4,0,1,1,1,4,0,2,0,25,17,242,86,120,166,108,10,0,216,150,3
7262,995,4,0,1,1,1,4,0,2,0,25,17,242,65,30,166,78,30,0,270,150,2
7263,995,4,0,1,1,1,4,0,2,0,25,17,314,72,60,152,82,10,0,216,150,2
7264,996,4,0,1,1,1,4,1,1,0,1,10,135,42,30,77,46,10,0,140,52,2
7265,996,4,0,1,1,1,4,1,1,0,1,10,135,42,120,73,54,10,0,182,84,2
7266,996,4,0,1,1,1,4,1,1,0,1,10,135,38,30,70,50,20,0,182,65,2
7267,996,4,0,1,1,1,4,1,1,0,1,10,106,38,60,70,50,30,0,112,84,2
7268,996,4,0,1,1,1,4,1,1,0,1,10,116,42,30,70,48,30,0,182,52,2
7269,996,4,0,1,1,1,4,1,1,0,1,10,116,38,30,73,43,10,0,112,65,2
7270,996,4,0,1,1,1,4,1,1,0,1,10,116,50,60,70,52,20,0,112,52,2
7271,996,4,0,1,1,1,4,1,1,0,1,10,135,50,30,73,54,30,0,112,84,2
7272,996,4,0,1,1,1,4,1,1,0,1,10,116,42,60,73,54,30,0,140,65,2
7273,997,4,0,1,1,1,4,1,2,0,1,10,238,49,30,174,53,10,0,140,64,2
7274,997,4,0,1,1,1,4,1,2,0,1,10,238,49,120,170,62,10,0,182,104,2
7275,997,4,0,1,1,1,4,1,2,0,1,10,238,44,30,167,57,20,0,182,80,2
7276,997,4,0,1,1,1,4,1,2,0,1,10,195,44,60,167,57,30,0,112,104,2
7277,997,4,0,1,1,1,4,1,2,0,1,10,209,49,30,167,54,30,0,182,64,2
7278,997,4,0,1,1,1,4,1,2,0,1,10,209,44,30,170,49,10,0,112,80,2
7279,997,4,0,1,1,1,4,1,2,0,1,10,209,59,60,167,62,20,0,112,64,3
7280,997,4,0,1,1,1,4,1,2,0,1,10,238,59,30,170,64,30,0,112,104,3
7281,997,4,0,1,1,1,4,1,2,0,1,10,209,49,60,170,62,30,0,140,80,2
7282,998,4,0,1,1,1,4,1,2,0,2,1,140,48,120,59,49,30,0,100,65,2
7283,998,4,0,1,1,1,4,1,2,0,2,1,105,36,120,62,42,30,0,130,52,2
7284,998,4,0,1,1,1,4,1,2,0,2,1,140,36,120,66,43,20,0,80,52,3
7285,998,4,0,1,1,1,4,1,2,0,2,1,117,36,60,66,43,10,0,130,84,2
7286,998,4,0,1,1,1,4,1,2,0,2,1,117,40,120,66,45,30,0,80,84,2
7287,998,4,0,1,1,1,4,1,2,0,2,1,105,40,60,66,45,20,0,130,65,1
7288,998,4,0,1,1,1,4,1,2,0,2,1,105,48,60,62,52,10,0,100,52,3
7289,998,4,0,1,1,1,4,1,2,0,2,1,105,40,120,59,46,20,0,100,84,2
7290,998,4,0,1,1,1,4,1,2,0,2,1,117,48,30,66,58,20,0,100,84,1
7291,999,4,0,1,1,1,4,1,2,0,2,14,206,46,30,128,50,10,0,120,52,2
7292,999,4,0,1,1,1,4,1,2,0,2,14,206,46,120,124,57,10,0,156,84,1
7293,999,4,0,1,1,1,4,1,2,0,2,14,206,41,30,121,53,20,0,156,65,1
7294,999,4,0,1,1,1,4,1,2,0,2,14,161,41,60,121,53,30,0,96,84,1
7295,999,4,0,1,1,1,4,1,2,0,2,14,176,46,30,121,52,30,0,156,52,2
7296,999,4,0,1,1,1,4,1,2,0,2,14,176,41,30,124,46,10,0,96,65,3
7297,999,4,0,1,1,1,4,1,2,0,2,14,176,55,60,121,56,20,0,96,52,3
7298,999,4,0,1,1,1,4,1,2,0,2,14,206,55,30,124,58,30,0,96,84,2
7299,999,4,0,1,1,1,4,1,2,0,2,14,176,46,60,124,57,30,0,120,65,1
7300,1000,4,0,1,1,1,4,1,2,0,25,1,200,74,120,71,82,20,0,273,145,2
7301,1000,4,0,1,1,1,4,1,2,0,25,1,182,74,30,63,78,10,0,273,188,2
7302,1000,4,0,1,1,1,4,1,2,0,25,1,236,74,60,81,99,30,0,273,116,2
7303,1000,4,0,1,1,1,4,1,2,0,25,1,182,62,30,71,86,20,0,168,116,3
7304,1000,4,0,1,1,1,4,1,2,0,25,1,236,56,60,71,64,20,0,210,188,2
7305,1000,4,0,1,1,1,4,1,2,0,25,1,200,56,120,63,78,10,0,210,116,2
7306,1000,4,0,1,1,1,4,1,2,0,25,1,182,74,120,81,99,10,0,168,145,2
7307,1000,4,0,1,1,1,4,1,2,0,25,1,182,56,30,81,66,30,0,210,145,2
7308,1000,4,0,1,1,1,4,1,2,0,25,1,236,62,60,63,72,10,0,168,145,2
7309,1001,4,0,1,1,1,4,1,3,0,1,23,401,64,30,244,70,10,0,190,100,2
7310,1001,4,0,1,1,1,4,1,3,0,1,23,401,64,120,236,82,10,0,247,162,2
7311,1001,4,0,1,1,1,4,1,3,0,1,23,401,58,30,230,78,20,0,247,125,2
7312,1001,4,0,1,1,1,4,1,3,0,1,23,315,58,60,230,78,30,0,152,162,3
7313,1001,4,0,1,1,1,4,1,3,0,1,23,344,64,30,230,74,30,0,247,100,2
7314,1001,4,0,1,1,1,4,1,3,0,1,23,344,58,30,236,66,10,0,152,125,3
7315,1001,4,0,1,1,1,4,1,3,0,1,23,344,77,60,230,80,20,0,152,100,3
7316,1001,4,0,1,1,1,4,1,3,0,1,23,401,77,30,236,86,30,0,152,162,3
7317,1001,4,0,1,1,1,4,1,3,0,1,23,344,64,60,236,82,30,0,190,125,2
7318,1002,4,0,1,1,1,4,1,3,0,25,23,219,48,120,195,48,20,0,143,70,2
7319,1002,4,0,1,1,1,4,1,3,0,25,23,206,48,30,193,46,10,0,143,91,2
7320,1002,4,0,1,1,1,4,1,3,0,25,23,245,48,60,197,52,30,0,143,56,3
7321,1002,4,0,1,1,1,4,1,3,0,25,23,206,40,30,195,45,20,0,88,56,3
7322,1002,4,0,1,1,1,4,1,3,0,25,23,245,36,60,195,38,20,0,110,91,2
7323,1002,4,0,1,1,1,4,1,3,0,25,23,219,36,120,193,42,10,0,110,56,3
7324,1002,4,0,1,1,1,4,1,3,0,25,23,206,48,120,197,52,10,0,88,70,3
7325,1002,4,0,1,1,1,4,1,3,0,25,23,206,36,30,197,40,30,0,110,70,3
7326,1002,4,0,1,1,1,4,1,3,0,25,23,245,40,60,193,43,10,0,88,70,2
7327,1003,4,0,1,1,1,4,1,4,0,1,2,138,52,120,83,56,20,0,143,80,3
7328,1003,4,0,1,1,1,4,1,4,0,1,2,124,52,30,80,53,10,0,143,104,3
7329,1003,4,0,1,1,1,4,1,4,0,1,2,166,52,60,87,64,30,0,143,64,3
7330,1003,4,0,1,1,1,4,1,4,0,1,2,124,43,30,83,54,20,0,88,64,3
7331,1003,4,0,1,1,1,4,1,4,0,1,2,166,39,60,83,45,20,0,110,104,2
7332,1003,4,0,1,1,1,4,1,4,0,1,2,138,39,120,80,52,10,0,110,64,3
7333,1003,4,0,1,1,1,4,1,4,0,1,2,124,52,120,87,64,10,0,88,80,3
7334,1003,4,0,1,1,1,4,1,4,0,1,2,124,39,30,87,46,30,0,110,80,3
7335,1003,4,0,1,1,1,4,1,4,0,1,2,166,43,60,80,49,10,0,88,80,3
7336,1004,4,0,1,1,1,5,0,2,0,2,21,287,79,120,232,82,20,0,234,105,2
7337,1004,4,0,1,1,1,5,0,2,0,2,21,258,79,30,229,80,10,0,234,136,2
7338,1004,4,0,1,1,1,5,0,2,0,2,21,344,79,60,236,91,30,0,234,84,2
7339,1004,4,0,1,1,1,5,0,2,0,2,21,258,66,30,232,78,20,0,144,84,3
7340,1004,4,0,1,1,1,5,0,2,0,2,21,344,59,60,232,66,20,0,180,136,2
7341,1004,4,0,1,1,1,5,0,2,0,2,21,287,59,120,229,72,10,0,180,84,3
7342,1004,4,0,1,1,1,5,0,2,0,2,21,258,79,120,236,91,10,0,144,105,3
7343,1004,4,0,1,1,1,5,0,2,0,2,21,258,59,30,236,66,30,0,180,105,1
7344,1004,4,0,1,1,1,5,0,2,0,2,21,344,66,60,229,72,10,0,144,105,3
7345,1005,4,0,1,1,1,5,1,1,0,2,15,214,62,120,101,70,20,0,182,85,1
7346,1005,4,0,1,1,1,5,1,1,0,2,15,194,62,30,95,66,10,0,182,110,1
7347,1005,4,0,1,1,1,5,1,1,0,2,15,255,62,60,109,80,30,0,182,68,3
7348,1005,4,0,1,1,1,5,1,1,0,2,15,194,52,30,101,70,20,0,112,68,3
7349,1005,4,0,1,1,1,5,1,1,0,2,15,255,47,60,101,53,20,0,140,110,1
7350,1005,4,0,1,1,1,5,1,1,0,2,15,214,47,120,95,66,10,0,140,68,1
7351,1005,4,0,1,1,1,5,1,1,0,2,15,194,62,120,109,80,10,0,112,85,1
7352,1005,4,0,1,1,1,5,1,1,0,2,15,194,47,30,109,56,30,0,140,85,1
7353,1005,4,0,1,1,1,5,1,1,0,2,15,255,52,60,95,62,10,0,112,85,1
7354,1006,4,0,1,1,1,5,1,2,0,1,2,144,50,120,89,54,20,0,143,70,2
7355,1006,4,0,1,1,1,5,1,2,0,1,2,130,50,30,86,52,10,0,143,91,2
7356,1006,4,0,1,1,1,5,1,2,0,1,2,172,50,60,93,62,30,0,143,56,3
7357,1006,4,0,1,1,1,5,1,2,0,1,2,130,42,30,89,53,20,0,88,56,2
7358,1006,4,0,1,1,1,5,1,2,0,1,2,172,38,60,89,43,20,0,110,91,2
7359,1006,4,0,1,1,1,5,1,2,0,1,2,144,38,120,86,50,10,0,110,56,2
7360,1006,4,0,1,1,1,5,1,2,0,1,2,130,50,120,93,62,10,0,88,70,2
7361,1006,4,0,1,1,1,5,1,2,0,1,2,130,38,30,93,45,30,0,110,70,2
7362,1006,4,0,1,1,1,5,1,2,0,1,2,172,42,60,86,48,10,0,88,70,2
7363,1007,4,0,1,1,1,2,0,1,0,22,2,139,36,30,69,40,10,0,100,44,2
7364,1007,4,0,1,1,1,2,0,1,0,22,2,139,36,120,65,46,10,0,130,71,2
7365,1007,4,0,1,1,1,2,0,1,0,22,2,139,32,30,62,43,20,0,130,55,2
7366,1007,4,0,1,1,1,2,0,1,0,22,2,110,32,60,62,43,30,0,80,71,2
7367,1007,4,0,1,1,1,2,0,1,0,22,2,120,36,30,62,42,30,0,130,44,2
7368,1007,4,0,1,1,1,2,0,1,0,22,2,120,32,30,65,38,10,0,80,55,2
7369,1007,4,0,1,1,1,2,0,1,0,22,2,120,43,60,62,46,20,0,80,44,3
7370,1007,4,0,1,1,1,2,0,1,0,22,2,139,43,30,65,48,30,0,80,71,3
7371,1007,4,0,1,1,1,2,0,1,0,22,2,120,36,60,65,46,30,0,100,55,2
7372,1008,4,0,1,1,1,2,0,2,0,22,3,218,52,120,128,52,30,0,180,95,2
7373,1008,4,0,1,1,1,2,0,2,0,22,3,170,39,120,131,43,30,0,234,76,1
7374,1008,4,0,1,1,1,2,0,2,0,22,3,218,39,120,135,43,20,0,144,76,2
7375,1008,4,0,1,1,1,2,0,2,0,22,3,186,39,60,135,43,10,0,234,123,2
7376,1008,4,0,1,1,1,2,0,2,0,22,3,186,43,120,135,45,30,0,144,123,2
7377,1008,4,0,1,1,1,2,0,2,0,22,3,170,43,60,135,45,20,0,234,95,2
7378,1008,4,0,1,1,1,2,0,2,0,22,3,170,52,60,131,53,10,0,180,76,2
7379,1008,4,0,1,1,1,2,0,2,0,22,3,170,43,120,128,46,20,0,180,123,2
7380,1008,4,0,1,1,1,2,0,2,0,22,3,186,52,30,135,57,20,0,180,123,2
7381,1009,4,0,1,1,1,2,1,3,0,1,22,193,62,120,50,66,30,0,170,130,2
7382,1009,4,0,1,1,1,2,1,3,0,1,22,150,47,120,56,53,30,0,221,104,2
7383,1009,4,0,1,1,1,2,1,3,0,1,22,193,47,120,64,57,20,0,136,104,3
7384,1009,4,0,1,1,1,2,1,3,0,1,22,164,47,60,64,57,10,0,221,169,2
7385,1009,4,0,1,1,1,2,1,3,0,1,22,164,52,120,64,57,30,0,136,169,2
7386,1009,4,0,1,1,1,2,1,3,0,1,22,150,52,60,64,57,20,0,221,130,2
7387,1009,4,0,1,1,1,2,1,3,0,1,22,150,62,60,56,70,10,0,170,104,2
7388,1009,4,0,1,1,1,2,1,3,0,1,22,150,52,120,50,62,20,0,170,169,2
7389,1009,4,0,1,1,1,2,1,3,0,1,22,164,62,30,64,82,20,0,170,169,2
7390,1010,4,0,1,1,1,2,0,2,0,1,22,374,77,120,209,80,30,0,180,130,3
7391,1010,4,0,1,1,1,2,0,2,0,1,22,298,58,120,215,64,30,0,234,104,2
7392,1010,4,0,1,1,1,2,0,2,0,1,22,374,58,120,223,66,20,0,144,104,3
7393,1010,4,0,1,1,1,2,0,2,0,1,22,323,58,60,223,66,10,0,234,169,2
7394,1010,4,0,1,1,1,2,0,2,0,1,22,323,64,120,223,70,30,0,144,169,3
7395,1010,4,0,1,1,1,2,0,2,0,1,22,298,64,60,223,70,20,0,234,130,2
7396,1010,4,0,1,1,1,2,0,2,0,1,22,298,77,60,215,82,10,0,180,104,3
7397,1010,4,0,1,1,1,2,0,2,0,1,22,298,64,120,209,72,20,0,180,169,2
7398,1010,4,0,1,1,1,2,0,2,0,1,22,323,77,30,223,94,20,0,180,169,3
7399,1011,4,0,1,1,1,2,1,1,0,2,1,182,43,30,101,48,10,0,90,40,3
7400,1011,4,0,1,1,1,2,1,1,0,2,1,182,43,120,97,56,10,0,117,65,2
7401,1011,4,0,1,1,1,2,1,1,0,2,1,182,39,30,94,52,20,0,117,50,3
7402,1011,4,0,1,1,1,2,1,1,0,2,1,137,39,60,94,52,30,0,72,65,3
7403,1011,4,0,1,1,1,2,1,1,0,2,1,152,43,30,94,49,30,0,117,40,3
7404,1011,4,0,1,1,1,2,1,1,0,2,1,152,39,30,97,45,10,0,72,50,3
7405,1011,4,0,1,1,1,2,1,1,0,2,1,152,52,60,94,53,20,0,72,40,3
7406,1011,4,0,1,1,1,2,1,1,0,2,1,182,52,30,97,56,30,0,72,65,3
7407,1011,4,0,1,1,1,2,1,1,0,2,1,152,43,60,97,56,30,0,90,50,3
7408,1012,4,0,1,1,1,2,1,2,0,17,2,206,59,120,120,62,30,0,140,95,2
7409,1012,4,0,1,1,1,2,1,2,0,17,2,157,44,120,123,49,30,0,182,76,2
7410,1012,4,0,1,1,1,2,1,2,0,17,2,206,44,120,127,50,20,0,112,76,3
7411,1012,4,0,1,1,1,2,1,2,0,17,2,173,44,60,127,50,10,0,182,123,2
7412,1012,4,0,1,1,1,2,1,2,0,17,2,173,49,120,127,53,30,0,112,123,3
7413,1012,4,0,1,1,1,2,1,2,0,17,2,157,49,60,127,53,20,0,182,95,2
7414,1012,4,0,1,1,1,2,1,2,0,17,2,157,59,60,123,64,10,0,140,76,2
7415,1012,4,0,1,1,1,2,1,2,0,17,2,157,49,120,120,54,20,0,140,123,2
7416,1012,4,0,1,1,1,2,1,2,0,17,2,173,59,30,127,70,20,0,140,123,2
7417,1013,4,0,1,1,1,3,1,3,0,2,1,154,42,30,79,46,10,0,90,44,3
7418,1013,4,0,1,1,1,3,1,3,0,2,1,154,42,120,75,53,10,0,117,71,3
7419,1013,4,0,1,1,1,3,1,3,0,2,1,154,38,30,72,50,20,0,117,55,3
7420,1013,4,0,1,1,1,3,1,3,0,2,1,118,38,60,72,50,30,0,72,71,3
7421,1013,4,0,1,1,1,3,1,3,0,2,1,130,42,30,72,48,30,0,117,44,3
7422,1013,4,0,1,1,1,3,1,3,0,2,1,130,38,30,75,43,10,0,72,55,3
7423,1013,4,0,1,1,1,3,1,3,0,2,1,130,50,60,72,52,20,0,72,44,3
7424,1013,4,0,1,1,1,3,1,3,0,2,1,154,50,30,75,53,30,0,72,71,3
7425,1013,4,0,1,1,1,3,1,3,0,2,1,130,42,60,75,53,30,0,90,55,3
7426,1014,4,0,1,1,1,4,1,2,0,18,22,302,84,120,139,86,30,0,210,135,3
7427,1014,4,0,1,1,1,4,1,2,0,18,22,229,63,120,145,70,30,0,273,108,3
7428,1014,4,0,1,1,1,4,1,2,0,18,22,302,63,120,153,72,20,0,168,108,3
7429,1014,4,0,1,1,1,4,1,2,0,18,22,253,63,60,153,72,10,0,273,175,3
7430,1014,4,0,1,1,1,4,1,2,0,18,22,253,70,120,153,74,30,0,168,175,3
7431,1014,4,0,1,1,1,4,1,2,0,18,22,229,70,60,153,74,20,0,273,135,3
7432,1014,4,0,1,1,1,4,1,2,0,18,22,229,84,60,145,91,10,0,210,108,3
7433,1014,4,0,1,1,1,4,1,2,0,18,22,229,70,120,139,78,20,0,210,175,3
7434,1014,4,0,1,1,1,4,1,2,0,18,22,253,84,30,153,102,20,0,210,175,3
7435,1015,4,0,1,1,1,2,1,4,0,2,22,207,54,120,152,56,20,0,156,80,2
7436,1015,4,0,1,1,1,2,1,4,0,2,22,192,54,30,149,54,10,0,156,104,2
7437,1015,4,0,1,1,1,2,1,4,0,2,22,236,54,60,156,62,30,0,156,64,3
7438,1015,4,0,1,1,1,2,1,4,0,2,22,192,45,30,152,53,20,0,96,64,3
7439,1015,4,0,1,1,1,2,1,4,0,2,22,236,40,60,152,45,20,0,120,104,2
7440,1015,4,0,1,1,1,2,1,4,0,2,22,207,40,120,149,50,10,0,120,64,3
7441,1015,4,0,1,1,1,2,1,4,0,2,22,192,54,120,156,62,10,0,96,80,3
7442,1015,4,0,1,1,1,2,1,4,0,2,22,192,40,30,156,46,30,0,120,80,2
7443,1015,4,0,1,1,1,2,1,4,0,2,22,236,45,60,149,49,10,0,96,80,3
7444,1016,4,0,1,1,1,3,1,3,0,17,22,292,77,120,71,82,30,0,220,130,2
7445,1016,4,0,1,1,1,3,1,3,0,17,22,224,58,120,80,66,30,0,286,104,2
7446,1016,4,0,1,1,1,3,1,3,0,17,22,292,58,120,92,72,20,0,176,104,3
7447,1016,4,0,1,1,1,3,1,3,0,17,22,247,58,60,92,72,10,0,286,169,2
7448,1016,4,0,1,1,1,3,1,3,0,17,22,247,64,120,92,72,30,0,176,169,3
7449,1016,4,0,1,1,1,3,1,3,0,17,22,224,64,60,92,72,20,0,286,130,2
7450,1016,4,0,1,1,1,3,1,3,0,17,22,224,77,60,80,88,10,0,220,104,2
7451,1016,4,0,1,1,1,3,1,3,0,17,22,224,64,120,71,78,20,0,220,169,2
7452,1016,4,0,1,1,1,3,1,3,0,17,22,247,77,30,92,105,20,0,220,169,2
7453,1017,4,0,1,3,0,3,1,2,0,25,1,200,74,120,71,82,20,0,273,145,1
7454,1017,4,0,1,3,0,3,1,2,0,25,1,182,74,30,63,78,10,0,273,188,2
7455,1017,4,0,1,3,0,3,1,2,0,25,1,236,74,60,81,99,30,0,273,116,1
7456,1017,4,0,1,3,0,3,1,2,0,25,1,182,62,30,71,86,20,0,168,116,1
7457,1017,4,0,1,3,0,3,1,2,0,25,1,236,56,60,71,64,20,0,210,188,2
7458,1017,4,0,1,3,0,3,1,2,0,25,1,200,56,120,63,78,10,0,210,116,2
7459,1017,4,0,1,3,0,3,1,2,0,25,1,182,74,120,81,99,10,0,168,145,1
7460,1017,4,0,1,3,0,3,1,2,0,25,1,182,56,30,81,66,30,0,210,145,2
7461,1017,4,0,1,3,0,3,1,2,0,25,1,236,62,60,63,72,10,0,168,145,2
7462,1018,4,0,1,3,0,4,1,3,0,2,22,103,25,30,38,29,10,0,70,32,3
7463,1018,4,0,1,3,0,4,1,3,0,2,22,103,25,120,34,38,10,0,91,52,2
7464,1018,4,0,1,3,0,4,1,3,0,2,22,103,22,30,31,34,20,0,91,40,2
7465,1018,4,0,1,3,0,4,1,3,0,2,22,82,22,60,31,34,30,0,56,52,2
7466,1018,4,0,1,3,0,4,1,3,0,2,22,89,25,30,31,32,30,0,91,32,3
7467,1018,4,0,1,3,0,4,1,3,0,2,22,89,22,30,34,26,10,0,56,40,2
7468,1018,4,0,1,3,0,4,1,3,0,2,22,89,30,60,31,34,20,0,56,32,2
7469,1018,4,0,1,3,0,4,1,3,0,2,22,103,30,30,34,38,30,0,56,52,1
7470,1018,4,0,1,3,0,4,1,3,0,2,22,89,25,60,34,38,30,0,70,40,2
7471,1019,4,0,1,3,0,2,1,2,0,1,2,106,42,120,34,46,30,0,90,60,2
7472,1019,4,0,1,3,0,2,1,2,0,1,2,85,31,120,37,38,30,0,117,48,2
7473,1019,4,0,1,3,0,2,1,2,0,1,2,106,31,120,41,40,20,0,72,48,2
7474,1019,4,0,1,3,0,2,1,2,0,1,2,92,31,60,41,40,10,0,117,78,2
7475,1019,4,0,1,3,0,2,1,2,0,1,2,92,35,120,41,42,30,0,72,78,2
7476,1019,4,0,1,3,0,2,1,2,0,1,2,85,35,60,41,42,20,0,117,60,2
7477,1019,4,0,1,3,0,2,1,2,0,1,2,85,42,60,37,49,10,0,90,48,2
7478,1019,4,0,1,3,0,2,1,2,0,1,2,85,35,120,34,43,20,0,90,78,2
7479,1019,4,0,1,3,0,2,1,2,0,1,2,92,42,30,41,56,20,0,90,78,2
7480,1020,4,0,1,3,1,4,1,3,0,25,18,419,74,30,234,82,10,0,240,120,3
7481,1020,4,0,1,3,1,4,1,3,0,25,18,419,74,120,224,99,10,0,312,195,2
7482,1020,4,0,1,3,1,4,1,3,0,25,18,419,67,30,216,91,20,0,312,150,2
7483,1020,4,0,1,3,1,4,1,3,0,25,18,320,67,60,216,91,30,0,192,195,3
7484,1020,4,0,1,3,1,4,1,3,0,25,18,353,74,30,216,88,30,0,312,120,2
7485,1020,4,0,1,3,1,4,1,3,0,25,18,353,67,30,224,78,10,0,192,150,3
7486,1020,4,0,1,3,1,4,1,3,0,25,18,353,89,60,216,97,20,0,192,120,3
7487,1020,4,0,1,3,1,4,1,3,0,25,18,419,89,30,224,102,30,0,192,195,3
7488,1020,4,0,1,3,1,4,1,3,0,25,18,353,74,60,224,99,30,0,240,150,3
7489,1021,4,0,1,3,1,3,1,3,0,1,2,141,48,120,61,50,30,0,130,80,2
7490,1021,4,0,1,3,1,3,1,3,0,1,2,108,36,120,64,42,30,0,169,64,2
7491,1021,4,0,1,3,1,3,1,3,0,1,2,141,36,120,68,45,20,0,104,64,3
7492,1021,4,0,1,3,1,3,1,3,0,1,2,119,36,60,68,45,10,0,169,104,1
7493,1021,4,0,1,3,1,3,1,3,0,1,2,119,40,120,68,45,30,0,104,104,2
7494,1021,4,0,1,3,1,3,1,3,0,1,2,108,40,60,68,45,20,0,169,80,2
7495,1021,4,0,1,3,1,3,1,3,0,1,2,108,48,60,64,53,10,0,130,64,3
7496,1021,4,0,1,3,1,3,1,3,0,1,2,108,40,120,61,48,20,0,130,104,2
7497,1021,4,0,1,3,1,3,1,3,0,1,2,119,48,30,68,62,20,0,130,104,1
7498,1022,4,0,3,0,0,2,1,0,0,2,1,106,84,120,34,91,30,0,80,50,3
7499,1022,4,0,3,0,0,2,1,0,0,2,1,85,63,120,37,76,30,0,104,40,2
7500,1022,4,0,3,0,0,2,1,0,0,2,1,106,63,120,41,80,20,0,64,40,3
7501,1022,4,0,3,0,0,2,1,0,0,2,1,92,63,60,41,80,10,0,104,65,2
7502,1022,4,0,3,0,0,2,1,0,0,2,1,92,70,120,41,83,30,0,64,65,3
7503,1022,4,0,3,0,0,2,1,0,0,2,1,85,70,60,41,83,20,0,104,50,3
7504,1022,4,0,3,0,0,2,1,0,0,2,1,85,84,60,37,98,10,0,80,40,3
7505,1022,4,0,3,0,0,2,1,0,0,2,1,85,70,120,34,86,20,0,80,65,2
7506,1022,4,0,3,0,0,2,1,0,0,2,1,92,84,30,41,111,20,0,80,65,3
7507,1023,4,0,3,0,0,2,1,2,0,25,1,236,148,120,63,156,30,0,210,150,2
7508,1023,4,0,3,0,0,2,1,2,0,25,1,182,111,120,71,128,30,0,273,120,2
7509,1023,4,0,3,0,0,2,1,2,0,25,1,236,111,120,81,132,20,0,168,120,3
7510,1023,4,0,3,0,0,2,1,2,0,25,1,200,111,60,81,132,10,0,273,195,2
7511,1023,4,0,3,0,0,2,1,2,0,25,1,200,123,120,81,139,30,0,168,195,2
7512,1023,4,0,3,0,0,2,1,2,0,25,1,182,123,60,81,139,20,0,273,150,2
7513,1023,4,0,3,0,0,2,1,2,0,25,1,182,148,60,71,165,10,0,210,120,3
7514,1023,4,0,3,0,0,2,1,2,0,25,1,182,123,120,63,144,20,0,210,195,2
7515,1023,4,0,3,0,0,2,1,2,0,25,1,200,148,30,81,198,20,0,210,195,2
7516,1024,4,0,3,1,0,2,0,2,0,25,2,146,80,30,55,90,10,0,110,52,2
7517,1024,4,0,3,1,0,2,0,2,0,25,2,146,80,120,49,106,10,0,143,84,2
7518,1024,4,0,3,1,0,2,0,2,0,25,2,146,72,30,44,99,20,0,143,65,2
7519,1024,4,0,3,1,0,2,0,2,0,25,2,114,72,60,44,99,30,0,88,84,3
7520,1024,4,0,3,1,0,2,0,2,0,25,2,125,80,30,44,91,30,0,143,52,2
7521,1024,4,0,3,1,0,2,0,2,0,25,2,125,72,30,49,83,10,0,88,65,3
7522,1024,4,0,3,1,0,2,0,2,0,25,2,125,96,60,44,99,20,0,88,52,2
7523,1024,4,0,3,1,0,2,0,2,0,25,2,146,96,30,49,106,30,0,88,84,3
7524,1024,4,0,3,1,0,2,0,2,0,25,2,125,80,60,49,106,30,0,110,65,3
7525,1025,4,0,3,1,0,2,1,1,0,25,10,120,76,120,90,83,30,0,90,55,3
7526,1025,4,0,3,1,0,2,1,1,0,25,10,95,57,120,92,63,30,0,117,44,1
7527,1025,4,0,3,1,0,2,1,1,0,25,10,120,57,120,94,65,20,0,72,44,3
7528,1025,4,0,3,1,0,2,1,1,0,25,10,103,57,60,94,65,10,0,117,71,1
7529,1025,4,0,3,1,0,2,1,1,0,25,10,103,63,120,94,70,30,0,72,71,3
7530,1025,4,0,3,1,0,2,1,1,0,25,10,95,63,60,94,70,20,0,117,55,1
7531,1025,4,0,3,1,0,2,1,1,0,25,10,95,76,60,92,83,10,0,90,44,3
7532,1025,4,0,3,1,0,2,1,1,0,25,10,95,63,120,90,71,20,0,90,71,3
7533,1025,4,0,3,1,0,2,1,1,0,25,10,103,76,30,94,91,20,0,90,71,3
7534,1026,4,0,3,1,0,2,1,2,0,2,1,120,76,30,49,86,10,0,90,40,2
7535,1026,4,0,3,1,0,2,1,2,0,2,1,120,76,120,45,103,10,0,117,65,3
7536,1026,4,0,3,1,0,2,1,2,0,2,1,120,68,30,42,95,20,0,117,50,2
7537,1026,4,0,3,1,0,2,1,2,0,2,1,90,68,60,42,95,30,0,72,65,1
7538,1026,4,0,3,1,0,2,1,2,0,2,1,100,76,30,42,91,30,0,117,40,3
7539,1026,4,0,3,1,0,2,1,2,0,2,1,100,68,30,45,80,10,0,72,50,3
7540,1026,4,0,3,1,0,2,1,2,0,2,1,100,91,60,42,98,20,0,72,40,2
7541,1026,4,0,3,1,0,2,1,2,0,2,1,120,91,30,45,103,30,0,72,65,2
7542,1026,4,0,3,1,0,2,1,2,0,2,1,100,76,60,45,103,30,0,90,50,3
7543,1027,4,0,3,1,0,2,1,2,0,22,1,188,133,120,80,149,20,0,208,105,2
7544,1027,4,0,3,1,0,2,1,2,0,22,1,170,133,30,74,144,10,0,208,136,2
7545,1027,4,0,3,1,0,2,1,2,0,22,1,224,133,60,88,172,30,0,208,84,2
7546,1027,4,0,3,1,0,2,1,2,0,22,1,170,111,30,80,149,20,0,128,84,3
7547,1027,4,0,3,1,0,2,1,2,0,22,1,224,100,60,80,114,20,0,160,136,2
7548,1027,4,0,3,1,0,2,1,2,0,22,1,188,100,120,74,139,10,0,160,84,2
7549,1027,4,0,3,1,0,2,1,2,0,22,1,170,133,120,88,172,10,0,128,105,3
7550,1027,4,0,3,1,0,2,1,2,0,22,1,170,100,30,88,123,30,0,160,105,2
7551,1027,4,0,3,1,0,2,1,2,0,22,1,224,111,60,74,132,10,0,128,105,2
7552,1028,4,0,3,1,0,2,1,2,0,25,22,54,40,120,30,50,20,0,52,30,3
7553,1028,4,0,3,1,0,2,1,2,0,25,22,51,40,30,28,45,10,0,52,39,2
7554,1028,4,0,3,1,0,2,1,2,0,25,22,61,40,60,32,62,30,0,52,24,3
7555,1028,4,0,3,1,0,2,1,2,0,25,22,51,33,30,30,52,20,0,32,24,3
7556,1028,4,0,3,1,0,2,1,2,0,25,22,61,30,60,30,37,20,0,40,39,2
7557,1028,4,0,3,1,0,2,1,2,0,25,22,54,30,120,28,45,10,0,40,24,3
7558,1028,4,0,3,1,0,2,1,2,0,25,22,51,40,120,32,62,10,0,32,30,3
7559,1028,4,0,3,1,0,2,1,2,0,25,22,51,30,30,32,38,30,0,40,30,3
7560,1028,4,0,3,1,0,2,1,2,0,25,22,61,33,60,28,42,10,0,32,30,3
7561,1029,4,0,3,1,0,3,1,1,0,25,1,200,148,120,71,165,20,0,273,115,3
7562,1029,4,0,3,1,0,3,1,1,0,25,1,182,148,30,63,156,10,0,273,149,1
7563,1029,4,0,3,1,0,3,1,1,0,25,1,236,148,60,81,198,30,0,273,92,3
7564,1029,4,0,3,1,0,3,1,1,0,25,1,182,123,30,71,172,20,0,168,92,3
7565,1029,4,0,3,1,0,3,1,1,0,25,1,236,111,60,71,128,20,0,210,149,2
7566,1029,4,0,3,1,0,3,1,1,0,25,1,200,111,120,63,156,10,0,210,92,1
7567,1029,4,0,3,1,0,3,1,1,0,25,1,182,148,120,81,198,10,0,168,115,3
7568,1029,4,0,3,1,0,3,1,1,0,25,1,182,111,30,81,132,30,0,210,115,2
7569,1029,4,0,3,1,0,3,1,1,0,25,1,236,123,60,63,144,10,0,168,115,2
7570,1030,4,0,3,1,0,4,1,2,0,19,22,197,137,120,89,156,20,0,273,110,2
7571,1030,4,0,3,1,0,4,1,2,0,19,22,177,137,30,83,149,10,0,273,143,2
7572,1030,4,0,3,1,0,4,1,2,0,19,22,236,137,60,97,182,30,0,273,88,3
7573,1030,4,0,3,1,0,4,1,2,0,19,22,177,114,30,89,156,20,0,168,88,3
7574,1030,4,0,3,1,0,4,1,2,0,19,22,236,103,60,89,123,20,0,210,143,2
7575,1030,4,0,3,1,0,4,1,2,0,19,22,197,103,120,83,144,10,0,210,88,3
7576,1030,4,0,3,1,0,4,1,2,0,19,22,177,137,120,97,182,10,0,168,110,3
7577,1030,4,0,3,1,0,4,1,2,0,19,22,177,103,30,97,128,30,0,210,110,2
7578,1030,4,0,3,1,0,4,1,2,0,19,22,236,114,60,83,139,10,0,168,110,2
7579,1031,4,0,3,1,0,4,1,2,0,22,17,392,158,120,222,165,30,0,190,105,3
7580,1031,4,0,3,1,0,4,1,2,0,22,17,305,119,120,228,132,30,0,247,84,3
7581,1031,4,0,3,1,0,4,1,2,0,22,17,392,119,120,236,139,20,0,152,84,3
7582,1031,4,0,3,1,0,4,1,2,0,22,17,334,119,60,236,139,10,0,247,136,3
7583,1031,4,0,3,1,0,4,1,2,0,22,17,334,132,120,236,144,30,0,152,136,3
7584,1031,4,0,3,1,0,4,1,2,0,22,17,305,132,60,236,144,20,0,247,105,3
7585,1031,4,0,3,1,0,4,1,2,0,22,17,305,158,60,228,172,10,0,190,84,3
7586,1031,4,0,3,1,0,4,1,2,0,22,17,305,132,120,222,149,20,0,190,136,3
7587,1031,4,0,3,1,0,4,1,2,0,22,17,334,158,30,236,198,20,0,190,136,3
7588,1032,4,0,3,1,0,4,1,3,0,22,1,227,114,30,93,128,10,0,180,96,2
7589,1032,4,0,3,1,0,4,1,3,0,22,1,227,114,120,85,156,10,0,234,156,2
7590,1032,4,0,3,1,0,4,1,3,0,22,1,227,103,30,79,144,20,0,234,120,2
7591,1032,4,0,3,1,0,4,1,3,0,22,1,176,103,60,79,144,30,0,144,156,2
7592,1032,4,0,3,1,0,4,1,3,0,22,1,193,114,30,79,139,30,0,234,96,2
7593,1032,4,0,3,1,0,4,1,3,0,22,1,193,103,30,85,123,10,0,144,120,2
7594,1032,4,0,3,1,0,4,1,3,0,22,1,193,137,60,79,149,20,0,144,96,2
7595,1032,4,0,3,1,0,4,1,3,0,22,1,227,137,30,85,156,30,0,144,156,2
7596,1032,4,0,3,1,0,4,1,3,0,22,1,193,114,60,85,156,30,0,180,120,2
7597,1033,4,0,3,1,0,4,1,3,0,25,3,295,124,120,174,128,30,0,170,100,3
7598,1033,4,0,3,1,0,4,1,3,0,25,3,235,93,120,179,106,30,0,221,80,3
7599,1033,4,0,3,1,0,4,1,3,0,25,3,295,93,120,185,108,20,0,136,80,3
7600,1033,4,0,3,1,0,4,1,3,0,25,3,255,93,60,185,108,10,0,221,130,3
7601,1033,4,0,3,1,0,4,1,3,0,25,3,255,103,120,185,114,30,0,136,130,3
7602,1033,4,0,3,1,0,4,1,3,0,25,3,235,103,60,185,114,20,0,221,100,3
7603,1033,4,0,3,1,0,4,1,3,0,25,3,235,124,60,179,132,10,0,170,80,3
7604,1033,4,0,3,1,0,4,1,3,0,25,3,235,103,120,174,116,20,0,170,130,3
7605,1033,4,0,3,1,0,4,1,3,0,25,3,255,124,30,185,149,20,0,170,130,3
7606,1034,4,0,3,1,0,5,1,2,0,25,2,157,96,120,55,99,30,0,110,70,3
7607,1034,4,0,3,1,0,5,1,2,0,25,2,125,72,120,60,83,30,0,143,56,3
7608,1034,4,0,3,1,0,5,1,2,0,25,2,157,72,120,66,90,20,0,88,56,3
7609,1034,4,0,3,1,0,5,1,2,0,25,2,136,72,60,66,90,10,0,143,91,2
7610,1034,4,0,3,1,0,5,1,2,0,25,2,136,80,120,66,90,30,0,88,91,3
7611,1034,4,0,3,1,0,5,1,2,0,25,2,125,80,60,66,90,20,0,143,70,3
7612,1034,4,0,3,1,0,5,1,2,0,25,2,125,96,60,60,106,10,0,110,56,3
7613,1034,4,0,3,1,0,5,1,2,0,25,2,125,80,120,55,95,20,0,110,91,3
7614,1034,4,0,3,1,0,5,1,2,0,25,2,136,96,30,66,123,20,0,110,91,3
7615,1035,4,0,3,1,0,2,0,2,0,17,1,106,43,30,43,52,10,0,60,32,3
7616,1035,4,0,3,1,0,2,0,2,0,17,1,106,43,120,39,68,10,0,78,52,2
7617,1035,4,0,3,1,0,2,0,2,0,17,1,106,39,30,36,62,20,0,78,40,2
7618,1035,4,0,3,1,0,2,0,2,0,17,1,85,39,60,36,62,30,0,48,52,3
7619,1035,4,0,3,1,0,2,0,2,0,17,1,92,43,30,36,57,30,0,78,32,3
7620,1035,4,0,3,1,0,2,0,2,0,17,1,92,39,30,39,48,10,0,48,40,2
7621,1035,4,0,3,1,0,2,0,2,0,17,1,92,52,60,36,62,20,0,48,32,3
7622,1035,4,0,3,1,0,2,0,2,0,17,1,106,52,30,39,65,30,0,48,52,3
7623,1035,4,0,3,1,0,2,0,2,0,17,1,92,43,60,39,68,30,0,60,40,3
7624,1036,4,0,3,1,0,2,0,2,0,17,25,371,179,120,119,194,30,0,250,165,2
7625,1036,4,0,3,1,0,2,0,2,0,17,25,292,134,120,130,156,30,0,325,132,2
7626,1036,4,0,3,1,0,2,0,2,0,17,25,371,134,120,144,165,20,0,200,132,3
7627,1036,4,0,3,1,0,2,0,2,0,17,25,318,134,60,144,165,10,0,325,214,2
7628,1036,4,0,3,1,0,2,0,2,0,17,25,318,149,120,144,165,30,0,200,214,2
7629,1036,4,0,3,1,0,2,0,2,0,17,25,292,149,60,144,165,20,0,325,165,2
7630,1036,4,0,3,1,0,2,0,2,0,17,25,292,179,60,130,210,10,0,250,132,3
7631,1036,4,0,3,1,0,2,0,2,0,17,25,292,149,120,119,177,20,0,250,214,2
7632,1036,4,0,3,1,0,2,0,2,0,17,25,318,179,30,144,248,20,0,250,214,3
7633,1037,4,0,3,1,0,2,0,2,0,25,19,283,133,120,162,139,30,0,190,125,2
7634,1037,4,0,3,1,0,2,0,2,0,25,19,223,100,120,167,114,30,0,247,100,2
7635,1037,4,0,3,1,0,2,0,2,0,25,19,283,100,120,173,116,20,0,152,100,3
7636,1037,4,0,3,1,0,2,0,2,0,25,19,243,100,60,173,116,10,0,247,162,2
7637,1037,4,0,3,1,0,2,0,2,0,25,19,243,111,120,173,123,30,0,152,162,3
7638,1037,4,0,3,1,0,2,0,2,0,25,19,223,111,60,173,123,20,0,247,125,2
7639,1037,4,0,3,1,0,2,0,2,0,25,19,223,133,60,167,144,10,0,190,100,3
7640,1037,4,0,3,1,0,2,0,2,0,25,19,223,111,120,162,128,20,0,190,162,2
7641,1037,4,0,3,1,0,2,0,2,0,25,19,243,133,30,173,161,20,0,190,162,3
7642,1038,4,0,3,1,0,2,1,1,0,17,25,326,173,120,106,194,30,0,260,155,2
7643,1038,4,0,3,1,0,2,1,1,0,17,25,249,130,120,117,156,30,0,338,124,2
7644,1038,4,0,3,1,0,2,1,1,0,17,25,326,130,120,131,165,20,0,208,124,2
7645,1038,4,0,3,1,0,2,1,1,0,17,25,275,130,60,131,165,10,0,338,201,2
7646,1038,4,0,3,1,0,2,1,1,0,17,25,275,144,120,131,165,30,0,208,201,2
7647,1038,4,0,3,1,0,2,1,1,0,17,25,249,144,60,131,165,20,0,338,155,2
7648,1038,4,0,3,1,0,2,1,1,0,17,25,249,173,60,117,210,10,0,260,124,2
7649,1038,4,0,3,1,0,2,1,1,0,17,25,249,144,120,106,177,20,0,260,201,2
7650,1038,4,0,3,1,0,2,1,1,0,17,25,275,173,30,131,248,20,0,260,201,2
7651,1039,4,0,3,1,0,2,1,1,0,25,22,111,50,120,78,57,30,0,50,25,3
7652,1039,4,0,3,1,0,2,1,1,0,25,22,101,38,120,80,42,30,0,65,20,3
7653,1039,4,0,3,1,0,2,1,1,0,25,22,111,38,120,82,45,20,0,40,20,3
7654,1039,4,0,3,1,0,2,1,1,0,25,22,104,38,60,82,45,10,0,65,32,2
7655,1039,4,0,3,1,0,2,1,1,0,25,22,104,42,120,82,48,30,0,40,32,3
7656,1039,4,0,3,1,0,2,1,1,0,25,22,101,42,60,82,48,20,0,65,25,2
7657,1039,4,0,3,1,0,2,1,1,0,25,22,101,50,60,80,58,10,0,50,20,3
7658,1039,4,0,3,1,0,2,1,1,0,25,22,101,42,120,78,50,20,0,50,32,3
7659,1039,4,0,3,1,0,2,1,1,0,25,22,104,50,30,82,70,20,0,50,32,3
7660,1040,4,0,3,1,0,2,1,2,0,17,25,392,187,120,131,205,30,0,290,175,2
7661,1040,4,0,3,1,0,2,1,2,0,17,25,299,140,120,142,161,30,0,377,140,2
7662,1040,4,0,3,1,0,2,1,2,0,17,25,392,140,120,156,172,20,0,232,140,3
7663,1040,4,0,3,1,0,2,1,2,0,17,25,330,140,60,156,172,10,0,377,227,2
7664,1040,4,0,3,1,0,2,1,2,0,17,25,330,156,120,156,177,30,0,232,227,2
7665,1040,4,0,3,1,0,2,1,2,0,17,25,299,156,60,156,177,20,0,377,175,2
7666,1040,4,0,3,1,0,2,1,2,0,17,25,299,187,60,142,215,10,0,290,140,3
7667,1040,4,0,3,1,0,2,1,2,0,17,25,299,156,120,131,189,20,0,290,227,3
7668,1040,4,0,3,1,0,2,1,2,0,17,25,330,187,30,156,253,20,0,290,227,3
7669,1041,4,0,3,1,0,2,1,2,0,22,1,159,103,120,80,106,30,0,110,65,3
7670,1041,4,0,3,1,0,2,1,2,0,22,1,128,77,120,83,86,30,0,143,52,2
7671,1041,4,0,3,1,0,2,1,2,0,22,1,159,77,120,87,91,20,0,88,52,3
7672,1041,4,0,3,1,0,2,1,2,0,22,1,138,77,60,87,91,10,0,143,84,2
7673,1041,4,0,3,1,0,2,1,2,0,22,1,138,86,120,87,91,30,0,88,84,3
7674,1041,4,0,3,1,0,2,1,2,0,22,1,128,86,60,87,91,20,0,143,65,2
7675,1041,4,0,3,1,0,2,1,2,0,22,1,128,103,60,83,108,10,0,110,52,3
7676,1041,4,0,3,1,0,2,1,2,0,22,1,128,86,120,80,98,20,0,110,84,3
7677,1041,4,0,3,1,0,2,1,2,0,22,1,138,103,30,87,123,20,0,110,84,3
7678,1042,4,0,3,1,0,3,0,1,0,25,10,108,82,120,97,86,20,0,130,60,3
7679,1042,4,0,3,1,0,3,0,1,0,25,10,98,82,30,95,86,10,0,130,78,2
7680,1042,4,0,3,1,0,3,0,1,0,25,10,128,82,60,99,95,30,0,130,48,3
7681,1042,4,0,3,1,0,3,0,1,0,25,10,98,68,30,97,83,20,0,80,48,3
7682,1042,4,0,3,1,0,3,0,1,0,25,10,128,61,60,97,65,20,0,100,78,2
7683,1042,4,0,3,1,0,3,0,1,0,25,10,108,61,120,95,76,10,0,100,48,3
7684,1042,4,0,3,1,0,3,0,1,0,25,10,98,82,120,99,95,10,0,80,60,3
7685,1042,4,0,3,1,0,3,0,1,0,25,10,98,61,30,99,70,30,0,100,60,3
7686,1042,4,0,3,1,0,3,0,1,0,25,10,128,68,60,95,76,10,0,80,60,3
7687,1043,4,0,3,1,0,4,0,1,0,25,18,492,206,120,275,215,30,0,280,155,3
7688,1043,4,0,3,1,0,4,0,1,0,25,18,372,155,120,283,172,30,0,364,124,2
7689,1043,4,0,3,1,0,4,0,1,0,25,18,492,155,120,293,177,20,0,224,124,3
7690,1043,4,0,3,1,0,4,0,1,0,25,18,412,155,60,293,177,10,0,364,201,2
7691,1043,4,0,3,1,0,4,0,1,0,25,18,412,172,120,293,189,30,0,224,201,3
7692,1043,4,0,3,1,0,4,0,1,0,25,18,372,172,60,293,189,20,0,364,155,2
7693,1043,4,0,3,1,0,4,0,1,0,25,18,372,206,60,283,227,10,0,280,124,3
7694,1043,4,0,3,1,0,4,0,1,0,25,18,372,172,120,275,194,20,0,280,201,2
7695,1043,4,0,3,1,0,4,0,1,0,25,18,412,206,30,293,253,20,0,280,201,3
7696,1044,4,0,3,1,0,4,1,2,0,22,2,103,50,30,38,58,10,0,70,28,3
7697,1044,4,0,3,1,0,4,1,2,0,22,2,103,50,120,34,76,10,0,91,45,1
7698,1044,4,0,3,1,0,4,1,2,0,22,2,103,45,30,31,68,20,0,91,35,3
7699,1044,4,0,3,1,0,4,1,2,0,22,2,82,45,60,31,68,30,0,56,45,3
7700,1044,4,0,3,1,0,4,1,2,0,22,2,89,50,30,31,63,30,0,91,28,3
7701,1044,4,0,3,1,0,4,1,2,0,22,2,89,45,30,34,52,10,0,56,35,3
7702,1044,4,0,3,1,0,4,1,2,0,22,2,89,60,60,31,68,20,0,56,28,3
7703,1044,4,0,3,1,0,4,1,2,0,22,2,103,60,30,34,76,30,0,56,45,3
7704,1044,4,0,3,1,0,4,1,2,0,22,2,89,50,60,34,76,30,0,70,35,3
7705,1045,4,0,3,1,0,4,1,2,0,25,2,125,96,120,49,106,20,0,143,70,3
7706,1045,4,0,3,1,0,4,1,2,0,25,2,114,96,30,44,99,10,0,143,91,3
7707,1045,4,0,3,1,0,4,1,2,0,25,2,146,96,60,55,123,30,0,143,56,3
7708,1045,4,0,3,1,0,4,1,2,0,25,2,114,80,30,49,106,20,0,88,56,3
7709,1045,4,0,3,1,0,4,1,2,0,25,2,146,72,60,49,83,20,0,110,91,3
7710,1045,4,0,3,1,0,4,1,2,0,25,2,125,72,120,44,99,10,0,110,56,3
7711,1045,4,0,3,1,0,4,1,2,0,25,2,114,96,120,55,123,10,0,88,70,3
7712,1045,4,0,3,1,0,4,1,2,0,25,2,114,72,30,55,86,30,0,110,70,3
7713,1045,4,0,3,1,0,4,1,2,0,25,2,146,80,60,44,91,10,0,88,70,3
7714,1046,4,0,3,1,0,4,1,3,0,1,10,171,103,120,101,108,30,0,130,65,3
7715,1046,4,0,3,1,0,4,1,3,0,1,10,135,77,120,104,90,30,0,169,52,3
7716,1046,4,0,3,1,0,4,1,3,0,1,10,171,77,120,108,91,20,0,104,52,3
7717,1046,4,0,3,1,0,4,1,3,0,1,10,147,77,60,108,91,10,0,169,84,2
7718,1046,4,0,3,1,0,4,1,3,0,1,10,147,86,120,108,95,30,0,104,84,2
7719,1046,4,0,3,1,0,4,1,3,0,1,10,135,86,60,108,95,20,0,169,65,3
7720,1046,4,0,3,1,0,4,1,3,0,1,10,135,103,60,104,111,10,0,130,52,3
7721,1046,4,0,3,1,0,4,1,3,0,1,10,135,86,120,101,99,20,0,130,84,2
7722,1046,4,0,3,1,0,4,1,3,0,1,10,147,103,30,108,128,20,0,130,84,3
7723,1047,4,0,3,1,0,4,1,3,0,25,2,185,108,120,73,111,30,0,140,75,2
7724,1047,4,0,3,1,0,4,1,3,0,25,2,139,81,120,78,91,30,0,182,60,2
7725,1047,4,0,3,1,0,4,1,3,0,25,2,185,81,120,84,98,20,0,112,60,2
7726,1047,4,0,3,1,0,4,1,3,0,25,2,154,81,60,84,98,10,0,182,97,2
7727,1047,4,0,3,1,0,4,1,3,0,25,2,154,90,120,84,99,30,0,112,97,2
7728,1047,4,0,3,1,0,4,1,3,0,25,2,139,90,60,84,99,20,0,182,75,2
7729,1047,4,0,3,1,0,4,1,3,0,25,2,139,108,60,78,116,10,0,140,60,2
7730,1047,4,0,3,1,0,4,1,3,0,25,2,139,90,120,73,103,20,0,140,97,2
7731,1047,4,0,3,1,0,4,1,3,0,25,2,154,108,30,84,132,20,0,140,97,2
7732,1048,4,0,3,1,0,4,1,4,0,22,1,219,103,30,90,116,10,0,150,100,2
7733,1048,4,0,3,1,0,4,1,4,0,22,1,219,103,120,82,144,10,0,195,162,3
7734,1048,4,0,3,1,0,4,1,4,0,22,1,219,93,30,76,132,20,0,195,125,2
7735,1048,4,0,3,1,0,4,1,4,0,22,1,176,93,60,76,132,30,0,120,162,1
7736,1048,4,0,3,1,0,4,1,4,0,22,1,190,103,30,76,123,30,0,195,100,2
7737,1048,4,0,3,1,0,4,1,4,0,22,1,190,93,30,82,108,10,0,120,125,2
7738,1048,4,0,3,1,0,4,1,4,0,22,1,190,124,60,76,132,20,0,120,100,3
7739,1048,4,0,3,1,0,4,1,4,0,22,1,219,124,30,82,144,30,0,120,162,3
7740,1048,4,0,3,1,0,4,1,4,0,22,1,190,103,60,82,144,30,0,150,125,3
7741,1049,4,0,3,1,0,5,0,2,0,22,1,312,148,120,154,156,30,0,180,120,3
7742,1049,4,0,3,1,0,5,0,2,0,22,1,246,111,120,160,128,30,0,234,96,3
7743,1049,4,0,3,1,0,5,0,2,0,22,1,312,111,120,168,132,20,0,144,96,3
7744,1049,4,0,3,1,0,5,0,2,0,22,1,268,111,60,168,132,10,0,234,156,3
7745,1049,4,0,3,1,0,5,0,2,0,22,1,268,123,120,168,139,30,0,144,156,3
7746,1049,4,0,3,1,0,5,0,2,0,22,1,246,123,60,168,139,20,0,234,120,3
7747,1049,4,0,3,1,0,5,0,2,0,22,1,246,148,60,160,165,10,0,180,96,3
7748,1049,4,0,3,1,0,5,0,2,0,22,1,246,123,120,154,144,20,0,180,156,3
7749,1049,4,0,3,1,0,5,0,2,0,22,1,268,148,30,168,189,20,0,180,156,3
7750,1050,4,0,3,1,0,3,0,2,0,9,10,195,109,120,123,114,30,0,110,70,3
7751,1050,4,0,3,1,0,3,0,2,0,9,10,156,82,120,126,95,30,0,143,56,3
7752,1050,4,0,3,1,0,3,0,2,0,9,10,195,82,120,130,98,20,0,88,56,3
7753,1050,4,0,3,1,0,3,0,2,0,9,10,169,82,60,130,98,10,0,143,91,3
7754,1050,4,0,3,1,0,3,0,2,0,9,10,169,91,120,130,99,30,0,88,91,3
7755,1050,4,0,3,1,0,3,0,2,0,9,10,156,91,60,130,99,20,0,143,70,3
7756,1050,4,0,3,1,0,3,0,2,0,9,10,156,109,60,126,116,10,0,110,56,3
7757,1050,4,0,3,1,0,3,0,2,0,9,10,156,91,120,123,103,20,0,110,91,3
7758,1050,4,0,3,1,0,3,0,2,0,9,10,169,109,30,130,132,20,0,110,91,3
7759,1051,4,0,3,1,0,3,1,3,0,25,20,334,144,30,136,172,10,0,260,112,2
7760,1051,4,0,3,1,0,3,1,3,0,25,20,334,144,120,122,215,10,0,338,182,1
7761,1051,4,0,3,1,0,3,1,3,0,25,20,334,130,30,111,194,20,0,338,140,1
7762,1051,4,0,3,1,0,3,1,3,0,25,20,253,130,60,111,194,30,0,208,182,2
7763,1051,4,0,3,1,0,3,1,3,0,25,20,280,144,30,111,182,30,0,338,112,2
7764,1051,4,0,3,1,0,3,1,3,0,25,20,280,130,30,122,156,10,0,208,140,2
7765,1051,4,0,3,1,0,3,1,3,0,25,20,280,173,60,111,198,20,0,208,112,3
7766,1051,4,0,3,1,0,3,1,3,0,25,20,334,173,30,122,210,30,0,208,182,3
7767,1051,4,0,3,1,0,3,1,3,0,25,20,280,144,60,122,215,30,0,260,140,3
7768,1052,4,0,3,1,0,2,1,3,0,25,3,282,103,30,172,114,10,0,180,80,3
7769,1052,4,0,3,1,0,2,1,3,0,25,3,282,103,120,166,132,10,0,234,130,2
7770,1052,4,0,3,1,0,2,1,3,0,25,3,282,93,30,161,123,20,0,234,100,2
7771,1052,4,0,3,1,0,2,1,3,0,25,3,222,93,60,161,123,30,0,144,130,3
7772,1052,4,0,3,1,0,2,1,3,0,25,3,242,103,30,161,116,30,0,234,80,3
7773,1052,4,0,3,1,0,2,1,3,0,25,3,242,93,30,166,106,10,0,144,100,3
7774,1052,4,0,3,1,0,2,1,3,0,25,3,242,124,60,161,128,20,0,144,80,3
7775,1052,4,0,3,1,0,2,1,3,0,25,3,282,124,30,166,132,30,0,144,130,3
7776,1052,4,0,3,1,0,2,1,3,0,25,3,242,103,60,166,132,30,0,180,100,3
7777,1053,4,0,3,1,0,3,0,1,0,25,2,125,96,120,49,106,20,0,143,75,2
7778,1053,4,0,3,1,0,3,0,1,0,25,2,114,96,30,44,99,10,0,143,97,2
7779,1053,4,0,3,1,0,3,0,1,0,25,2,146,96,60,55,123,30,0,143,60,3
7780,1053,4,0,3,1,0,3,0,1,0,25,2,114,80,30,49,106,20,0,88,60,3
7781,1053,4,0,3,1,0,3,0,1,0,25,2,146,72,60,49,83,20,0,110,97,2
7782,1053,4,0,3,1,0,3,0,1,0,25,2,125,72,120,44,99,10,0,110,60,2
7783,1053,4,0,3,1,0,3,0,1,0,25,2,114,96,120,55,123,10,0,88,75,3
7784,1053,4,0,3,1,0,3,0,1,0,25,2,114,72,30,55,86,30,0,110,75,2
7785,1053,4,0,3,1,0,3,0,1,0,25,2,146,80,60,44,91,10,0,88,75,3
7786,1054,4,0,3,1,0,3,0,3,0,25,2,146,96,120,44,99,30,0,110,75,3
7787,1054,4,0,3,1,0,3,0,3,0,25,2,114,72,120,49,83,30,0,143,60,2
7788,1054,4,0,3,1,0,3,0,3,0,25,2,146,72,120,55,86,20,0,88,60,3
7789,1054,4,0,3,1,0,3,0,3,0,25,2,125,72,60,55,86,10,0,143,97,2
7790,1054,4,0,3,1,0,3,0,3,0,25,2,125,80,120,55,90,30,0,88,97,2
7791,1054,4,0,3,1,0,3,0,3,0,25,2,114,80,60,55,90,20,0,143,75,2
7792,1054,4,0,3,1,0,3,0,3,0,25,2,114,96,60,49,106,10,0,110,60,3
7793,1054,4,0,3,1,0,3,0,3,0,25,2,114,80,120,44,91,20,0,110,97,2
7794,1054,4,0,3,1,0,3,0,3,0,25,2,125,96,30,55,123,20,0,110,97,3
7795,1055,4,0,3,1,0,3,0,3,0,25,12,230,127,120,112,128,30,0,180,105,3
7796,1055,4,0,3,1,0,3,0,3,0,25,12,175,95,120,117,106,30,0,234,84,3
7797,1055,4,0,3,1,0,3,0,3,0,25,12,230,95,120,123,108,20,0,144,84,3
7798,1055,4,0,3,1,0,3,0,3,0,25,12,193,95,60,123,108,10,0,234,136,3
7799,1055,4,0,3,1,0,3,0,3,0,25,12,193,106,120,123,114,30,0,144,136,3
7800,1055,4,0,3,1,0,3,0,3,0,25,12,175,106,60,123,114,20,0,234,105,3
7801,1055,4,0,3,1,0,3,0,3,0,25,12,175,127,60,117,132,10,0,180,84,3
7802,1055,4,0,3,1,0,3,0,3,0,25,12,175,106,120,112,116,20,0,180,136,3
7803,1055,4,0,3,1,0,3,0,3,0,25,12,193,127,30,123,149,20,0,180,136,3
7804,1056,4,0,3,1,0,3,1,3,0,25,1,236,123,30,81,139,10,0,190,112,2
7805,1056,4,0,3,1,0,3,1,3,0,25,1,236,123,120,71,172,10,0,247,182,2
7806,1056,4,0,3,1,0,3,1,3,0,25,1,236,111,30,63,156,20,0,247,140,2
7807,1056,4,0,3,1,0,3,1,3,0,25,1,182,111,60,63,156,30,0,152,182,3
7808,1056,4,0,3,1,0,3,1,3,0,25,1,200,123,30,63,144,30,0,247,112,2
7809,1056,4,0,3,1,0,3,1,3,0,25,1,200,111,30,71,128,10,0,152,140,3
7810,1056,4,0,3,1,0,3,1,3,0,25,1,200,148,60,63,156,20,0,152,112,3
7811,1056,4,0,3,1,0,3,1,3,0,25,1,236,148,30,71,165,30,0,152,182,2
7812,1056,4,0,3,1,0,3,1,3,0,25,1,200,123,60,71,172,30,0,190,140,2
7813,1057,4,0,3,1,0,4,1,3,0,25,10,142,62,30,103,65,10,0,80,36,3
7814,1057,4,0,3,1,0,4,1,3,0,25,10,142,62,120,101,76,10,0,104,58,2
7815,1057,4,0,3,1,0,4,1,3,0,25,10,142,56,30,99,70,20,0,104,45,3
7816,1057,4,0,3,1,0,4,1,3,0,25,10,117,56,60,99,70,30,0,64,58,3
7817,1057,4,0,3,1,0,4,1,3,0,25,10,125,62,30,99,70,30,0,104,36,3
7818,1057,4,0,3,1,0,4,1,3,0,25,10,125,56,30,101,62,10,0,64,45,3
7819,1057,4,0,3,1,0,4,1,3,0,25,10,125,74,60,99,80,20,0,64,36,3
7820,1057,4,0,3,1,0,4,1,3,0,25,10,142,74,30,101,80,30,0,64,58,3
7821,1057,4,0,3,1,0,4,1,3,0,25,10,125,62,60,101,76,30,0,80,45,3
7822,1058,4,0,3,1,0,2,0,2,0,25,2,285,118,120,230,123,20,0,182,95,3
7823,1058,4,0,3,1,0,2,0,2,0,25,2,270,118,30,227,116,10,0,182,123,2
7824,1058,4,0,3,1,0,2,0,2,0,25,2,314,118,60,234,132,30,0,182,76,3
7825,1058,4,0,3,1,0,2,0,2,0,25,2,270,98,30,230,114,20,0,112,76,3
7826,1058,4,0,3,1,0,2,0,2,0,25,2,314,88,60,230,98,20,0,140,123,3
7827,1058,4,0,3,1,0,2,0,2,0,25,2,285,88,120,227,106,10,0,140,76,3
7828,1058,4,0,3,1,0,2,0,2,0,25,2,270,118,120,234,132,10,0,112,95,3
7829,1058,4,0,3,1,0,2,0,2,0,25,2,270,88,30,234,98,30,0,140,95,3
7830,1058,4,0,3,1,0,2,0,2,0,25,2,314,98,60,227,106,10,0,112,95,3
7831,1059,4,0,3,1,0,2,0,4,0,25,11,164,119,120,88,132,20,0,208,110,2
7832,1059,4,0,3,1,0,2,0,4,0,25,11,149,119,30,83,128,10,0,208,143,2
7833,1059,4,0,3,1,0,2,0,4,0,25,11,195,119,60,94,144,30,0,208,88,2
7834,1059,4,0,3,1,0,2,0,4,0,25,11,149,99,30,88,128,20,0,128,88,3
7835,1059,4,0,3,1,0,2,0,4,0,25,11,195,89,60,88,103,20,0,160,143,2
7836,1059,4,0,3,1,0,2,0,4,0,25,11,164,89,120,83,116,10,0,160,88,2
7837,1059,4,0,3,1,0,2,0,4,0,25,11,149,119,120,94,144,10,0,128,110,3
7838,1059,4,0,3,1,0,2,0,4,0,25,11,149,89,30,94,106,30,0,160,110,2
7839,1059,4,0,3,1,0,2,0,4,0,25,11,195,99,60,83,114,10,0,128,110,3
7840,1060,4,0,3,1,0,2,1,2,0,25,10,160,76,30,134,80,10,0,90,48,3
7841,1060,4,0,3,1,0,2,1,2,0,25,10,160,76,120,132,90,10,0,117,78,2
7842,1060,4,0,3,1,0,2,1,2,0,25,10,160,68,30,130,83,20,0,117,60,3
7843,1060,4,0,3,1,0,2,1,2,0,25,10,135,68,60,130,83,30,0,72,78,2
7844,1060,4,0,3,1,0,2,1,2,0,25,10,143,76,30,130,83,30,0,117,48,3
7845,1060,4,0,3,1,0,2,1,2,0,25,10,143,68,30,132,76,10,0,72,60,2
7846,1060,4,0,3,1,0,2,1,2,0,25,10,143,91,60,130,91,20,0,72,48,3
7847,1060,4,0,3,1,0,2,1,2,0,25,10,160,91,30,132,91,30,0,72,78,2
7848,1060,4,0,3,1,0,2,1,2,0,25,10,143,76,60,132,90,30,0,90,60,3
7849,1061,4,0,3,1,0,2,1,3,0,25,12,258,127,120,140,132,30,0,170,110,3
7850,1061,4,0,3,1,0,2,1,3,0,25,12,203,95,120,145,106,30,0,221,88,2
7851,1061,4,0,3,1,0,2,1,3,0,25,12,258,95,120,151,111,20,0,136,88,3
7852,1061,4,0,3,1,0,2,1,3,0,25,12,221,95,60,151,111,10,0,221,143,2
7853,1061,4,0,3,1,0,2,1,3,0,25,12,221,106,120,151,114,30,0,136,143,3
7854,1061,4,0,3,1,0,2,1,3,0,25,12,203,106,60,151,114,20,0,221,110,2
7855,1061,4,0,3,1,0,2,1,3,0,25,12,203,127,60,145,139,10,0,170,88,3
7856,1061,4,0,3,1,0,2,1,3,0,25,12,203,106,120,140,123,20,0,170,143,3
7857,1061,4,0,3,1,0,2,1,3,0,25,12,221,127,30,151,156,20,0,170,143,3
7858,1062,4,0,3,1,0,3,1,2,0,25,2,146,80,30,55,90,10,0,110,64,3
7859,1062,4,0,3,1,0,3,1,2,0,25,2,146,80,120,49,106,10,0,143,104,2
7860,1062,4,0,3,1,0,3,1,2,0,25,2,146,72,30,44,99,20,0,143,80,2
7861,1062,4,0,3,1,0,3,1,2,0,25,2,114,72,60,44,99,30,0,88,104,3
7862,1062,4,0,3,1,0,3,1,2,0,25,2,125,80,30,44,91,30,0,143,64,2
7863,1062,4,0,3,1,0,3,1,2,0,25,2,125,72,30,49,83,10,0,88,80,3
7864,1062,4,0,3,1,0,3,1,2,0,25,2,125,96,60,44,99,20,0,88,64,3
7865,1062,4,0,3,1,0,3,1,2,0,25,2,146,96,30,49,106,30,0,88,104,3
7866,1062,4,0,3,1,0,3,1,2,0,25,2,125,80,60,49,106,30,0,110,80,3
7867,1063,4,0,3,1,1,1,1,2,0,1,23,275,158,120,167,177,20,0,260,115,3
7868,1063,4,0,3,1,1,1,1,2,0,1,23,249,158,30,161,165,10,0,260,149,2
7869,1063,4,0,3,1,1,1,1,2,0,1,23,327,158,60,175,198,30,0,260,92,3
7870,1063,4,0,3,1,1,1,1,2,0,1,23,249,132,30,167,172,20,0,160,92,3
7871,1063,4,0,3,1,1,1,1,2,0,1,23,327,119,60,167,132,20,0,200,149,2
7872,1063,4,0,3,1,1,1,1,2,0,1,23,275,119,120,161,161,10,0,200,92,3
7873,1063,4,0,3,1,1,1,1,2,0,1,23,249,158,120,175,198,10,0,160,115,3
7874,1063,4,0,3,1,1,1,1,2,0,1,23,249,119,30,175,139,30,0,200,115,2
7875,1063,4,0,3,1,1,1,1,2,0,1,23,327,132,60,161,149,10,0,160,115,3
7876,1064,4,0,3,1,1,2,0,2,0,25,2,146,96,120,44,99,30,0,120,75,3
7877,1064,4,0,3,1,1,2,0,2,0,25,2,114,72,120,49,83,30,0,156,60,3
7878,1064,4,0,3,1,1,2,0,2,0,25,2,146,72,120,55,86,20,0,96,60,3
7879,1064,4,0,3,1,1,2,0,2,0,25,2,125,72,60,55,86,10,0,156,97,2
7880,1064,4,0,3,1,1,2,0,2,0,25,2,125,80,120,55,90,30,0,96,97,2
7881,1064,4,0,3,1,1,2,0,2,0,25,2,114,80,60,55,90,20,0,156,75,3
7882,1064,4,0,3,1,1,2,0,2,0,25,2,114,96,60,49,106,10,0,120,60,3
7883,1064,4,0,3,1,1,2,0,2,0,25,2,114,80,120,44,91,20,0,120,97,3
7884,1064,4,0,3,1,1,2,0,2,0,25,2,125,96,30,55,123,20,0,120,97,3
7885,1065,4,0,3,1,1,2,0,2,0,25,10,115,62,30,82,65,10,0,80,44,3
7886,1065,4,0,3,1,1,2,0,2,0,25,10,115,62,120,80,76,10,0,104,71,3
7887,1065,4,0,3,1,1,2,0,2,0,25,10,115,56,30,78,70,20,0,104,55,3
7888,1065,4,0,3,1,1,2,0,2,0,25,10,99,56,60,78,70,30,0,64,71,3
7889,1065,4,0,3,1,1,2,0,2,0,25,10,104,62,30,78,68,30,0,104,44,3
7890,1065,4,0,3,1,1,2,0,2,0,25,10,104,56,30,80,58,10,0,64,55,3
7891,1065,4,0,3,1,1,2,0,2,0,25,10,104,74,60,78,76,20,0,64,44,3
7892,1065,4,0,3,1,1,2,0,2,0,25,10,115,74,30,80,80,30,0,64,71,3
7893,1065,4,0,3,1,1,2,0,2,0,25,10,104,62,60,80,76,30,0,80,55,3
7894,1066,4,0,3,1,1,2,1,2,0,25,1,200,148,120,71,165,20,0,273,125,3
7895,1066,4,0,3,1,1,2,1,2,0,25,1,182,148,30,63,156,10,0,273,162,3
7896,1066,4,0,3,1,1,2,1,2,0,25,1,236,148,60,81,198,30,0,273,100,3
7897,1066,4,0,3,1,1,2,1,2,0,25,1,182,123,30,71,172,20,0,168,100,3
7898,1066,4,0,3,1,1,2,1,2,0,25,1,236,111,60,71,128,20,0,210,162,3
7899,1066,4,0,3,1,1,2,1,2,0,25,1,200,111,120,63,156,10,0,210,100,3
7900,1066,4,0,3,1,1,2,1,2,0,25,1,182,148,120,81,198,10,0,168,125,3
7901,1066,4,0,3,1,1,2,1,2,0,25,1,182,111,30,81,132,30,0,210,125,3
7902,1066,4,0,3,1,1,2,1,2,0,25,1,236,123,60,63,144,10,0,168,125,3
7903,1067,4,0,3,1,1,3,1,3,0,1,2,138,108,120,83,114,20,0,143,60,2
7904,1067,4,0,3,1,1,3,1,3,0,1,2,124,108,30,80,111,10,0,143,78,2
7905,1067,4,0,3,1,1,3,1,3,0,1,2,166,108,60,87,132,30,0,143,48,3
7906,1067,4,0,3,1,1,3,1,3,0,1,2,124,90,30,83,114,20,0,88,48,3
7907,1067,4,0,3,1,1,3,1,3,0,1,2,166,81,60,83,91,20,0,110,78,2
7908,1067,4,0,3,1,1,3,1,3,0,1,2,138,81,120,80,106,10,0,110,48,3
7909,1067,4,0,3,1,1,3,1,3,0,1,2,124,108,120,87,132,10,0,88,60,3
7910,1067,4,0,3,1,1,3,1,3,0,1,2,124,81,30,87,95,30,0,110,60,2
7911,1067,4,0,3,1,1,3,1,3,0,1,2,166,90,60,80,103,10,0,88,60,3
7912,1068,4,0,3,1,1,4,0,1,0,22,17,301,158,120,145,165,30,0,210,120,3
7913,1068,4,0,3,1,1,4,0,1,0,22,17,238,119,120,151,132,30,0,273,96,3
7914,1068,4,0,3,1,1,4,0,1,0,22,17,301,119,120,159,139,20,0,168,96,3
7915,1068,4,0,3,1,1,4,0,1,0,22,17,259,119,60,159,139,10,0,273,156,2
7916,1068,4,0,3,1,1,4,0,1,0,22,17,259,132,120,159,144,30,0,168,156,3
7917,1068,4,0,3,1,1,4,0,1,0,22,17,238,132,60,159,144,20,0,273,120,2
7918,1068,4,0,3,1,1,4,0,1,0,22,17,238,158,60,151,172,10,0,210,96,3
7919,1068,4,0,3,1,1,4,0,1,0,22,17,238,132,120,145,149,20,0,210,156,2
7920,1068,4,0,3,1,1,4,0,1,0,22,17,259,158,30,159,198,20,0,210,156,3
7921,1069,4,0,3,1,1,4,1,3,0,22,1,227,119,120,145,123,30,0,140,90,3
7922,1069,4,0,3,1,1,4,1,3,0,22,1,173,89,120,148,99,30,0,182,72,2
7923,1069,4,0,3,1,1,4,1,3,0,22,1,227,89,120,152,103,20,0,112,72,3
7924,1069,4,0,3,1,1,4,1,3,0,22,1,191,89,60,152,103,10,0,182,117,2
7925,1069,4,0,3,1,1,4,1,3,0,22,1,191,99,120,152,108,30,0,112,117,3
7926,1069,4,0,3,1,1,4,1,3,0,22,1,173,99,60,152,108,20,0,182,90,2
7927,1069,4,0,3,1,1,4,1,3,0,22,1,173,119,60,148,128,10,0,140,72,3
7928,1069,4,0,3,1,1,4,1,3,0,22,1,173,99,120,145,111,20,0,140,117,2
7929,1069,4,0,3,1,1,4,1,3,0,22,1,191,119,30,152,144,20,0,140,117,3
7930,1070,4,0,3,1,1,5,0,3,0,22,2,103,50,30,38,58,10,0,70,36,3
7931,1070,4,0,3,1,1,5,0,3,0,22,2,103,50,120,34,76,10,0,91,58,3
7932,1070,4,0,3,1,1,5,0,3,0,22,2,103,45,30,31,68,20,0,91,45,3
7933,1070,4,0,3,1,1,5,0,3,0,22,2,82,45,60,31,68,30,0,56,58,3
7934,1070,4,0,3,1,1,5,0,3,0,22,2,89,50,30,31,63,30,0,91,36,3
7935,1070,4,0,3,1,1,5,0,3,0,22,2,89,45,30,34,52,10,0,56,45,3
7936,1070,4,0,3,1,1,5,0,3,0,22,2,89,60,60,31,68,20,0,56,36,3
7937,1070,4,0,3,1,1,5,0,3,0,22,2,103,60,30,34,76,30,0,56,58,3
7938,1070,4,0,3,1,1,5,0,3,0,22,2,89,50,60,34,76,30,0,70,45,3
7939,1071,4,0,3,1,1,1,1,1,0,17,22,299,128,30,130,149,10,0,220,112,3
7940,1071,4,0,3,1,1,1,1,1,0,17,22,299,128,120,118,189,10,0,286,182,2
7941,1071,4,0,3,1,1,1,1,1,0,17,22,299,115,30,109,172,20,0,286,140,2
7942,1071,4,0,3,1,1,1,1,1,0,17,22,233,115,60,109,172,30,0,176,182,2
7943,1071,4,0,3,1,1,1,1,1,0,17,22,255,128,30,109,161,30,0,286,112,2
7944,1071,4,0,3,1,1,1,1,1,0,17,22,255,115,30,118,139,10,0,176,140,2
7945,1071,4,0,3,1,1,1,1,1,0,17,22,255,154,60,109,172,20,0,176,112,3
7946,1071,4,0,3,1,1,1,1,1,0,17,22,299,154,30,118,182,30,0,176,182,3
7947,1071,4,0,3,1,1,1,1,1,0,17,22,255,128,60,118,189,30,0,220,140,3
7948,1072,4,0,3,1,1,2,0,1,0,22,12,186,86,30,106,91,10,0,120,60,3
7949,1072,4,0,3,1,1,2,0,1,0,22,12,186,86,120,102,103,10,0,156,97,2
7950,1072,4,0,3,1,1,2,0,1,0,22,12,186,77,30,99,98,20,0,156,75,2
7951,1072,4,0,3,1,1,2,0,1,0,22,12,142,77,60,99,98,30,0,96,97,2
7952,1072,4,0,3,1,1,2,0,1,0,22,12,157,86,30,99,95,30,0,156,60,3
7953,1072,4,0,3,1,1,2,0,1,0,22,12,157,77,30,102,86,10,0,96,75,2
7954,1072,4,0,3,1,1,2,0,1,0,22,12,157,103,60,99,103,20,0,96,60,3
7955,1072,4,0,3,1,1,2,0,1,0,22,12,186,103,30,102,106,30,0,96,97,2
7956,1072,4,0,3,1,1,2,0,1,0,22,12,157,86,60,102,103,30,0,120,75,3
7957,1073,4,0,3,1,1,2,0,1,0,25,12,230,127,120,112,128,30,0,180,115,2
7958,1073,4,0,3,1,1,2,0,1,0,25,12,175,95,120,117,106,30,0,234,92,2
7959,1073,4,0,3,1,1,2,0,1,0,25,12,230,95,120,123,108,20,0,144,92,3
7960,1073,4,0,3,1,1,2,0,1,0,25,12,193,95,60,123,108,10,0,234,149,2
7961,1073,4,0,3,1,1,2,0,1,0,25,12,193,106,120,123,114,30,0,144,149,3
7962,1073,4,0,3,1,1,2,0,1,0,25,12,175,106,60,123,114,20,0,234,115,2
7963,1073,4,0,3,1,1,2,0,1,0,25,12,175,127,60,117,132,10,0,180,92,2
7964,1073,4,0,3,1,1,2,0,1,0,25,12,175,106,120,112,116,20,0,180,149,2
7965,1073,4,0,3,1,1,2,0,1,0,25,12,193,127,30,123,149,20,0,180,149,3
7966,1074,4,0,3,1,1,2,0,2,0,17,2,333,116,30,179,132,10,0,190,88,3
7967,1074,4,0,3,1,1,2,0,2,0,17,2,333,116,120,171,156,10,0,247,143,2
7968,1074,4,0,3,1,1,2,0,2,0,17,2,333,104,30,165,144,20,0,247,110,2
7969,1074,4,0,3,1,1,2,0,2,0,17,2,259,104,60,165,144,30,0,152,143,3
7970,1074,4,0,3,1,1,2,0,2,0,17,2,284,116,30,165,139,30,0,247,88,2
7971,1074,4,0,3,1,1,2,0,2,0,17,2,284,104,30,171,123,10,0,152,110,3
7972,1074,4,0,3,1,1,2,0,2,0,17,2,284,139,60,165,149,20,0,152,88,3
7973,1074,4,0,3,1,1,2,0,2,0,17,2,333,139,30,171,161,30,0,152,143,3
7974,1074,4,0,3,1,1,2,0,2,0,17,2,284,116,60,171,156,30,0,190,110,3
7975,1075,4,0,3,1,1,2,1,1,0,25,10,143,91,120,132,91,20,0,117,65,3
7976,1075,4,0,3,1,1,2,1,1,0,25,10,135,91,30,130,91,10,0,117,84,2
7977,1075,4,0,3,1,1,2,1,1,0,25,10,160,91,60,134,99,30,0,117,52,3
7978,1075,4,0,3,1,1,2,1,1,0,25,10,135,76,30,132,90,20,0,72,52,3
7979,1075,4,0,3,1,1,2,1,1,0,25,10,160,68,60,132,76,20,0,90,84,2
7980,1075,4,0,3,1,1,2,1,1,0,25,10,143,68,120,130,83,10,0,90,52,3
7981,1075,4,0,3,1,1,2,1,1,0,25,10,135,91,120,134,99,10,0,72,65,3
7982,1075,4,0,3,1,1,2,1,1,0,25,10,135,68,30,134,76,30,0,90,65,3
7983,1075,4,0,3,1,1,2,1,1,0,25,10,160,76,60,130,83,10,0,72,65,3
7984,1076,4,0,3,1,1,2,1,2,0,22,1,196,133,120,88,149,20,0,208,100,3
7985,1076,4,0,3,1,1,2,1,2,0,22,1,177,133,30,82,144,10,0,208,130,2
7986,1076,4,0,3,1,1,2,1,2,0,22,1,233,133,60,96,177,30,0,208,80,3
7987,1076,4,0,3,1,1,2,1,2,0,22,1,177,111,30,88,156,20,0,128,80,3
7988,1076,4,0,3,1,1,2,1,2,0,22,1,233,100,60,88,116,20,0,160,130,2
7989,1076,4,0,3,1,1,2,1,2,0,22,1,196,100,120,82,139,10,0,160,80,3
7990,1076,4,0,3,1,1,2,1,2,0,22,1,177,133,120,96,177,10,0,128,100,3
7991,1076,4,0,3,1,1,2,1,2,0,22,1,177,100,30,96,123,30,0,160,100,3
7992,1076,4,0,3,1,1,2,1,2,0,22,1,233,111,60,82,132,10,0,128,100,3
7993,1077,4,0,3,1,1,2,1,2,0,25,2,145,108,120,69,116,20,0,156,70,2
7994,1077,4,0,3,1,1,2,1,2,0,25,2,131,108,30,64,111,10,0,156,91,2
7995,1077,4,0,3,1,1,2,1,2,0,25,2,172,108,60,75,132,30,0,156,56,3
7996,1077,4,0,3,1,1,2,1,2,0,25,2,131,90,30,69,116,20,0,96,56,3
7997,1077,4,0,3,1,1,2,1,2,0,25,2,172,81,60,69,91,20,0,120,91,2
7998,1077,4,0,3,1,1,2,1,2,0,25,2,145,81,120,64,108,10,0,120,56,3
7999,1077,4,0,3,1,1,2,1,2,0,25,2,131,108,120,75,132,10,0,96,70,3
8000,1077,4,0,3,1,1,2,1,2,0,25,2,131,81,30,75,98,30,0,120,70,2
8001,1077,4,0,3,1,1,2,1,2,0,25,2,172,90,60,64,103,10,0,96,70,3
8002,1078,4,0,3,1,1,2,1,3,0,22,17,381,149,30,166,165,10,0,270,168,2
8003,1078,4,0,3,1,1,2,1,3,0,22,17,381,149,120,154,205,10,0,351,273,2
8004,1078,4,0,3,1,1,2,1,3,0,22,17,381,134,30,145,189,20,0,351,210,2
8005,1078,4,0,3,1,1,2,1,3,0,22,17,289,134,60,145,189,30,0,216,273,2
8006,1078,4,0,3,1,1,2,1,3,0,22,17,320,149,30,145,177,30,0,351,168,2
8007,1078,4,0,3,1,1,2,1,3,0,22,17,320,134,30,154,156,10,0,216,210,2
8008,1078,4,0,3,1,1,2,1,3,0,22,17,320,179,60,145,194,20,0,216,168,2
8009,1078,4,0,3,1,1,2,1,3,0,22,17,381,179,30,154,205,30,0,216,273,2
8010,1078,4,0,3,1,1,2,1,3,0,22,17,320,149,60,154,205,30,0,270,210,2
8011,1079,4,0,3,1,1,3,1,2,0,25,12,193,127,120,117,132,20,0,234,90,3
8012,1079,4,0,3,1,1,3,1,2,0,25,12,175,127,30,112,128,10,0,234,117,2
8013,1079,4,0,3,1,1,3,1,2,0,25,12,230,127,60,123,149,30,0,234,72,3
8014,1079,4,0,3,1,1,3,1,2,0,25,12,175,106,30,117,132,20,0,144,72,3
8015,1079,4,0,3,1,1,3,1,2,0,25,12,230,95,60,117,106,20,0,180,117,2
8016,1079,4,0,3,1,1,3,1,2,0,25,12,193,95,120,112,123,10,0,180,72,3
8017,1079,4,0,3,1,1,3,1,2,0,25,12,175,127,120,123,149,10,0,144,90,3
8018,1079,4,0,3,1,1,3,1,2,0,25,12,175,95,30,123,108,30,0,180,90,3
8019,1079,4,0,3,1,1,3,1,2,0,25,12,230,106,60,112,116,10,0,144,90,3
8020,1080,4,0,3,1,1,4,1,1,0,25,23,166,71,30,118,80,10,0,90,44,3
8021,1080,4,0,3,1,1,4,1,1,0,25,23,166,71,120,116,86,10,0,117,71,3
8022,1080,4,0,3,1,1,4,1,1,0,25,23,166,64,30,114,80,20,0,117,55,3
8023,1080,4,0,3,1,1,4,1,1,0,25,23,127,64,60,114,80,30,0,72,71,3
8024,1080,4,0,3,1,1,4,1,1,0,25,23,140,71,30,114,80,30,0,117,44,3
8025,1080,4,0,3,1,1,4,1,1,0,25,23,140,64,30,116,70,10,0,72,55,3
8026,1080,4,0,3,1,1,4,1,1,0,25,23,140,85,60,114,90,20,0,72,44,3
8027,1080,4,0,3,1,1,4,1,1,0,25,23,166,85,30,116,91,30,0,72,71,3
8028,1080,4,0,3,1,1,4,1,1,0,25,23,140,71,60,116,86,30,0,90,55,3
8029,1081,4,0,3,1,1,4,1,2,0,20,25,290,173,120,161,194,20,0,312,150,3
8030,1081,4,0,3,1,1,4,1,2,0,20,25,262,173,30,153,182,10,0,312,195,2
8031,1081,4,0,3,1,1,4,1,2,0,20,25,346,173,60,171,220,30,0,312,120,3
8032,1081,4,0,3,1,1,4,1,2,0,20,25,262,144,30,161,194,20,0,192,120,3
8033,1081,4,0,3,1,1,4,1,2,0,20,25,346,130,60,161,144,20,0,240,195,2
8034,1081,4,0,3,1,1,4,1,2,0,20,25,290,130,120,153,177,10,0,240,120,3
8035,1081,4,0,3,1,1,4,1,2,0,20,25,262,173,120,171,220,10,0,192,150,3
8036,1081,4,0,3,1,1,4,1,2,0,20,25,262,130,30,171,156,30,0,240,150,2
8037,1081,4,0,3,1,1,4,1,2,0,20,25,346,144,60,153,165,10,0,192,150,2
8038,1082,4,0,3,1,1,4,1,2,0,22,12,191,108,120,101,108,30,0,140,85,3
8039,1082,4,0,3,1,1,4,1,2,0,22,12,143,81,120,104,90,30,0,182,68,2
8040,1082,4,0,3,1,1,4,1,2,0,22,12,191,81,120,108,91,20,0,112,68,3
8041,1082,4,0,3,1,1,4,1,2,0,22,12,159,81,60,108,91,10,0,182,110,2
8042,1082,4,0,3,1,1,4,1,2,0,22,12,159,90,120,108,95,30,0,112,110,3
8043,1082,4,0,3,1,1,4,1,2,0,22,12,143,90,60,108,95,20,0,182,85,2
8044,1082,4,0,3,1,1,4,1,2,0,22,12,143,108,60,104,111,10,0,140,68,3
8045,1082,4,0,3,1,1,4,1,2,0,22,12,143,90,120,101,98,20,0,140,110,2
8046,1082,4,0,3,1,1,4,1,2,0,22,12,159,108,30,108,123,20,0,140,110,3
8047,1083,4,0,3,1,1,4,1,2,0,25,2,271,119,120,159,128,30,0,160,100,2
8048,1083,4,0,3,1,1,4,1,2,0,25,2,225,89,120,164,103,30,0,208,80,2
8049,1083,4,0,3,1,1,4,1,2,0,25,2,271,89,120,170,106,20,0,128,80,3
8050,1083,4,0,3,1,1,4,1,2,0,25,2,240,89,60,170,106,10,0,208,130,2
8051,1083,4,0,3,1,1,4,1,2,0,25,2,240,99,120,170,108,30,0,128,130,3
8052,1083,4,0,3,1,1,4,1,2,0,25,2,225,99,60,170,108,20,0,208,100,2
8053,1083,4,0,3,1,1,4,1,2,0,25,2,225,119,60,164,132,10,0,160,80,3
8054,1083,4,0,3,1,1,4,1,2,0,25,2,225,99,120,159,114,20,0,160,130,2
8055,1083,4,0,3,1,1,4,1,2,0,25,2,240,119,30,170,144,20,0,160,130,2
8056,1084,4,0,3,1,1,4,1,3,0,25,17,290,179,120,102,210,20,0,325,155,2
8057,1084,4,0,3,1,1,4,1,3,0,25,17,262,179,30,91,194,10,0,325,201,2
8058,1084,4,0,3,1,1,4,1,3,0,25,17,346,179,60,116,248,30,0,325,124,3
8059,1084,4,0,3,1,1,4,1,3,0,25,17,262,149,30,102,210,20,0,200,124,3
8060,1084,4,0,3,1,1,4,1,3,0,25,17,346,134,60,102,156,20,0,250,201,2
8061,1084,4,0,3,1,1,4,1,3,0,25,17,290,134,120,91,194,10,0,250,124,3
8062,1084,4,0,3,1,1,4,1,3,0,25,17,262,179,120,116,248,10,0,200,155,3
8063,1084,4,0,3,1,1,4,1,3,0,25,17,262,134,30,116,165,30,0,250,155,2
8064,1084,4,0,3,1,1,4,1,3,0,25,17,346,149,60,91,177,10,0,200,155,2
8065,1085,4,0,3,1,1,5,1,2,0,1,23,290,99,30,205,108,10,0,130,64,3
8066,1085,4,0,3,1,1,5,1,2,0,1,23,290,99,120,201,128,10,0,169,104,3
8067,1085,4,0,3,1,1,5,1,2,0,1,23,290,89,30,198,114,20,0,169,80,3
8068,1085,4,0,3,1,1,5,1,2,0,1,23,239,89,60,198,114,30,0,104,104,3
8069,1085,4,0,3,1,1,5,1,2,0,1,23,256,99,30,198,111,30,0,169,64,3
8070,1085,4,0,3,1,1,5,1,2,0,1,23,256,89,30,201,99,10,0,104,80,2
8071,1085,4,0,3,1,1,5,1,2,0,1,23,256,119,60,198,123,20,0,104,64,3
8072,1085,4,0,3,1,1,5,1,2,0,1,23,290,119,30,201,128,30,0,104,104,3
8073,1085,4,0,3,1,1,5,1,2,0,1,23,256,99,60,201,128,30,0,130,80,3
8074,1086,4,0,3,1,1,5,1,2,0,22,1,182,137,120,74,156,20,0,260,125,3
8075,1086,4,0,3,1,1,5,1,2,0,22,1,165,137,30,68,144,10,0,260,162,2
8076,1086,4,0,3,1,1,5,1,2,0,22,1,216,137,60,82,177,30,0,260,100,3
8077,1086,4,0,3,1,1,5,1,2,0,22,1,165,114,30,74,156,20,0,160,100,3
8078,1086,4,0,3,1,1,5,1,2,0,22,1,216,103,60,74,116,20,0,200,162,2
8079,1086,4,0,3,1,1,5,1,2,0,22,1,182,103,120,68,144,10,0,200,100,3
8080,1086,4,0,3,1,1,5,1,2,0,22,1,165,137,120,82,177,10,0,160,125,3
8081,1086,4,0,3,1,1,5,1,2,0,22,1,165,103,30,82,128,30,0,200,125,2
8082,1086,4,0,3,1,1,5,1,2,0,22,1,216,114,60,68,132,10,0,160,125,3
8083,1087,4,0,3,1,1,5,1,2,0,25,1,200,148,120,71,165,20,0,351,160,3
8084,1087,4,0,3,1,1,5,1,2,0,25,1,182,148,30,63,156,10,0,351,208,2
8085,1087,4,0,3,1,1,5,1,2,0,25,1,236,148,60,81,198,30,0,351,128,3
8086,1087,4,0,3,1,1,5,1,2,0,25,1,182,123,30,71,172,20,0,216,128,3
8087,1087,4,0,3,1,1,5,1,2,0,25,1,236,111,60,71,128,20,0,270,208,2
8088,1087,4,0,3,1,1,5,1,2,0,25,1,200,111,120,63,156,10,0,270,128,3
8089,1087,4,0,3,1,1,5,1,2,0,25,1,182,148,120,81,198,10,0,216,160,3
8090,1087,4,0,3,1,1,5,1,2,0,25,1,182,111,30,81,132,30,0,270,160,2
8091,1087,4,0,3,1,1,5,1,2,0,25,1,236,123,60,63,144,10,0,216,160,3
8092,1088,4,0,3,1,1,5,1,2,0,25,2,125,96,120,49,106,20,0,143,70,3
8093,1088,4,0,3,1,1,5,1,2,0,25,2,114,96,30,44,99,10,0,143,91,2
8094,1088,4,0,3,1,1,5,1,2,0,25,2,146,96,60,55,123,30,0,143,56,3
8095,1088,4,0,3,1,1,5,1,2,0,25,2,114,80,30,49,106,20,0,88,56,3
8096,1088,4,0,3,1,1,5,1,2,0,25,2,146,72,60,49,83,20,0,110,91,2
8097,1088,4,0,3,1,1,5,1,2,0,25,2,125,72,120,44,99,10,0,110,56,3
8098,1088,4,0,3,1,1,5,1,2,0,25,2,114,96,120,55,123,10,0,88,70,3
8099,1088,4,0,3,1,1,5,1,2,0,25,2,114,72,30,55,86,30,0,110,70,2
8100,1088,4,0,3,1,1,5,1,2,0,25,2,146,80,60,44,91,10,0,88,70,3
8101,1089,4,0,3,1,1,5,1,4,0,25,18,406,149,30,235,165,10,0,250,104,3
8102,1089,4,0,3,1,1,5,1,4,0,25,18,406,149,120,225,198,10,0,325,169,3
8103,1089,4,0,3,1,1,5,1,4,0,25,18,406,134,30,217,182,20,0,325,130,3
8104,1089,4,0,3,1,1,5,1,4,0,25,18,328,134,60,217,182,30,0,200,169,3
8105,1089,4,0,3,1,1,5,1,4,0,25,18,354,149,30,217,172,30,0,325,104,3
8106,1089,4,0,3,1,1,5,1,4,0,25,18,354,134,30,225,156,10,0,200,130,3
8107,1089,4,0,3,1,1,5,1,4,0,25,18,354,179,60,217,194,20,0,200,104,3
8108,1089,4,0,3,1,1,5,1,4,0,25,18,406,179,30,225,198,30,0,200,169,3
8109,1089,4,0,3,1,1,5,1,4,0,25,18,354,149,60,225,198,30,0,250,130,3
8110,1090,4,0,3,1,1,2,0,1,0,17,12,199,109,120,111,108,30,0,130,85,3
8111,1090,4,0,3,1,1,2,0,1,0,17,12,151,82,120,114,91,30,0,169,68,2
8112,1090,4,0,3,1,1,2,0,1,0,17,12,199,82,120,118,95,20,0,104,68,3
8113,1090,4,0,3,1,1,2,0,1,0,17,12,167,82,60,118,95,10,0,169,110,2
8114,1090,4,0,3,1,1,2,0,1,0,17,12,167,91,120,118,98,30,0,104,110,3
8115,1090,4,0,3,1,1,2,0,1,0,17,12,151,91,60,118,98,20,0,169,85,3
8116,1090,4,0,3,1,1,2,0,1,0,17,12,151,109,60,114,111,10,0,130,68,3
8117,1090,4,0,3,1,1,2,0,1,0,17,12,151,91,120,111,99,20,0,130,110,2
8118,1090,4,0,3,1,1,2,0,1,0,17,12,167,109,30,118,123,20,0,130,110,3
8119,1091,4,0,3,1,1,2,0,2,0,22,12,247,99,30,161,106,10,0,170,76,3
8120,1091,4,0,3,1,1,2,0,2,0,22,12,247,99,120,157,116,10,0,221,123,2
8121,1091,4,0,3,1,1,2,0,2,0,22,12,247,89,30,154,108,20,0,221,95,2
8122,1091,4,0,3,1,1,2,0,2,0,22,12,195,89,60,154,108,30,0,136,123,3
8123,1091,4,0,3,1,1,2,0,2,0,22,12,212,99,30,154,108,30,0,221,76,3
8124,1091,4,0,3,1,1,2,0,2,0,22,12,212,89,30,157,98,10,0,136,95,3
8125,1091,4,0,3,1,1,2,0,2,0,22,12,212,119,60,154,123,20,0,136,76,3
8126,1091,4,0,3,1,1,2,0,2,0,22,12,247,119,30,157,123,30,0,136,123,3
8127,1091,4,0,3,1,1,2,0,2,0,22,12,212,99,60,157,116,30,0,170,95,3
8128,1092,4,0,3,1,1,2,1,3,0,22,12,209,118,120,116,116,30,0,170,95,3
8129,1092,4,0,3,1,1,2,1,3,0,22,12,157,88,120,119,98,30,0,221,76,2
8130,1092,4,0,3,1,1,2,1,3,0,22,12,209,88,120,123,99,20,0,136,76,3
8131,1092,4,0,3,1,1,2,1,3,0,22,12,174,88,60,123,99,10,0,221,123,2
8132,1092,4,0,3,1,1,2,1,3,0,22,12,174,98,120,123,103,30,0,136,123,3
8133,1092,4,0,3,1,1,2,1,3,0,22,12,157,98,60,123,103,20,0,221,95,2
8134,1092,4,0,3,1,1,2,1,3,0,22,12,157,118,60,119,123,10,0,170,76,3
8135,1092,4,0,3,1,1,2,1,3,0,22,12,157,98,120,116,106,20,0,170,123,2
8136,1092,4,0,3,1,1,2,1,3,0,22,12,174,118,30,123,132,20,0,170,123,2
8137,1093,4,0,3,1,1,2,1,4,0,1,22,164,124,120,56,139,20,0,221,85,3
8138,1093,4,0,3,1,1,2,1,4,0,1,22,150,124,30,50,132,10,0,221,110,2
8139,1093,4,0,3,1,1,2,1,4,0,1,22,193,124,60,64,165,30,0,221,68,3
8140,1093,4,0,3,1,1,2,1,4,0,1,22,150,103,30,56,144,20,0,136,68,3
8141,1093,4,0,3,1,1,2,1,4,0,1,22,193,93,60,56,106,20,0,170,110,2
8142,1093,4,0,3,1,1,2,1,4,0,1,22,164,93,120,50,132,10,0,170,68,3
8143,1093,4,0,3,1,1,2,1,4,0,1,22,150,124,120,64,165,10,0,136,85,3
8144,1093,4,0,3,1,1,2,1,4,0,1,22,150,93,30,64,114,30,0,170,85,2
8145,1093,4,0,3,1,1,2,1,4,0,1,22,193,103,60,50,123,10,0,136,85,3
8146,1094,4,0,3,1,1,3,1,3,0,1,23,331,133,120,282,144,20,0,208,105,3
8147,1094,4,0,3,1,1,3,1,3,0,1,23,303,133,30,279,139,10,0,208,136,2
8148,1094,4,0,3,1,1,3,1,3,0,1,23,387,133,60,286,156,30,0,208,84,3
8149,1094,4,0,3,1,1,3,1,3,0,1,23,303,111,30,282,139,20,0,128,84,3
8150,1094,4,0,3,1,1,3,1,3,0,1,23,387,100,60,282,111,20,0,160,136,2
8151,1094,4,0,3,1,1,3,1,3,0,1,23,331,100,120,279,128,10,0,160,84,3
8152,1094,4,0,3,1,1,3,1,3,0,1,23,303,133,120,286,156,10,0,128,105,3
8153,1094,4,0,3,1,1,3,1,3,0,1,23,303,100,30,286,114,30,0,160,105,3
8154,1094,4,0,3,1,1,3,1,3,0,1,23,387,111,60,279,123,10,0,128,105,3
8155,1095,4,0,3,1,1,4,0,2,0,25,12,193,127,120,117,132,20,0,221,110,3
8156,1095,4,0,3,1,1,4,0,2,0,25,12,175,127,30,112,128,10,0,221,143,3
8157,1095,4,0,3,1,1,4,0,2,0,25,12,230,127,60,123,149,30,0,221,88,3
8158,1095,4,0,3,1,1,4,0,2,0,25,12,175,106,30,117,132,20,0,136,88,3
8159,1095,4,0,3,1,1,4,0,2,0,25,12,230,95,60,117,106,20,0,170,143,3
8160,1095,4,0,3,1,1,4,0,2,0,25,12,193,95,120,112,123,10,0,170,88,3
8161,1095,4,0,3,1,1,4,0,2,0,25,12,175,127,120,123,149,10,0,136,110,3
8162,1095,4,0,3,1,1,4,0,2,0,25,12,175,95,30,123,108,30,0,170,110,3
8163,1095,4,0,3,1,1,4,0,2,0,25,12,230,106,60,112,116,10,0,136,110,3
8164,1096,4,0,3,1,1,4,1,2,0,2,1,119,91,120,64,103,20,0,130,55,3
8165,1096,4,0,3,1,1,4,1,2,0,2,1,108,91,30,61,98,10,0,130,71,3
8166,1096,4,0,3,1,1,4,1,2,0,2,1,141,91,60,68,116,30,0,130,44,3
8167,1096,4,0,3,1,1,4,1,2,0,2,1,108,76,30,64,103,20,0,80,44,3
8168,1096,4,0,3,1,1,4,1,2,0,2,1,141,68,60,64,80,20,0,100,71,3
8169,1096,4,0,3,1,1,4,1,2,0,2,1,119,68,120,61,95,10,0,100,44,3
8170,1096,4,0,3,1,1,4,1,2,0,2,1,108,91,120,68,116,10,0,80,55,3
8171,1096,4,0,3,1,1,4,1,2,0,2,1,108,68,30,68,83,30,0,100,55,3
8172,1096,4,0,3,1,1,4,1,2,0,2,1,141,76,60,61,90,10,0,80,55,3
8173,1097,4,0,3,1,1,5,1,1,0,25,22,90,62,120,51,68,30,0,70,40,3
8174,1097,4,0,3,1,1,5,1,1,0,25,22,70,47,120,53,52,30,0,91,32,3
8175,1097,4,0,3,1,1,5,1,1,0,25,22,90,47,120,55,53,20,0,56,32,3
8176,1097,4,0,3,1,1,5,1,1,0,25,22,77,47,60,55,53,10,0,91,52,3
8177,1097,4,0,3,1,1,5,1,1,0,25,22,77,52,120,55,57,30,0,56,52,3
8178,1097,4,0,3,1,1,5,1,1,0,25,22,70,52,60,55,57,20,0,91,40,3
8179,1097,4,0,3,1,1,5,1,1,0,25,22,70,62,60,53,71,10,0,70,32,3
8180,1097,4,0,3,1,1,5,1,1,0,25,22,70,52,120,51,62,20,0,70,52,3
8181,1097,4,0,3,1,1,5,1,1,0,25,22,77,62,30,55,80,20,0,70,52,3
8182,1098,4,0,3,1,1,2,0,2,0,17,2,174,118,120,61,132,20,0,195,100,2
8183,1098,4,0,3,1,1,2,0,2,0,17,2,159,118,30,55,128,10,0,195,130,2
8184,1098,4,0,3,1,1,2,0,2,0,17,2,205,118,60,69,161,30,0,195,80,2
8185,1098,4,0,3,1,1,2,0,2,0,17,2,159,98,30,61,139,20,0,120,80,3
8186,1098,4,0,3,1,1,2,0,2,0,17,2,205,88,60,61,103,20,0,150,130,2
8187,1098,4,0,3,1,1,2,0,2,0,17,2,174,88,120,55,128,10,0,150,80,2
8188,1098,4,0,3,1,1,2,0,2,0,17,2,159,118,120,69,161,10,0,120,100,3
8189,1098,4,0,3,1,1,2,0,2,0,17,2,159,88,30,69,108,30,0,150,100,2
8190,1098,4,0,3,1,1,2,0,2,0,17,2,205,98,60,55,116,10,0,120,100,2
8191,1099,4,0,3,1,1,2,0,2,0,25,22,132,68,120,108,76,20,0,104,55,3
8192,1099,4,0,3,1,1,2,0,2,0,25,22,123,68,30,106,76,10,0,104,71,3
8193,1099,4,0,3,1,1,2,0,2,0,25,22,149,68,60,110,86,30,0,104,44,3
8194,1099,4,0,3,1,1,2,0,2,0,25,22,123,57,30,108,76,20,0,64,44,3
8195,1099,4,0,3,1,1,2,0,2,0,25,22,149,51,60,108,57,20,0,80,71,3
8196,1099,4,0,3,1,1,2,0,2,0,25,22,132,51,120,106,68,10,0,80,44,3
8197,1099,4,0,3,1,1,2,0,2,0,25,22,123,68,120,110,86,10,0,64,55,3
8198,1099,4,0,3,1,1,2,0,2,0,25,22,123,51,30,110,58,30,0,80,55,3
8199,1099,4,0,3,1,1,2,0,2,0,25,22,149,57,60,106,65,10,0,64,55,2
8200,1100,4,0,3,1,1,2,1,2,0,25,21,379,212,120,250,231,20,0,364,170,2
8201,1100,4,0,3,1,1,2,1,2,0,25,21,342,212,30,242,227,10,0,364,221,2
8202,1100,4,0,3,1,1,2,1,2,0,25,21,453,212,60,260,253,30,0,364,136,2
8203,1100,4,0,3,1,1,2,1,2,0,25,21,342,177,30,250,227,20,0,224,136,3
8204,1100,4,0,3,1,1,2,1,2,0,25,21,453,159,60,250,177,20,0,280,221,2
8205,1100,4,0,3,1,1,2,1,2,0,25,21,379,159,120,242,210,10,0,280,136,2
8206,1100,4,0,3,1,1,2,1,2,0,25,21,342,212,120,260,253,10,0,224,170,3
8207,1100,4,0,3,1,1,2,1,2,0,25,21,342,159,30,260,182,30,0,280,170,2
8208,1100,4,0,3,1,1,2,1,2,0,25,21,453,177,60,242,198,10,0,224,170,3
8209,1101,4,0,3,1,1,3,1,2,0,25,1,287,128,30,126,144,10,0,210,104,3
8210,1101,4,0,3,1,1,3,1,2,0,25,1,287,128,120,116,177,10,0,273,169,2
8211,1101,4,0,3,1,1,3,1,2,0,25,1,287,115,30,108,165,20,0,273,130,2
8212,1101,4,0,3,1,1,3,1,2,0,25,1,224,115,60,108,165,30,0,168,169,3
8213,1101,4,0,3,1,1,3,1,2,0,25,1,245,128,30,108,156,30,0,273,104,2
8214,1101,4,0,3,1,1,3,1,2,0,25,1,245,115,30,116,132,10,0,168,130,3
8215,1101,4,0,3,1,1,3,1,2,0,25,1,245,154,60,108,165,20,0,168,104,3
8216,1101,4,0,3,1,1,3,1,2,0,25,1,287,154,30,116,177,30,0,168,169,3
8217,1101,4,0,3,1,1,3,1,2,0,25,1,245,128,60,116,177,30,0,210,130,3
8218,1102,4,0,3,1,1,3,1,3,0,25,1,257,128,30,97,144,10,0,230,124,2
8219,1102,4,0,3,1,1,3,1,3,0,25,1,257,128,120,87,177,10,0,299,201,2
8220,1102,4,0,3,1,1,3,1,3,0,25,1,257,115,30,79,165,20,0,299,155,2
8221,1102,4,0,3,1,1,3,1,3,0,25,1,195,115,60,79,165,30,0,184,201,3
8222,1102,4,0,3,1,1,3,1,3,0,25,1,216,128,30,79,156,30,0,299,124,3
8223,1102,4,0,3,1,1,3,1,3,0,25,1,216,115,30,87,132,10,0,184,155,2
8224,1102,4,0,3,1,1,3,1,3,0,25,1,216,154,60,79,165,20,0,184,124,3
8225,1102,4,0,3,1,1,3,1,3,0,25,1,257,154,30,87,177,30,0,184,201,3
8226,1102,4,0,3,1,1,3,1,3,0,25,1,216,128,60,87,177,30,0,230,155,3
8227,1103,4,0,3,1,1,3,1,2,0,18,2,240,108,30,149,116,10,0,170,92,3
8228,1103,4,0,3,1,1,3,1,2,0,18,2,240,108,120,145,132,10,0,221,149,3
8229,1103,4,0,3,1,1,3,1,2,0,18,2,240,97,30,142,123,20,0,221,115,3
8230,1103,4,0,3,1,1,3,1,2,0,18,2,180,97,60,142,123,30,0,136,149,3
8231,1103,4,0,3,1,1,3,1,2,0,18,2,200,108,30,142,123,30,0,221,92,3
8232,1103,4,0,3,1,1,3,1,2,0,18,2,200,97,30,145,108,10,0,136,115,3
8233,1103,4,0,3,1,1,3,1,2,0,18,2,200,130,60,142,132,20,0,136,92,3
8234,1103,4,0,3,1,1,3,1,2,0,18,2,240,130,30,145,139,30,0,136,149,3
8235,1103,4,0,3,1,1,3,1,2,0,18,2,200,108,60,145,132,30,0,170,115,3
8236,1104,4,0,3,2,0,3,1,3,0,1,22,240,108,30,103,123,10,0,170,72,2
8237,1104,4,0,3,2,0,3,1,3,0,1,22,240,108,120,95,149,10,0,221,117,2
8238,1104,4,0,3,2,0,3,1,3,0,1,22,240,97,30,89,139,20,0,221,90,2
8239,1104,4,0,3,2,0,3,1,3,0,1,22,185,97,60,89,139,30,0,136,117,2
8240,1104,4,0,3,2,0,3,1,3,0,1,22,203,108,30,89,132,30,0,221,72,2
8241,1104,4,0,3,2,0,3,1,3,0,1,22,203,97,30,95,114,10,0,136,90,2
8242,1104,4,0,3,2,0,3,1,3,0,1,22,203,130,60,89,144,20,0,136,72,3
8243,1104,4,0,3,2,0,3,1,3,0,1,22,240,130,30,95,149,30,0,136,117,2
8244,1104,4,0,3,2,0,3,1,3,0,1,22,203,108,60,95,149,30,0,170,90,2
8245,1105,4,0,3,3,0,2,1,2,0,25,2,146,96,120,44,99,30,0,110,75,2
8246,1105,4,0,3,3,0,2,1,2,0,25,2,114,72,120,49,83,30,0,143,60,2
8247,1105,4,0,3,3,0,2,1,2,0,25,2,146,72,120,55,86,20,0,88,60,3
8248,1105,4,0,3,3,0,2,1,2,0,25,2,125,72,60,55,86,10,0,143,97,2
8249,1105,4,0,3,3,0,2,1,2,0,25,2,125,80,120,55,90,30,0,88,97,3
8250,1105,4,0,3,3,0,2,1,2,0,25,2,114,80,60,55,90,20,0,143,75,2
8251,1105,4,0,3,3,0,2,1,2,0,25,2,114,96,60,49,106,10,0,110,60,3
8252,1105,4,0,3,3,0,2,1,2,0,25,2,114,80,120,44,91,20,0,110,97,2
8253,1105,4,0,3,3,0,2,1,2,0,25,2,125,96,30,55,123,20,0,110,97,2
8254,1106,4,0,3,3,1,1,1,1,0,25,1,236,123,30,81,139,10,0,190,104,2
8255,1106,4,0,3,3,1,1,1,1,0,25,1,236,123,120,71,172,10,0,247,169,2
8256,1106,4,0,3,3,1,1,1,1,0,25,1,236,111,30,63,156,20,0,247,130,2
8257,1106,4,0,3,3,1,1,1,1,0,25,1,182,111,60,63,156,30,0,152,169,3
8258,1106,4,0,3,3,1,1,1,1,0,25,1,200,123,30,63,144,30,0,247,104,1
8259,1106,4,0,3,3,1,1,1,1,0,25,1,200,111,30,71,128,10,0,152,130,2
8260,1106,4,0,3,3,1,1,1,1,0,25,1,200,148,60,63,156,20,0,152,104,3
8261,1106,4,0,3,3,1,1,1,1,0,25,1,236,148,30,71,165,30,0,152,169,2
8262,1106,4,0,3,3,1,1,1,1,0,25,1,200,123,60,71,172,30,0,190,130,3
8263,1107,4,0,6,1,0,4,1,2,0,22,3,214,14,120,120,14,30,0,130,95,2
8264,1107,4,0,6,1,0,4,1,2,0,22,3,160,11,120,123,14,30,0,169,76,2
8265,1107,4,0,6,1,0,4,1,2,0,22,3,214,11,120,127,15,20,0,104,76,2
8266,1107,4,0,6,1,0,4,1,2,0,22,3,178,11,60,127,15,10,0,169,123,2
8267,1107,4,0,6,1,0,4,1,2,0,22,3,178,12,120,127,14,30,0,104,123,2
8268,1107,4,0,6,1,0,4,1,2,0,22,3,160,12,60,127,14,20,0,169,95,2
8269,1107,4,0,6,1,0,4,1,2,0,22,3,160,14,60,123,15,10,0,130,76,2
8270,1107,4,0,6,1,0,4,1,2,0,22,3,160,12,120,120,15,20,0,130,123,2
8271,1107,4,0,6,1,0,4,1,2,0,22,3,178,14,30,127,19,20,0,130,123,2
8272,1108,4,0,6,1,1,3,1,3,0,2,17,165,14,120,115,15,20,0,182,85,2
8273,1108,4,0,6,1,1,3,1,3,0,2,17,149,14,30,112,14,10,0,182,110,2
8274,1108,4,0,6,1,1,3,1,3,0,2,17,196,14,60,119,19,30,0,182,68,3
8275,1108,4,0,6,1,1,3,1,3,0,2,17,149,12,30,115,19,20,0,112,68,3
8276,1108,4,0,6,1,1,3,1,3,0,2,17,196,11,60,115,14,20,0,140,110,2
8277,1108,4,0,6,1,1,3,1,3,0,2,17,165,11,120,112,19,10,0,140,68,1
8278,1108,4,0,6,1,1,3,1,3,0,2,17,149,14,120,119,19,10,0,112,85,3
8279,1108,4,0,6,1,1,3,1,3,0,2,17,149,11,30,119,15,30,0,140,85,1
8280,1108,4,0,6,1,1,3,1,3,0,2,17,196,12,60,112,15,10,0,112,85,2
8281,1109,4,0,7,1,0,1,1,1,0,22,1,252,10,120,96,10,30,0,220,120,2
8282,1109,4,0,7,1,0,1,1,1,0,22,1,189,8,120,102,10,30,0,286,96,2
8283,1109,4,0,7,1,0,1,1,1,0,22,1,252,8,120,110,11,20,0,176,96,3
8284,1109,4,0,7,1,0,1,1,1,0,22,1,210,8,60,110,11,10,0,286,156,2
8285,1109,4,0,7,1,0,1,1,1,0,22,1,210,8,120,110,10,30,0,176,156,3
8286,1109,4,0,7,1,0,1,1,1,0,22,1,189,8,60,110,10,20,0,286,120,2
8287,1109,4,0,7,1,0,1,1,1,0,22,1,189,10,60,102,11,10,0,220,96,2
8288,1109,4,0,7,1,0,1,1,1,0,22,1,189,8,120,96,11,20,0,220,156,2
8289,1109,4,0,7,1,0,1,1,1,0,22,1,210,10,30,110,13,20,0,220,156,3
8290,1110,4,1,1,0,0,2,0,0,0,17,2,236,90,30,92,105,10,0,160,68,3
8291,1110,4,1,1,0,0,2,0,0,0,17,2,236,90,120,84,122,10,0,208,110,2
8292,1110,4,1,1,0,0,2,0,0,0,17,2,236,81,30,78,112,20,0,208,85,2
8293,1110,4,1,1,0,0,2,0,0,0,17,2,177,81,60,78,112,30,0,128,110,1
8294,1110,4,1,1,0,0,2,0,0,0,17,2,197,90,30,78,109,30,0,208,68,3
8295,1110,4,1,1,0,0,2,0,0,0,17,2,197,81,30,84,92,10,0,128,85,2
8296,1110,4,1,1,0,0,2,0,0,0,17,2,197,108,60,78,118,20,0,128,68,3
8297,1110,4,1,1,0,0,2,0,0,0,17,2,236,108,30,84,122,30,0,128,110,1
8298,1110,4,1,1,0,0,2,0,0,0,17,2,197,90,60,84,122,30,0,160,85,2
8299,1111,4,1,1,1,0,2,1,2,0,22,1,245,119,120,90,127,30,0,170,125,2
8300,1111,4,1,1,1,0,2,1,2,0,22,1,184,89,120,96,105,30,0,221,100,2
8301,1111,4,1,1,1,0,2,1,2,0,22,1,245,89,120,104,109,20,0,136,100,3
8302,1111,4,1,1,1,0,2,1,2,0,22,1,204,89,60,104,109,10,0,221,162,2
8303,1111,4,1,1,1,0,2,1,2,0,22,1,204,99,120,104,112,30,0,136,162,2
8304,1111,4,1,1,1,0,2,1,2,0,22,1,184,99,60,104,112,20,0,221,125,2
8305,1111,4,1,1,1,0,2,1,2,0,22,1,184,119,60,96,137,10,0,170,100,2
8306,1111,4,1,1,1,0,2,1,2,0,22,1,184,99,120,90,118,20,0,170,162,2
8307,1111,4,1,1,1,0,2,1,2,0,22,1,204,119,30,104,155,20,0,170,162,2
8308,1112,4,1,1,1,0,3,1,3,0,25,10,188,72,120,148,76,30,0,100,80,2
8309,1112,4,1,1,1,0,3,1,3,0,25,10,148,54,120,150,60,30,0,130,64,3
8310,1112,4,1,1,1,0,3,1,3,0,25,10,188,54,120,152,60,20,0,80,64,2
8311,1112,4,1,1,1,0,3,1,3,0,25,10,161,54,60,152,60,10,0,130,104,3
8312,1112,4,1,1,1,0,3,1,3,0,25,10,161,60,120,152,65,30,0,80,104,3
8313,1112,4,1,1,1,0,3,1,3,0,25,10,148,60,60,152,65,20,0,130,80,3
8314,1112,4,1,1,1,0,3,1,3,0,25,10,148,72,60,150,76,10,0,100,64,3
8315,1112,4,1,1,1,0,3,1,3,0,25,10,148,60,120,148,68,20,0,100,104,3
8316,1112,4,1,1,1,0,3,1,3,0,25,10,161,72,30,152,84,20,0,100,104,3
8317,1113,4,1,1,1,0,4,0,2,0,1,25,200,126,120,71,140,20,0,325,130,2
8318,1113,4,1,1,1,0,4,0,2,0,1,25,182,126,30,63,133,10,0,325,169,2
8319,1113,4,1,1,1,0,4,0,2,0,1,25,236,126,60,81,168,30,0,325,104,3
8320,1113,4,1,1,1,0,4,0,2,0,1,25,182,105,30,71,146,20,0,200,104,3
8321,1113,4,1,1,1,0,4,0,2,0,1,25,236,94,60,71,109,20,0,250,169,2
8322,1113,4,1,1,1,0,4,0,2,0,1,25,200,94,120,63,133,10,0,250,104,2
8323,1113,4,1,1,1,0,4,0,2,0,1,25,182,126,120,81,168,10,0,200,130,3
8324,1113,4,1,1,1,0,4,0,2,0,1,25,182,94,30,81,112,30,0,250,130,2
8325,1113,4,1,1,1,0,4,0,2,0,1,25,236,105,60,63,122,10,0,200,130,2
8326,1114,4,1,1,1,0,5,1,3,0,1,25,270,126,120,90,137,30,0,220,130,2
8327,1114,4,1,1,1,0,5,1,3,0,1,25,205,94,120,98,112,30,0,286,104,2
8328,1114,4,1,1,1,0,5,1,3,0,1,25,270,94,120,108,118,20,0,176,104,2
8329,1114,4,1,1,1,0,5,1,3,0,1,25,227,94,60,108,118,10,0,286,169,2
8330,1114,4,1,1,1,0,5,1,3,0,1,25,227,105,120,108,118,30,0,176,169,2
8331,1114,4,1,1,1,0,5,1,3,0,1,25,205,105,60,108,118,20,0,286,130,2
8332,1114,4,1,1,1,0,5,1,3,0,1,25,205,126,60,98,146,10,0,220,104,2
8333,1114,4,1,1,1,0,5,1,3,0,1,25,205,105,120,90,127,20,0,220,169,2
8334,1114,4,1,1,1,0,5,1,3,0,1,25,227,126,30,108,174,20,0,220,169,2
8335,1115,4,1,1,1,0,2,1,2,0,22,1,224,113,120,74,122,30,0,170,110,3
8336,1115,4,1,1,1,0,2,1,2,0,22,1,170,85,120,80,97,30,0,221,88,2
8337,1115,4,1,1,1,0,2,1,2,0,22,1,224,85,120,88,105,20,0,136,88,3
8338,1115,4,1,1,1,0,2,1,2,0,22,1,188,85,60,88,105,10,0,221,143,2
8339,1115,4,1,1,1,0,2,1,2,0,22,1,188,94,120,88,105,30,0,136,143,2
8340,1115,4,1,1,1,0,2,1,2,0,22,1,170,94,60,88,105,20,0,221,110,2
8341,1115,4,1,1,1,0,2,1,2,0,22,1,170,113,60,80,127,10,0,170,88,3
8342,1115,4,1,1,1,0,2,1,2,0,22,1,170,94,120,74,112,20,0,170,143,2
8343,1115,4,1,1,1,0,2,1,2,0,22,1,188,113,30,88,146,20,0,170,143,1
8344,1116,4,1,1,1,0,2,1,3,0,1,2,106,60,30,41,71,10,0,90,48,3
8345,1116,4,1,1,1,0,2,1,3,0,1,2,106,60,120,37,84,10,0,117,78,2
8346,1116,4,1,1,1,0,2,1,3,0,1,2,106,54,30,34,78,20,0,117,60,2
8347,1116,4,1,1,1,0,2,1,3,0,1,2,85,54,60,34,78,30,0,72,78,3
8348,1116,4,1,1,1,0,2,1,3,0,1,2,92,60,30,34,74,30,0,117,48,2
8349,1116,4,1,1,1,0,2,1,3,0,1,2,92,54,30,37,65,10,0,72,60,3
8350,1116,4,1,1,1,0,2,1,3,0,1,2,92,72,60,34,78,20,0,72,48,3
8351,1116,4,1,1,1,0,2,1,3,0,1,2,106,72,30,37,84,30,0,72,78,3
8352,1116,4,1,1,1,0,2,1,3,0,1,2,92,60,60,37,84,30,0,90,60,3
8353,1117,4,1,1,1,0,3,0,3,0,25,2,125,82,120,49,90,20,0,156,80,1
8354,1117,4,1,1,1,0,3,0,3,0,25,2,114,82,30,44,84,10,0,156,104,1
8355,1117,4,1,1,1,0,3,0,3,0,25,2,146,82,60,55,105,30,0,156,64,3
8356,1117,4,1,1,1,0,3,0,3,0,25,2,114,68,30,49,90,20,0,96,64,3
8357,1117,4,1,1,1,0,3,0,3,0,25,2,146,61,60,49,71,20,0,120,104,1
8358,1117,4,1,1,1,0,3,0,3,0,25,2,125,61,120,44,84,10,0,120,64,1
8359,1117,4,1,1,1,0,3,0,3,0,25,2,114,82,120,55,105,10,0,96,80,1
8360,1117,4,1,1,1,0,3,0,3,0,25,2,114,61,30,55,74,30,0,120,80,1
8361,1117,4,1,1,1,0,3,0,3,0,25,2,146,68,60,44,78,10,0,96,80,3
8362,1118,4,1,1,1,0,4,0,2,0,22,3,226,101,120,171,105,20,0,208,80,3
8363,1118,4,1,1,1,0,4,0,2,0,22,3,207,101,30,168,99,10,0,208,104,2
8364,1118,4,1,1,1,0,4,0,2,0,22,3,265,101,60,175,112,30,0,208,64,3
8365,1118,4,1,1,1,0,4,0,2,0,22,3,207,84,30,171,97,20,0,128,64,3
8366,1118,4,1,1,1,0,4,0,2,0,22,3,265,76,60,171,84,20,0,160,104,2
8367,1118,4,1,1,1,0,4,0,2,0,22,3,226,76,120,168,90,10,0,160,64,3
8368,1118,4,1,1,1,0,4,0,2,0,22,3,207,101,120,175,112,10,0,128,80,3
8369,1118,4,1,1,1,0,4,0,2,0,22,3,207,76,30,175,84,30,0,160,80,2
8370,1118,4,1,1,1,0,4,0,2,0,22,3,265,84,60,168,90,10,0,128,80,3
8371,1119,4,1,1,1,0,4,1,2,0,1,2,171,89,120,116,92,20,0,130,60,3
8372,1119,4,1,1,1,0,4,1,2,0,1,2,155,89,30,113,90,10,0,130,78,3
8373,1119,4,1,1,1,0,4,1,2,0,1,2,203,89,60,120,105,30,0,130,48,3
8374,1119,4,1,1,1,0,4,1,2,0,1,2,155,74,30,116,92,20,0,80,48,3
8375,1119,4,1,1,1,0,4,1,2,0,1,2,203,67,60,116,74,20,0,100,78,2
8376,1119,4,1,1,1,0,4,1,2,0,1,2,171,67,120,113,84,10,0,100,48,3
8377,1119,4,1,1,1,0,4,1,2,0,1,2,155,89,120,120,105,10,0,80,60,3
8378,1119,4,1,1,1,0,4,1,2,0,1,2,155,67,30,120,78,30,0,100,60,3
8379,1119,4,1,1,1,0,4,1,2,0,1,2,203,74,60,113,84,10,0,80,60,3
8380,1120,4,1,1,1,0,4,1,2,0,25,2,176,89,120,100,97,20,0,156,75,3
8381,1120,4,1,1,1,0,4,1,2,0,25,2,159,89,30,95,92,10,0,156,97,2
8382,1120,4,1,1,1,0,4,1,2,0,25,2,209,89,60,106,112,30,0,156,60,3
8383,1120,4,1,1,1,0,4,1,2,0,25,2,159,74,30,100,97,20,0,96,60,3
8384,1120,4,1,1,1,0,4,1,2,0,25,2,209,67,60,100,76,20,0,120,97,2
8385,1120,4,1,1,1,0,4,1,2,0,25,2,176,67,120,95,90,10,0,120,60,3
8386,1120,4,1,1,1,0,4,1,2,0,25,2,159,89,120,106,112,10,0,96,75,3
8387,1120,4,1,1,1,0,4,1,2,0,25,2,159,67,30,106,81,30,0,120,75,3
8388,1120,4,1,1,1,0,4,1,2,0,25,2,209,74,60,95,84,10,0,96,75,3
8389,1121,4,1,1,1,0,4,1,3,0,1,22,292,94,30,153,109,10,0,190,104,3
8390,1121,4,1,1,1,0,4,1,3,0,1,22,292,94,120,145,133,10,0,247,169,2
8391,1121,4,1,1,1,0,4,1,3,0,1,22,292,85,30,139,122,20,0,247,130,2
8392,1121,4,1,1,1,0,4,1,3,0,1,22,234,85,60,139,122,30,0,152,169,3
8393,1121,4,1,1,1,0,4,1,3,0,1,22,253,94,30,139,112,30,0,247,104,2
8394,1121,4,1,1,1,0,4,1,3,0,1,22,253,85,30,145,99,10,0,152,130,3
8395,1121,4,1,1,1,0,4,1,3,0,1,22,253,113,60,139,122,20,0,152,104,3
8396,1121,4,1,1,1,0,4,1,3,0,1,22,292,113,30,145,133,30,0,152,169,3
8397,1121,4,1,1,1,0,4,1,3,0,1,22,253,94,60,145,133,30,0,190,130,2
8398,1122,4,1,1,1,0,4,1,3,0,2,15,168,101,120,85,118,20,0,169,85,3
8399,1122,4,1,1,1,0,4,1,3,0,2,15,152,101,30,79,112,10,0,169,110,2
8400,1122,4,1,1,1,0,4,1,3,0,2,15,200,101,60,93,137,30,0,169,68,3
8401,1122,4,1,1,1,0,4,1,3,0,2,15,152,84,30,85,122,20,0,104,68,3
8402,1122,4,1,1,1,0,4,1,3,0,2,15,200,76,60,85,92,20,0,130,110,2
8403,1122,4,1,1,1,0,4,1,3,0,2,15,168,76,120,79,112,10,0,130,68,1
8404,1122,4,1,1,1,0,4,1,3,0,2,15,152,101,120,93,137,10,0,104,85,3
8405,1122,4,1,1,1,0,4,1,3,0,2,15,152,76,30,93,97,30,0,130,85,2
8406,1122,4,1,1,1,0,4,1,3,0,2,15,200,84,60,79,105,10,0,104,85,3
8407,1123,4,1,1,1,0,4,1,3,0,25,18,626,175,120,388,187,30,0,330,220,3
8408,1123,4,1,1,1,0,4,1,3,0,25,18,475,131,120,396,146,30,0,429,176,3
8409,1123,4,1,1,1,0,4,1,3,0,25,18,626,131,120,406,155,20,0,264,176,3
8410,1123,4,1,1,1,0,4,1,3,0,25,18,525,131,60,406,155,10,0,429,286,2
8411,1123,4,1,1,1,0,4,1,3,0,25,18,525,146,120,406,161,30,0,264,286,2
8412,1123,4,1,1,1,0,4,1,3,0,25,18,475,146,60,406,161,20,0,429,220,1
8413,1123,4,1,1,1,0,4,1,3,0,25,18,475,175,60,396,196,10,0,330,176,3
8414,1123,4,1,1,1,0,4,1,3,0,25,18,475,146,120,388,168,20,0,330,286,2
8415,1123,4,1,1,1,0,4,1,3,0,25,18,525,175,30,406,221,20,0,330,286,1
8416,1124,4,1,1,1,0,2,1,3,0,1,22,214,113,120,106,133,20,0,221,100,3
8417,1124,4,1,1,1,0,2,1,3,0,1,22,193,113,30,100,122,10,0,221,130,2
8418,1124,4,1,1,1,0,2,1,3,0,1,22,257,113,60,114,150,30,0,221,80,3
8419,1124,4,1,1,1,0,2,1,3,0,1,22,193,94,30,106,133,20,0,136,80,3
8420,1124,4,1,1,1,0,2,1,3,0,1,22,257,85,60,106,99,20,0,170,130,2
8421,1124,4,1,1,1,0,2,1,3,0,1,22,214,85,120,100,122,10,0,170,80,3
8422,1124,4,1,1,1,0,2,1,3,0,1,22,193,113,120,114,150,10,0,136,100,3
8423,1124,4,1,1,1,0,2,1,3,0,1,22,193,85,30,114,105,30,0,170,100,3
8424,1124,4,1,1,1,0,2,1,3,0,1,22,257,94,60,100,112,10,0,136,100,3
8425,1125,4,1,1,1,1,3,0,3,0,17,11,190,89,120,104,88,30,0,130,85,3
8426,1125,4,1,1,1,1,3,0,3,0,17,11,145,67,120,107,74,30,0,169,68,3
8427,1125,4,1,1,1,1,3,0,3,0,17,11,190,67,120,111,76,20,0,104,68,3
8428,1125,4,1,1,1,1,3,0,3,0,17,11,160,67,60,111,76,10,0,169,110,3
8429,1125,4,1,1,1,1,3,0,3,0,17,11,160,74,120,111,78,30,0,104,110,3
8430,1125,4,1,1,1,1,3,0,3,0,17,11,145,74,60,111,78,20,0,169,85,3
8431,1125,4,1,1,1,1,3,0,3,0,17,11,145,89,60,107,90,10,0,130,68,3
8432,1125,4,1,1,1,1,3,0,3,0,17,11,145,74,120,104,81,20,0,130,110,3
8433,1125,4,1,1,1,1,3,0,3,0,17,11,160,89,30,111,97,20,0,130,110,3
8434,1126,4,1,1,1,1,3,1,2,0,25,17,283,146,120,95,174,20,0,351,165,2
8435,1126,4,1,1,1,1,3,1,2,0,25,17,257,146,30,84,165,10,0,351,214,2
8436,1126,4,1,1,1,1,3,1,2,0,25,17,336,146,60,109,207,30,0,351,132,3
8437,1126,4,1,1,1,1,3,1,2,0,25,17,257,122,30,95,178,20,0,216,132,3
8438,1126,4,1,1,1,1,3,1,2,0,25,17,336,110,60,95,133,20,0,270,214,2
8439,1126,4,1,1,1,1,3,1,2,0,25,17,283,110,120,84,165,10,0,270,132,2
8440,1126,4,1,1,1,1,3,1,2,0,25,17,257,146,120,109,207,10,0,216,165,3
8441,1126,4,1,1,1,1,3,1,2,0,25,17,257,110,30,109,137,30,0,270,165,2
8442,1126,4,1,1,1,1,3,1,2,0,25,17,336,122,60,84,150,10,0,216,165,2
8443,1127,4,1,1,1,1,4,1,3,0,25,9,264,109,30,103,122,10,0,260,172,2
8444,1127,4,1,1,1,1,4,1,3,0,25,9,264,109,120,93,150,10,0,338,279,2
8445,1127,4,1,1,1,1,4,1,3,0,25,9,264,98,30,85,140,20,0,338,215,2
8446,1127,4,1,1,1,1,4,1,3,0,25,9,201,98,60,85,140,30,0,208,279,2
8447,1127,4,1,1,1,1,4,1,3,0,25,9,222,109,30,85,133,30,0,338,172,2
8448,1127,4,1,1,1,1,4,1,3,0,25,9,222,98,30,93,112,10,0,208,215,2
8449,1127,4,1,1,1,1,4,1,3,0,25,9,222,131,60,85,140,20,0,208,172,2
8450,1127,4,1,1,1,1,4,1,3,0,25,9,264,131,30,93,150,30,0,208,279,2
8451,1127,4,1,1,1,1,4,1,3,0,25,9,222,109,60,93,150,30,0,260,215,2
8452,1128,4,1,1,1,1,2,0,1,0,1,22,328,105,30,179,112,10,0,190,96,3
8453,1128,4,1,1,1,1,2,0,1,0,1,22,328,105,120,171,137,10,0,247,156,2
8454,1128,4,1,1,1,1,2,0,1,0,1,22,328,94,30,165,127,20,0,247,120,2
8455,1128,4,1,1,1,1,2,0,1,0,1,22,255,94,60,165,127,30,0,152,156,3
8456,1128,4,1,1,1,1,2,0,1,0,1,22,279,105,30,165,122,30,0,247,96,3
8457,1128,4,1,1,1,1,2,0,1,0,1,22,279,94,30,171,109,10,0,152,120,3
8458,1128,4,1,1,1,1,2,0,1,0,1,22,279,126,60,165,133,20,0,152,96,3
8459,1128,4,1,1,1,1,2,0,1,0,1,22,328,126,30,171,137,30,0,152,156,3
8460,1128,4,1,1,1,1,2,0,1,0,1,22,279,105,60,171,137,30,0,190,120,2
8461,1129,4,1,1,1,1,2,1,3,0,25,2,146,68,30,55,76,10,0,110,56,2
8462,1129,4,1,1,1,1,2,1,3,0,25,2,146,68,120,49,90,10,0,143,91,2
8463,1129,4,1,1,1,1,2,1,3,0,25,2,146,61,30,44,84,20,0,143,70,2
8464,1129,4,1,1,1,1,2,1,3,0,25,2,114,61,60,44,84,30,0,88,91,2
8465,1129,4,1,1,1,1,2,1,3,0,25,2,125,68,30,44,78,30,0,143,56,2
8466,1129,4,1,1,1,1,2,1,3,0,25,2,125,61,30,49,71,10,0,88,70,2
8467,1129,4,1,1,1,1,2,1,3,0,25,2,125,82,60,44,84,20,0,88,56,3
8468,1129,4,1,1,1,1,2,1,3,0,25,2,146,82,30,49,90,30,0,88,91,3
8469,1129,4,1,1,1,1,2,1,3,0,25,2,125,68,60,49,90,30,0,110,70,2
8470,1130,4,1,1,1,1,3,1,2,0,1,23,311,84,30,226,90,10,0,130,64,3
8471,1130,4,1,1,1,1,3,1,2,0,1,23,311,84,120,222,105,10,0,169,104,2
8472,1130,4,1,1,1,1,3,1,2,0,1,23,311,76,30,219,97,20,0,169,80,2
8473,1130,4,1,1,1,1,3,1,2,0,1,23,260,76,60,219,97,30,0,104,104,3
8474,1130,4,1,1,1,1,3,1,2,0,1,23,277,84,30,219,94,30,0,169,64,3
8475,1130,4,1,1,1,1,3,1,2,0,1,23,277,76,30,222,84,10,0,104,80,2
8476,1130,4,1,1,1,1,3,1,2,0,1,23,277,101,60,219,105,20,0,104,64,3
8477,1130,4,1,1,1,1,3,1,2,0,1,23,311,101,30,222,109,30,0,104,104,3
8478,1130,4,1,1,1,1,3,1,2,0,1,23,277,84,60,222,105,30,0,130,80,3
8479,1131,4,1,1,1,1,3,1,3,0,2,1,130,71,30,67,78,10,0,90,52,2
8480,1131,4,1,1,1,1,3,1,3,0,2,1,130,71,120,63,90,10,0,117,84,2
8481,1131,4,1,1,1,1,3,1,3,0,2,1,130,64,30,60,84,20,0,117,65,1
8482,1131,4,1,1,1,1,3,1,3,0,2,1,103,64,60,60,84,30,0,72,84,3
8483,1131,4,1,1,1,1,3,1,3,0,2,1,112,71,30,60,81,30,0,117,52,2
8484,1131,4,1,1,1,1,3,1,3,0,2,1,112,64,30,63,74,10,0,72,65,3
8485,1131,4,1,1,1,1,3,1,3,0,2,1,112,85,60,60,88,20,0,72,52,3
8486,1131,4,1,1,1,1,3,1,3,0,2,1,130,85,30,63,92,30,0,72,84,3
8487,1131,4,1,1,1,1,3,1,3,0,2,1,112,71,60,63,90,30,0,90,65,2
8488,1132,4,1,1,1,1,3,1,3,0,9,22,211,126,120,103,137,20,0,208,110,2
8489,1132,4,1,1,1,1,3,1,3,0,9,22,190,126,30,97,127,10,0,208,143,2
8490,1132,4,1,1,1,1,3,1,3,0,9,22,253,126,60,111,155,30,0,208,88,3
8491,1132,4,1,1,1,1,3,1,3,0,9,22,190,105,30,103,137,20,0,128,88,3
8492,1132,4,1,1,1,1,3,1,3,0,9,22,253,94,60,103,105,20,0,160,143,2
8493,1132,4,1,1,1,1,3,1,3,0,9,22,211,94,120,97,127,10,0,160,88,2
8494,1132,4,1,1,1,1,3,1,3,0,9,22,190,126,120,111,155,10,0,128,110,3
8495,1132,4,1,1,1,1,3,1,3,0,9,22,190,94,30,111,109,30,0,160,110,2
8496,1132,4,1,1,1,1,3,1,3,0,9,22,253,105,60,97,118,10,0,128,110,3
8497,1133,4,1,1,1,1,3,1,3,0,22,1,174,106,120,66,122,20,0,195,100,2
8498,1133,4,1,1,1,1,3,1,3,0,22,1,158,106,30,60,112,10,0,195,130,2
8499,1133,4,1,1,1,1,3,1,3,0,22,1,207,106,60,74,140,30,0,195,80,2
8500,1133,4,1,1,1,1,3,1,3,0,22,1,158,88,30,66,122,20,0,120,80,2
8501,1133,4,1,1,1,1,3,1,3,0,22,1,207,79,60,66,92,20,0,150,130,2
8502,1133,4,1,1,1,1,3,1,3,0,22,1,174,79,120,60,112,10,0,150,80,2
8503,1133,4,1,1,1,1,3,1,3,0,22,1,158,106,120,74,140,10,0,120,100,2
8504,1133,4,1,1,1,1,3,1,3,0,22,1,158,79,30,74,97,30,0,150,100,2
8505,1133,4,1,1,1,1,3,1,3,0,22,1,207,88,60,60,105,10,0,120,100,2
8506,1134,4,1,1,1,1,4,0,4,0,1,23,332,131,120,163,140,30,0,170,100,2
8507,1134,4,1,1,1,1,4,0,4,0,1,23,249,98,120,169,112,30,0,221,80,2
8508,1134,4,1,1,1,1,4,0,4,0,1,23,332,98,120,177,118,20,0,136,80,3
8509,1134,4,1,1,1,1,4,0,4,0,1,23,277,98,60,177,118,10,0,221,130,2
8510,1134,4,1,1,1,1,4,0,4,0,1,23,277,109,120,177,122,30,0,136,130,2
8511,1134,4,1,1,1,1,4,0,4,0,1,23,249,109,60,177,122,20,0,221,100,2
8512,1134,4,1,1,1,1,4,0,4,0,1,23,249,131,60,169,146,10,0,170,80,3
8513,1134,4,1,1,1,1,4,0,4,0,1,23,249,109,120,163,127,20,0,170,130,2
8514,1134,4,1,1,1,1,4,0,4,0,1,23,277,131,30,177,168,20,0,170,130,3
8515,1135,4,1,1,1,1,4,0,4,0,22,1,266,116,120,112,122,30,0,180,115,2
8516,1135,4,1,1,1,1,4,0,4,0,22,1,206,87,120,118,99,30,0,234,92,2
8517,1135,4,1,1,1,1,4,0,4,0,22,1,266,87,120,126,105,20,0,144,92,2
8518,1135,4,1,1,1,1,4,0,4,0,22,1,226,87,60,126,105,10,0,234,149,2
8519,1135,4,1,1,1,1,4,0,4,0,22,1,226,97,120,126,109,30,0,144,149,2
8520,1135,4,1,1,1,1,4,0,4,0,22,1,206,97,60,126,109,20,0,234,115,2
8521,1135,4,1,1,1,1,4,0,4,0,22,1,206,116,60,118,133,10,0,180,92,2
8522,1135,4,1,1,1,1,4,0,4,0,22,1,206,97,120,112,112,20,0,180,149,2
8523,1135,4,1,1,1,1,4,0,4,0,22,1,226,116,30,126,150,20,0,180,149,2
8524,1136,4,1,1,1,1,4,1,2,0,1,22,182,108,120,74,122,20,0,208,95,2
8525,1136,4,1,1,1,1,4,1,2,0,1,22,164,108,30,68,118,10,0,208,123,2
8526,1136,4,1,1,1,1,4,1,2,0,1,22,218,108,60,82,146,30,0,208,76,3
8527,1136,4,1,1,1,1,4,1,2,0,1,22,164,90,30,74,127,20,0,128,76,3
8528,1136,4,1,1,1,1,4,1,2,0,1,22,218,81,60,74,94,20,0,160,123,2
8529,1136,4,1,1,1,1,4,1,2,0,1,22,182,81,120,68,118,10,0,160,76,3
8530,1136,4,1,1,1,1,4,1,2,0,1,22,164,108,120,82,146,10,0,128,95,3
8531,1136,4,1,1,1,1,4,1,2,0,1,22,164,81,30,82,99,30,0,160,95,2
8532,1136,4,1,1,1,1,4,1,2,0,1,22,218,90,60,68,109,10,0,128,95,2
8533,1137,4,1,1,1,1,4,1,2,0,1,23,350,112,30,195,122,10,0,200,100,3
8534,1137,4,1,1,1,1,4,1,2,0,1,23,350,112,120,187,146,10,0,260,162,3
8535,1137,4,1,1,1,1,4,1,2,0,1,23,350,101,30,181,137,20,0,260,125,3
8536,1137,4,1,1,1,1,4,1,2,0,1,23,268,101,60,181,137,30,0,160,162,3
8537,1137,4,1,1,1,1,4,1,2,0,1,23,295,112,30,181,133,30,0,260,100,3
8538,1137,4,1,1,1,1,4,1,2,0,1,23,295,101,30,187,112,10,0,160,125,3
8539,1137,4,1,1,1,1,4,1,2,0,1,23,295,134,60,181,140,20,0,160,100,3
8540,1137,4,1,1,1,1,4,1,2,0,1,23,350,134,30,187,150,30,0,160,162,3
8541,1137,4,1,1,1,1,4,1,2,0,1,23,295,112,60,187,146,30,0,200,125,3
8542,1138,4,1,1,1,1,4,1,2,0,1,25,266,131,120,87,140,30,0,220,115,3
8543,1138,4,1,1,1,1,4,1,2,0,1,25,203,98,120,95,112,30,0,286,92,2
8544,1138,4,1,1,1,1,4,1,2,0,1,25,266,98,120,105,118,20,0,176,92,3
8545,1138,4,1,1,1,1,4,1,2,0,1,25,224,98,60,105,118,10,0,286,149,2
8546,1138,4,1,1,1,1,4,1,2,0,1,25,224,109,120,105,122,30,0,176,149,2
8547,1138,4,1,1,1,1,4,1,2,0,1,25,203,109,60,105,122,20,0,286,115,2
8548,1138,4,1,1,1,1,4,1,2,0,1,25,203,131,60,95,150,10,0,220,92,3
8549,1138,4,1,1,1,1,4,1,2,0,1,25,203,109,120,87,133,20,0,220,149,2
8550,1138,4,1,1,1,1,4,1,2,0,1,25,224,131,30,105,174,20,0,220,149,1
8551,1139,4,1,1,1,1,4,1,2,0,25,1,236,126,120,63,133,30,0,190,140,2
8552,1139,4,1,1,1,1,4,1,2,0,25,1,182,94,120,71,109,30,0,247,112,2
8553,1139,4,1,1,1,1,4,1,2,0,25,1,236,94,120,81,112,20,0,152,112,3
8554,1139,4,1,1,1,1,4,1,2,0,25,1,200,94,60,81,112,10,0,247,182,2
8555,1139,4,1,1,1,1,4,1,2,0,25,1,200,105,120,81,118,30,0,152,182,2
8556,1139,4,1,1,1,1,4,1,2,0,25,1,182,105,60,81,118,20,0,247,140,2
8557,1139,4,1,1,1,1,4,1,2,0,25,1,182,126,60,71,140,10,0,190,112,2
8558,1139,4,1,1,1,1,4,1,2,0,25,1,182,105,120,63,122,20,0,190,182,2
8559,1139,4,1,1,1,1,4,1,2,0,25,1,200,126,30,81,168,20,0,190,182,1
8560,1140,4,1,1,1,1,4,1,3,0,22,1,180,110,120,72,127,20,0,221,120,2
8561,1140,4,1,1,1,1,4,1,3,0,22,1,163,110,30,66,118,10,0,221,156,1
8562,1140,4,1,1,1,1,4,1,3,0,22,1,214,110,60,80,146,30,0,221,96,3
8563,1140,4,1,1,1,1,4,1,3,0,22,1,163,92,30,72,127,20,0,136,96,3
8564,1140,4,1,1,1,1,4,1,3,0,22,1,214,83,60,72,97,20,0,170,156,2
8565,1140,4,1,1,1,1,4,1,3,0,22,1,180,83,120,66,118,10,0,170,96,3
8566,1140,4,1,1,1,1,4,1,3,0,22,1,163,110,120,80,146,10,0,136,120,3
8567,1140,4,1,1,1,1,4,1,3,0,22,1,163,83,30,80,105,30,0,170,120,1
8568,1140,4,1,1,1,1,4,1,3,0,22,1,214,92,60,66,109,10,0,136,120,2
8569,1141,4,1,1,1,1,5,1,1,0,2,18,211,110,120,156,118,20,0,195,100,2
8570,1141,4,1,1,1,1,5,1,1,0,2,18,190,110,30,153,112,10,0,195,130,2
8571,1141,4,1,1,1,1,5,1,1,0,2,18,253,110,60,160,133,30,0,195,80,3
8572,1141,4,1,1,1,1,5,1,1,0,2,18,190,92,30,156,112,20,0,120,80,3
8573,1141,4,1,1,1,1,5,1,1,0,2,18,253,83,60,156,92,20,0,150,130,2
8574,1141,4,1,1,1,1,5,1,1,0,2,18,211,83,120,153,105,10,0,150,80,3
8575,1141,4,1,1,1,1,5,1,1,0,2,18,190,110,120,160,133,10,0,120,100,3
8576,1141,4,1,1,1,1,5,1,1,0,2,18,190,83,30,160,94,30,0,150,100,2
8577,1141,4,1,1,1,1,5,1,1,0,2,18,253,92,60,153,105,10,0,120,100,3
8578,1142,4,1,1,1,1,5,1,3,0,1,22,206,92,30,73,105,10,0,150,80,3
8579,1142,4,1,1,1,1,5,1,3,0,1,22,206,92,120,65,127,10,0,195,130,3
8580,1142,4,1,1,1,1,5,1,3,0,1,22,206,83,30,59,118,20,0,195,100,3
8581,1142,4,1,1,1,1,5,1,3,0,1,22,157,83,60,59,118,30,0,120,130,3
8582,1142,4,1,1,1,1,5,1,3,0,1,22,173,92,30,59,109,30,0,195,80,3
8583,1142,4,1,1,1,1,5,1,3,0,1,22,173,83,30,65,97,10,0,120,100,3
8584,1142,4,1,1,1,1,5,1,3,0,1,22,173,110,60,59,118,20,0,120,80,3
8585,1142,4,1,1,1,1,5,1,3,0,1,22,206,110,30,65,127,30,0,120,130,3
8586,1142,4,1,1,1,1,5,1,3,0,1,22,173,92,60,65,127,30,0,150,100,3
8587,1143,4,1,1,1,1,5,1,3,0,2,22,163,72,120,79,76,30,0,100,65,3
8588,1143,4,1,1,1,1,5,1,3,0,2,22,124,54,120,82,60,30,0,130,52,2
8589,1143,4,1,1,1,1,5,1,3,0,2,22,163,54,120,86,65,20,0,80,52,3
8590,1143,4,1,1,1,1,5,1,3,0,2,22,137,54,60,86,65,10,0,130,84,2
8591,1143,4,1,1,1,1,5,1,3,0,2,22,137,60,120,86,68,30,0,80,84,3
8592,1143,4,1,1,1,1,5,1,3,0,2,22,124,60,60,86,68,20,0,130,65,1
8593,1143,4,1,1,1,1,5,1,3,0,2,22,124,72,60,82,78,10,0,100,52,3
8594,1143,4,1,1,1,1,5,1,3,0,2,22,124,60,120,79,71,20,0,100,84,2
8595,1143,4,1,1,1,1,5,1,3,0,2,22,137,72,30,86,88,20,0,100,84,3
8596,1144,4,1,1,1,1,5,1,3,0,22,17,322,112,30,188,122,10,0,230,116,3
8597,1144,4,1,1,1,1,5,1,3,0,22,17,322,112,120,180,146,10,0,299,188,2
8598,1144,4,1,1,1,1,5,1,3,0,22,17,322,101,30,174,133,20,0,299,145,2
8599,1144,4,1,1,1,1,5,1,3,0,22,17,253,101,60,174,133,30,0,184,188,3
8600,1144,4,1,1,1,1,5,1,3,0,22,17,276,112,30,174,127,30,0,299,116,2
8601,1144,4,1,1,1,1,5,1,3,0,22,17,276,101,30,180,112,10,0,184,145,3
8602,1144,4,1,1,1,1,5,1,3,0,22,17,276,134,60,174,140,20,0,184,116,3
8603,1144,4,1,1,1,1,5,1,3,0,22,17,322,134,30,180,146,30,0,184,188,3
8604,1144,4,1,1,1,1,5,1,3,0,22,17,276,112,60,180,146,30,0,230,145,2
8605,1145,4,1,1,1,1,3,0,2,0,1,2,127,82,120,72,88,20,0,117,50,3
8606,1145,4,1,1,1,1,3,0,2,0,1,2,115,82,30,69,84,10,0,117,65,2
8607,1145,4,1,1,1,1,3,0,2,0,1,2,150,82,60,76,105,30,0,117,40,3
8608,1145,4,1,1,1,1,3,0,2,0,1,2,115,68,30,72,90,20,0,72,40,3
8609,1145,4,1,1,1,1,3,0,2,0,1,2,150,61,60,72,71,20,0,90,65,2
8610,1145,4,1,1,1,1,3,0,2,0,1,2,127,61,120,69,84,10,0,90,40,3
8611,1145,4,1,1,1,1,3,0,2,0,1,2,115,82,120,76,105,10,0,72,50,1
8612,1145,4,1,1,1,1,3,0,2,0,1,2,115,61,30,76,74,30,0,90,50,1
8613,1145,4,1,1,1,1,3,0,2,0,1,2,150,68,60,69,78,10,0,72,50,2
8614,1146,4,1,1,1,1,3,1,3,0,20,23,388,122,30,174,137,10,0,290,120,2
8615,1146,4,1,1,1,1,3,1,3,0,20,23,388,122,120,162,168,10,0,377,195,2
8616,1146,4,1,1,1,1,3,1,3,0,20,23,388,110,30,153,155,20,0,377,150,2
8617,1146,4,1,1,1,1,3,1,3,0,20,23,299,110,60,153,155,30,0,232,195,2
8618,1146,4,1,1,1,1,3,1,3,0,20,23,329,122,30,153,146,30,0,377,120,2
8619,1146,4,1,1,1,1,3,1,3,0,20,23,329,110,30,162,127,10,0,232,150,2
8620,1146,4,1,1,1,1,3,1,3,0,20,23,329,146,60,153,161,20,0,232,120,3
8621,1146,4,1,1,1,1,3,1,3,0,20,23,388,146,30,162,168,30,0,232,195,2
8622,1146,4,1,1,1,1,3,1,3,0,20,23,329,122,60,162,168,30,0,290,150,2
8623,1147,4,1,1,1,1,3,1,3,0,22,1,164,106,120,56,118,20,0,221,80,2
8624,1147,4,1,1,1,1,3,1,3,0,22,1,150,106,30,50,112,10,0,221,104,2
8625,1147,4,1,1,1,1,3,1,3,0,22,1,193,106,60,64,140,30,0,221,64,3
8626,1147,4,1,1,1,1,3,1,3,0,22,1,150,88,30,56,122,20,0,136,64,3
8627,1147,4,1,1,1,1,3,1,3,0,22,1,193,79,60,56,90,20,0,170,104,2
8628,1147,4,1,1,1,1,3,1,3,0,22,1,164,79,120,50,112,10,0,170,64,2
8629,1147,4,1,1,1,1,3,1,3,0,22,1,150,106,120,64,140,10,0,136,80,3
8630,1147,4,1,1,1,1,3,1,3,0,22,1,150,79,30,64,97,30,0,170,80,2
8631,1147,4,1,1,1,1,3,1,3,0,22,1,193,88,60,50,105,10,0,136,80,2
8632,1148,4,1,1,1,1,3,1,3,0,18,2,267,110,120,173,112,30,0,160,95,2
8633,1148,4,1,1,1,1,3,1,3,0,18,2,213,83,120,176,92,30,0,208,76,2
8634,1148,4,1,1,1,1,3,1,3,0,18,2,267,83,120,180,94,20,0,128,76,2
8635,1148,4,1,1,1,1,3,1,3,0,18,2,231,83,60,180,94,10,0,208,123,2
8636,1148,4,1,1,1,1,3,1,3,0,18,2,231,92,120,180,99,30,0,128,123,2
8637,1148,4,1,1,1,1,3,1,3,0,18,2,213,92,60,180,99,20,0,208,95,2
8638,1148,4,1,1,1,1,3,1,3,0,18,2,213,110,60,176,118,10,0,160,76,3
8639,1148,4,1,1,1,1,3,1,3,0,18,2,213,92,120,173,105,20,0,160,123,2
8640,1148,4,1,1,1,1,3,1,3,0,18,2,231,110,30,180,133,20,0,160,123,3
8641,1149,4,1,1,3,0,3,1,3,0,2,17,201,110,120,88,122,20,0,221,110,2
8642,1149,4,1,1,3,0,3,1,3,0,2,17,182,110,30,82,118,10,0,221,143,2
8643,1149,4,1,1,3,0,3,1,3,0,2,17,239,110,60,96,146,30,0,221,88,2
8644,1149,4,1,1,3,0,3,1,3,0,2,17,182,92,30,88,127,20,0,136,88,3
8645,1149,4,1,1,3,0,3,1,3,0,2,17,239,83,60,88,94,20,0,170,143,2
8646,1149,4,1,1,3,0,3,1,3,0,2,17,201,83,120,82,118,10,0,170,88,2
8647,1149,4,1,1,3,0,3,1,3,0,2,17,182,110,120,96,146,10,0,136,110,3
8648,1149,4,1,1,3,0,3,1,3,0,2,17,182,83,30,96,99,30,0,170,110,2
8649,1149,4,1,1,3,0,3,1,3,0,2,17,239,92,60,82,109,10,0,136,110,3
8650,1150,4,1,1,3,0,4,1,3,0,25,2,146,68,30,55,76,10,0,120,60,2
8651,1150,4,1,1,3,0,4,1,3,0,25,2,146,68,120,49,92,10,0,156,97,2
8652,1150,4,1,1,3,0,4,1,3,0,25,2,146,61,30,44,84,20,0,156,75,2
8653,1150,4,1,1,3,0,4,1,3,0,25,2,114,61,60,44,84,30,0,96,97,2
8654,1150,4,1,1,3,0,4,1,3,0,25,2,125,68,30,44,81,30,0,156,60,2
8655,1150,4,1,1,3,0,4,1,3,0,25,2,125,61,30,49,71,10,0,96,75,2
8656,1150,4,1,1,3,0,4,1,3,0,25,2,125,82,60,44,84,20,0,96,60,2
8657,1150,4,1,1,3,0,4,1,3,0,25,2,146,82,30,49,90,30,0,96,97,2
8658,1150,4,1,1,3,0,4,1,3,0,25,2,125,68,60,49,92,30,0,120,75,2
8659,1151,4,1,1,3,1,3,1,3,0,2,1,186,85,120,104,88,30,0,100,65,3
8660,1151,4,1,1,3,1,3,1,3,0,2,1,150,64,120,107,74,30,0,130,52,3
8661,1151,4,1,1,3,1,3,1,3,0,2,1,186,64,120,111,76,20,0,80,52,3
8662,1151,4,1,1,3,1,3,1,3,0,2,1,162,64,60,111,76,10,0,130,84,2
8663,1151,4,1,1,3,1,3,1,3,0,2,1,162,71,120,111,78,30,0,80,84,3
8664,1151,4,1,1,3,1,3,1,3,0,2,1,150,71,60,111,78,20,0,130,65,3
8665,1151,4,1,1,3,1,3,1,3,0,2,1,150,85,60,107,92,10,0,100,52,3
8666,1151,4,1,1,3,1,3,1,3,0,2,1,150,71,120,104,84,20,0,100,84,2
8667,1151,4,1,1,3,1,3,1,3,0,2,1,162,85,30,111,105,20,0,100,84,3
8668,1152,4,1,3,1,0,4,1,3,0,2,15,242,217,120,88,225,30,0,180,110,2
8669,1152,4,1,3,1,0,4,1,3,0,2,15,189,163,120,94,184,30,0,234,88,2
8670,1152,4,1,3,1,0,4,1,3,0,2,15,242,163,120,102,198,20,0,144,88,3
8671,1152,4,1,3,1,0,4,1,3,0,2,15,207,163,60,102,198,10,0,234,143,2
8672,1152,4,1,3,1,0,4,1,3,0,2,15,207,181,120,102,198,30,0,144,143,2
8673,1152,4,1,3,1,0,4,1,3,0,2,15,189,181,60,102,198,20,0,234,110,2
8674,1152,4,1,3,1,0,4,1,3,0,2,15,189,217,60,94,245,10,0,180,88,3
8675,1152,4,1,3,1,0,4,1,3,0,2,15,189,181,120,88,218,20,0,180,143,2
8676,1152,4,1,3,1,0,4,1,3,0,2,15,207,217,30,102,281,20,0,180,143,2
8677,1153,4,1,3,1,0,5,1,2,0,22,12,246,184,120,159,181,30,0,120,80,3
8678,1153,4,1,3,1,0,5,1,2,0,22,12,202,138,120,162,153,30,0,156,64,3
8679,1153,4,1,3,1,0,5,1,2,0,22,12,246,138,120,166,155,20,0,96,64,3
8680,1153,4,1,3,1,0,5,1,2,0,22,12,217,138,60,166,155,10,0,156,104,2
8681,1153,4,1,3,1,0,5,1,2,0,22,12,217,153,120,166,162,30,0,96,104,3
8682,1153,4,1,3,1,0,5,1,2,0,22,12,202,153,60,166,162,20,0,156,80,3
8683,1153,4,1,3,1,0,5,1,2,0,22,12,202,184,60,162,189,10,0,120,64,3
8684,1153,4,1,3,1,0,5,1,2,0,22,12,202,153,120,159,167,20,0,120,104,3
8685,1153,4,1,3,1,0,5,1,2,0,22,12,217,184,30,166,210,20,0,120,104,3
8686,1154,4,1,3,1,0,2,1,2,0,25,1,236,252,120,63,266,30,0,190,105,3
8687,1154,4,1,3,1,0,2,1,2,0,25,1,182,189,120,71,218,30,0,247,84,2
8688,1154,4,1,3,1,0,2,1,2,0,25,1,236,189,120,81,225,20,0,152,84,3
8689,1154,4,1,3,1,0,2,1,2,0,25,1,200,189,60,81,225,10,0,247,136,2
8690,1154,4,1,3,1,0,2,1,2,0,25,1,200,210,120,81,237,30,0,152,136,3
8691,1154,4,1,3,1,0,2,1,2,0,25,1,182,210,60,81,237,20,0,247,105,2
8692,1154,4,1,3,1,0,2,1,2,0,25,1,182,252,60,71,281,10,0,190,84,3
8693,1154,4,1,3,1,0,2,1,2,0,25,1,182,210,120,63,245,20,0,190,136,2
8694,1154,4,1,3,1,0,2,1,2,0,25,1,200,252,30,81,337,20,0,190,136,3
8695,1155,4,1,3,1,0,2,1,3,0,25,17,270,284,120,146,322,20,0,325,180,2
8696,1155,4,1,3,1,0,2,1,3,0,25,17,245,284,30,138,301,10,0,325,234,2
8697,1155,4,1,3,1,0,2,1,3,0,25,17,320,284,60,156,374,30,0,325,144,3
8698,1155,4,1,3,1,0,2,1,3,0,25,17,245,237,30,146,322,20,0,200,144,3
8699,1155,4,1,3,1,0,2,1,3,0,25,17,320,213,60,146,245,20,0,250,234,2
8700,1155,4,1,3,1,0,2,1,3,0,25,17,270,213,120,138,293,10,0,250,144,2
8701,1155,4,1,3,1,0,2,1,3,0,25,17,245,284,120,156,374,10,0,200,180,3
8702,1155,4,1,3,1,0,2,1,3,0,25,17,245,213,30,156,254,30,0,250,180,2
8703,1155,4,1,3,1,0,2,1,3,0,25,17,320,237,60,138,281,10,0,200,180,2
8704,1156,4,1,3,1,0,3,1,3,0,1,17,106,74,30,43,89,10,0,60,28,2
8705,1156,4,1,3,1,0,3,1,3,0,1,17,106,74,120,39,116,10,0,78,45,2
8706,1156,4,1,3,1,0,3,1,3,0,1,17,106,67,30,36,106,20,0,78,35,2
8707,1156,4,1,3,1,0,3,1,3,0,1,17,85,67,60,36,106,30,0,48,45,3
8708,1156,4,1,3,1,0,3,1,3,0,1,17,92,74,30,36,97,30,0,78,28,2
8709,1156,4,1,3,1,0,3,1,3,0,1,17,92,67,30,39,82,10,0,48,35,3
8710,1156,4,1,3,1,0,3,1,3,0,1,17,92,89,60,36,106,20,0,48,28,3
8711,1156,4,1,3,1,0,3,1,3,0,1,17,106,89,30,39,111,30,0,48,45,3
8712,1156,4,1,3,1,0,3,1,3,0,1,17,92,74,60,39,116,30,0,60,35,3
8713,1157,4,1,3,1,0,4,0,3,0,25,1,283,218,30,120,245,10,0,230,104,3
8714,1157,4,1,3,1,0,4,0,3,0,25,1,283,218,120,110,301,10,0,299,169,3
8715,1157,4,1,3,1,0,4,0,3,0,25,1,283,196,30,102,281,20,0,299,130,3
8716,1157,4,1,3,1,0,4,0,3,0,25,1,217,196,60,102,281,30,0,184,169,2
8717,1157,4,1,3,1,0,4,0,3,0,25,1,239,218,30,102,266,30,0,299,104,2
8718,1157,4,1,3,1,0,4,0,3,0,25,1,239,196,30,110,225,10,0,184,130,2
8719,1157,4,1,3,1,0,4,0,3,0,25,1,239,262,60,102,281,20,0,184,104,3
8720,1157,4,1,3,1,0,4,0,3,0,25,1,283,262,30,110,301,30,0,184,169,3
8721,1157,4,1,3,1,0,4,0,3,0,25,1,239,218,60,110,301,30,0,230,130,3
8722,1158,4,1,3,1,0,4,1,1,0,25,10,108,109,120,84,130,20,0,91,45,3
8723,1158,4,1,3,1,0,4,1,1,0,25,10,101,109,30,82,121,10,0,91,58,2
8724,1158,4,1,3,1,0,4,1,1,0,25,10,122,109,60,86,142,30,0,91,36,3
8725,1158,4,1,3,1,0,4,1,1,0,25,10,101,91,30,84,121,20,0,56,36,3
8726,1158,4,1,3,1,0,4,1,1,0,25,10,122,82,60,84,91,20,0,70,58,2
8727,1158,4,1,3,1,0,4,1,1,0,25,10,108,82,120,82,111,10,0,70,36,3
8728,1158,4,1,3,1,0,4,1,1,0,25,10,101,109,120,86,142,10,0,56,45,3
8729,1158,4,1,3,1,0,4,1,1,0,25,10,101,82,30,86,97,30,0,70,45,2
8730,1158,4,1,3,1,0,4,1,1,0,25,10,122,91,60,82,108,10,0,56,45,3
8731,1159,4,1,3,1,0,4,1,2,0,25,2,172,184,120,64,189,30,0,130,85,3
8732,1159,4,1,3,1,0,4,1,2,0,25,2,131,138,120,69,155,30,0,169,68,2
8733,1159,4,1,3,1,0,4,1,2,0,25,2,172,138,120,75,162,20,0,104,68,3
8734,1159,4,1,3,1,0,4,1,2,0,25,2,145,138,60,75,162,10,0,169,110,2
8735,1159,4,1,3,1,0,4,1,2,0,25,2,145,153,120,75,167,30,0,104,110,3
8736,1159,4,1,3,1,0,4,1,2,0,25,2,131,153,60,75,167,20,0,169,85,2
8737,1159,4,1,3,1,0,4,1,2,0,25,2,131,184,60,69,198,10,0,130,68,3
8738,1159,4,1,3,1,0,4,1,2,0,25,2,131,153,120,64,176,20,0,130,110,2
8739,1159,4,1,3,1,0,4,1,2,0,25,2,145,184,30,75,225,20,0,130,110,1
8740,1160,4,1,3,1,0,3,1,3,0,12,22,186,147,30,106,155,10,0,160,104,2
8741,1160,4,1,3,1,0,3,1,3,0,12,22,186,147,120,102,176,10,0,208,169,2
8742,1160,4,1,3,1,0,3,1,3,0,12,22,186,132,30,99,167,20,0,208,130,2
8743,1160,4,1,3,1,0,3,1,3,0,12,22,142,132,60,99,167,30,0,128,169,3
8744,1160,4,1,3,1,0,3,1,3,0,12,22,157,147,30,99,162,30,0,208,104,2
8745,1160,4,1,3,1,0,3,1,3,0,12,22,157,132,30,102,147,10,0,128,130,3
8746,1160,4,1,3,1,0,3,1,3,0,12,22,157,176,60,99,176,20,0,128,104,3
8747,1160,4,1,3,1,0,3,1,3,0,12,22,186,176,30,102,181,30,0,128,169,3
8748,1160,4,1,3,1,0,3,1,3,0,12,22,157,147,60,102,176,30,0,160,130,3
8749,1161,4,1,3,1,0,4,1,2,0,17,10,165,203,120,122,218,20,0,182,105,3
8750,1161,4,1,3,1,0,4,1,2,0,17,10,148,203,30,119,210,10,0,182,136,3
8751,1161,4,1,3,1,0,4,1,2,0,17,10,198,203,60,126,245,30,0,182,84,3
8752,1161,4,1,3,1,0,4,1,2,0,17,10,148,169,30,122,218,20,0,112,84,3
8753,1161,4,1,3,1,0,4,1,2,0,17,10,198,152,60,122,176,20,0,140,136,3
8754,1161,4,1,3,1,0,4,1,2,0,17,10,165,152,120,119,198,10,0,140,84,3
8755,1161,4,1,3,1,0,4,1,2,0,17,10,148,203,120,126,245,10,0,112,105,3
8756,1161,4,1,3,1,0,4,1,2,0,17,10,148,152,30,126,181,30,0,140,105,3
8757,1161,4,1,3,1,0,4,1,2,0,17,10,198,169,60,119,194,10,0,112,105,3
8758,1162,4,1,3,1,1,5,0,3,0,22,12,186,153,30,106,162,10,0,170,76,3
8759,1162,4,1,3,1,1,5,0,3,0,22,12,186,153,120,102,181,10,0,221,123,2
8760,1162,4,1,3,1,1,5,0,3,0,22,12,186,138,30,99,167,20,0,221,95,2
8761,1162,4,1,3,1,1,5,0,3,0,22,12,142,138,60,99,167,30,0,136,123,3
8762,1162,4,1,3,1,1,5,0,3,0,22,12,157,153,30,99,167,30,0,221,76,3
8763,1162,4,1,3,1,1,5,0,3,0,22,12,157,138,30,102,153,10,0,136,95,3
8764,1162,4,1,3,1,1,5,0,3,0,22,12,157,184,60,99,181,20,0,136,76,3
8765,1162,4,1,3,1,1,5,0,3,0,22,12,186,184,30,102,184,30,0,136,123,3
8766,1162,4,1,3,1,1,5,0,3,0,22,12,157,153,60,102,181,30,0,170,95,3
8767,1163,4,1,3,1,1,5,1,3,0,1,22,250,217,120,180,225,30,0,170,85,3
8768,1163,4,1,3,1,1,5,1,3,0,1,22,208,163,120,183,181,30,0,221,68,3
8769,1163,4,1,3,1,1,5,1,3,0,1,22,250,163,120,187,184,20,0,136,68,3
8770,1163,4,1,3,1,1,5,1,3,0,1,22,222,163,60,187,184,10,0,221,110,3
8771,1163,4,1,3,1,1,5,1,3,0,1,22,222,181,120,187,194,30,0,136,110,3
8772,1163,4,1,3,1,1,5,1,3,0,1,22,208,181,60,187,194,20,0,221,85,3
8773,1163,4,1,3,1,1,5,1,3,0,1,22,208,217,60,183,225,10,0,170,68,3
8774,1163,4,1,3,1,1,5,1,3,0,1,22,208,181,120,180,198,20,0,170,110,3
8775,1163,4,1,3,1,1,5,1,3,0,1,22,222,217,30,187,254,20,0,170,110,3
8776,1164,4,1,3,1,1,3,0,1,0,1,23,256,203,120,201,218,20,0,195,85,3
8777,1164,4,1,3,1,1,3,0,1,0,1,23,239,203,30,198,210,10,0,195,110,3
8778,1164,4,1,3,1,1,3,0,1,0,1,23,290,203,60,205,245,30,0,195,68,3
8779,1164,4,1,3,1,1,3,0,1,0,1,23,239,169,30,201,218,20,0,120,68,3
8780,1164,4,1,3,1,1,3,0,1,0,1,23,290,152,60,201,169,20,0,150,110,3
8781,1164,4,1,3,1,1,3,0,1,0,1,23,256,152,120,198,194,10,0,150,68,3
8782,1164,4,1,3,1,1,3,0,1,0,1,23,239,203,120,205,245,10,0,120,85,3
8783,1164,4,1,3,1,1,3,0,1,0,1,23,239,152,30,205,181,30,0,150,85,3
8784,1164,4,1,3,1,1,3,0,1,0,1,23,290,169,60,198,189,10,0,120,85,3
8785,1165,4,1,3,1,1,3,0,3,0,22,1,244,198,30,103,225,10,0,190,100,3
8786,1165,4,1,3,1,1,3,0,3,0,22,1,244,198,120,95,274,10,0,247,162,2
8787,1165,4,1,3,1,1,3,0,3,0,22,1,244,178,30,89,245,20,0,247,125,2
8788,1165,4,1,3,1,1,3,0,3,0,22,1,183,178,60,89,245,30,0,152,162,3
8789,1165,4,1,3,1,1,3,0,3,0,22,1,203,198,30,89,237,30,0,247,100,2
8790,1165,4,1,3,1,1,3,0,3,0,22,1,203,178,30,95,210,10,0,152,125,3
8791,1165,4,1,3,1,1,3,0,3,0,22,1,203,238,60,89,254,20,0,152,100,3
8792,1165,4,1,3,1,1,3,0,3,0,22,1,244,238,30,95,274,30,0,152,162,3
8793,1165,4,1,3,1,1,3,0,3,0,22,1,203,198,60,95,274,30,0,190,125,3
8794,1166,4,1,3,1,1,3,0,4,0,25,1,306,270,120,125,293,30,0,210,170,3
8795,1166,4,1,3,1,1,3,0,4,0,25,1,240,202,120,133,237,30,0,273,136,2
8796,1166,4,1,3,1,1,3,0,4,0,25,1,306,202,120,143,245,20,0,168,136,3
8797,1166,4,1,3,1,1,3,0,4,0,25,1,262,202,60,143,245,10,0,273,221,2
8798,1166,4,1,3,1,1,3,0,4,0,25,1,262,225,120,143,254,30,0,168,221,3
8799,1166,4,1,3,1,1,3,0,4,0,25,1,240,225,60,143,254,20,0,273,170,2
8800,1166,4,1,3,1,1,3,0,4,0,25,1,240,270,60,133,310,10,0,210,136,3
8801,1166,4,1,3,1,1,3,0,4,0,25,1,240,225,120,125,266,20,0,210,221,3
8802,1166,4,1,3,1,1,3,0,4,0,25,1,262,270,30,143,357,20,0,210,221,3
8803,1167,4,1,3,1,1,3,1,2,0,2,18,270,194,30,130,218,10,0,170,80,3
8804,1167,4,1,3,1,1,3,1,2,0,2,18,270,194,120,122,266,10,0,221,130,3
8805,1167,4,1,3,1,1,3,1,2,0,2,18,270,175,30,116,245,20,0,221,100,3
8806,1167,4,1,3,1,1,3,1,2,0,2,18,205,175,60,116,245,30,0,136,130,3
8807,1167,4,1,3,1,1,3,1,2,0,2,18,227,194,30,116,225,30,0,221,80,3
8808,1167,4,1,3,1,1,3,1,2,0,2,18,227,175,30,122,210,10,0,136,100,3
8809,1167,4,1,3,1,1,3,1,2,0,2,18,227,233,60,116,254,20,0,136,80,3
8810,1167,4,1,3,1,1,3,1,2,0,2,18,270,233,30,122,266,30,0,136,130,3
8811,1167,4,1,3,1,1,3,1,2,0,2,18,227,194,60,122,266,30,0,170,100,3
8812,1168,4,1,3,1,1,3,1,2,0,22,17,342,284,120,114,310,30,0,240,185,3
8813,1168,4,1,3,1,1,3,1,2,0,22,17,264,213,120,123,245,30,0,312,148,2
8814,1168,4,1,3,1,1,3,1,2,0,22,17,342,213,120,135,266,20,0,192,148,3
8815,1168,4,1,3,1,1,3,1,2,0,22,17,290,213,60,135,266,10,0,312,240,2
8816,1168,4,1,3,1,1,3,1,2,0,22,17,290,237,120,135,266,30,0,192,240,3
8817,1168,4,1,3,1,1,3,1,2,0,22,17,264,237,60,135,266,20,0,312,185,2
8818,1168,4,1,3,1,1,3,1,2,0,22,17,264,284,60,123,330,10,0,240,148,3
8819,1168,4,1,3,1,1,3,1,2,0,22,17,264,237,120,114,281,20,0,240,240,2
8820,1168,4,1,3,1,1,3,1,2,0,22,17,290,284,30,135,386,20,0,240,240,3
8821,1169,4,1,3,1,1,4,0,1,0,22,20,291,210,30,144,237,10,0,260,116,3
8822,1169,4,1,3,1,1,4,0,1,0,22,20,291,210,120,136,281,10,0,338,188,1
8823,1169,4,1,3,1,1,4,0,1,0,22,20,291,189,30,130,254,20,0,338,145,2
8824,1169,4,1,3,1,1,4,0,1,0,22,20,221,189,60,130,254,30,0,208,188,3
8825,1169,4,1,3,1,1,4,0,1,0,22,20,244,210,30,130,245,30,0,338,116,2
8826,1169,4,1,3,1,1,4,0,1,0,22,20,244,189,30,136,218,10,0,208,145,3
8827,1169,4,1,3,1,1,4,0,1,0,22,20,244,252,60,130,266,20,0,208,116,3
8828,1169,4,1,3,1,1,4,0,1,0,22,20,291,252,30,136,281,30,0,208,188,3
8829,1169,4,1,3,1,1,4,0,1,0,22,20,244,210,60,136,281,30,0,260,145,2
8830,1170,4,1,3,1,1,4,1,3,0,22,17,323,225,30,116,266,10,0,210,108,3
8831,1170,4,1,3,1,1,4,1,3,0,22,17,323,225,120,104,322,10,0,273,175,2
8832,1170,4,1,3,1,1,4,1,3,0,22,17,323,202,30,95,293,20,0,273,135,2
8833,1170,4,1,3,1,1,4,1,3,0,22,17,245,202,60,95,293,30,0,168,175,3
8834,1170,4,1,3,1,1,4,1,3,0,22,17,271,225,30,95,274,30,0,273,108,2
8835,1170,4,1,3,1,1,4,1,3,0,22,17,271,202,30,104,245,10,0,168,135,2
8836,1170,4,1,3,1,1,4,1,3,0,22,17,271,270,60,95,301,20,0,168,108,3
8837,1170,4,1,3,1,1,4,1,3,0,22,17,323,270,30,104,322,30,0,168,175,3
8838,1170,4,1,3,1,1,4,1,3,0,22,17,271,225,60,104,322,30,0,210,135,3
8839,1171,4,1,3,1,1,4,1,3,0,22,18,289,225,30,141,245,10,0,220,120,2
8840,1171,4,1,3,1,1,4,1,3,0,22,18,289,225,120,133,293,10,0,286,195,2
8841,1171,4,1,3,1,1,4,1,3,0,22,18,289,202,30,127,274,20,0,286,150,2
8842,1171,4,1,3,1,1,4,1,3,0,22,18,217,202,60,127,274,30,0,176,195,2
8843,1171,4,1,3,1,1,4,1,3,0,22,18,241,225,30,127,266,30,0,286,120,2
8844,1171,4,1,3,1,1,4,1,3,0,22,18,241,202,30,133,225,10,0,176,150,2
8845,1171,4,1,3,1,1,4,1,3,0,22,18,241,270,60,127,281,20,0,176,120,2
8846,1171,4,1,3,1,1,4,1,3,0,22,18,289,270,30,133,301,30,0,176,195,2
8847,1171,4,1,3,1,1,4,1,3,0,22,18,241,225,60,133,293,30,0,220,150,2
8848,1172,4,1,3,1,1,4,1,3,0,25,1,236,252,120,63,266,30,0,210,135,2
8849,1172,4,1,3,1,1,4,1,3,0,25,1,182,189,120,71,218,30,0,273,108,2
8850,1172,4,1,3,1,1,4,1,3,0,25,1,236,189,120,81,225,20,0,168,108,3
8851,1172,4,1,3,1,1,4,1,3,0,25,1,200,189,60,81,225,10,0,273,175,2
8852,1172,4,1,3,1,1,4,1,3,0,25,1,200,210,120,81,237,30,0,168,175,2
8853,1172,4,1,3,1,1,4,1,3,0,25,1,182,210,60,81,237,20,0,273,135,2
8854,1172,4,1,3,1,1,4,1,3,0,25,1,182,252,60,71,281,10,0,210,108,2
8855,1172,4,1,3,1,1,4,1,3,0,25,1,182,210,120,63,245,20,0,210,175,2
8856,1172,4,1,3,1,1,4,1,3,0,25,1,200,252,30,81,337,20,0,210,175,2
8857,1173,4,1,3,1,1,5,1,2,0,22,21,466,274,30,355,281,10,0,240,116,3
8858,1173,4,1,3,1,1,5,1,2,0,22,21,466,274,120,351,310,10,0,312,188,3
8859,1173,4,1,3,1,1,5,1,2,0,22,21,466,247,30,348,281,20,0,312,145,3
8860,1173,4,1,3,1,1,5,1,2,0,22,21,358,247,60,348,281,30,0,192,188,3
8861,1173,4,1,3,1,1,5,1,2,0,22,21,394,274,30,348,293,30,0,312,116,3
8862,1173,4,1,3,1,1,5,1,2,0,22,21,394,247,30,351,266,10,0,192,145,3
8863,1173,4,1,3,1,1,5,1,2,0,22,21,394,329,60,348,330,20,0,192,116,3
8864,1173,4,1,3,1,1,5,1,2,0,22,21,466,329,30,351,337,30,0,192,188,3
8865,1173,4,1,3,1,1,5,1,2,0,22,21,394,274,60,351,310,30,0,240,145,3
8866,1174,4,1,3,1,1,5,1,2,0,25,18,302,305,120,173,337,20,0,325,155,3
8867,1174,4,1,3,1,1,5,1,2,0,25,18,276,305,30,165,322,10,0,325,201,3
8868,1174,4,1,3,1,1,5,1,2,0,25,18,354,305,60,183,393,30,0,325,124,3
8869,1174,4,1,3,1,1,5,1,2,0,25,18,276,254,30,173,337,20,0,200,124,3
8870,1174,4,1,3,1,1,5,1,2,0,25,18,354,229,60,173,254,20,0,250,201,2
8871,1174,4,1,3,1,1,5,1,2,0,25,18,302,229,120,165,310,10,0,250,124,3
8872,1174,4,1,3,1,1,5,1,2,0,25,18,276,305,120,183,393,10,0,200,155,3
8873,1174,4,1,3,1,1,5,1,2,0,25,18,276,229,30,183,274,30,0,250,155,2
8874,1174,4,1,3,1,1,5,1,2,0,25,18,354,254,60,165,293,10,0,200,155,3
8875,1175,4,1,3,1,1,3,1,3,0,25,3,306,211,120,230,225,20,0,221,115,3
8876,1175,4,1,3,1,1,3,1,3,0,25,3,286,211,30,225,218,10,0,221,149,3
8877,1175,4,1,3,1,1,3,1,3,0,25,3,346,211,60,236,254,30,0,221,92,3
8878,1175,4,1,3,1,1,3,1,3,0,25,3,286,176,30,230,225,20,0,136,92,3
8879,1175,4,1,3,1,1,3,1,3,0,25,3,346,158,60,230,181,20,0,170,149,3
8880,1175,4,1,3,1,1,3,1,3,0,25,3,306,158,120,225,210,10,0,170,92,3
8881,1175,4,1,3,1,1,3,1,3,0,25,3,286,211,120,236,254,10,0,136,115,3
8882,1175,4,1,3,1,1,3,1,3,0,25,3,286,158,30,236,184,30,0,170,115,3
8883,1175,4,1,3,1,1,3,1,3,0,25,3,346,176,60,225,198,10,0,136,115,3
8884,1176,4,1,3,1,1,3,1,3,0,25,18,1049,319,120,742,337,30,0,270,165,3
8885,1176,4,1,3,1,1,3,1,3,0,25,18,794,239,120,750,274,30,0,351,132,3
8886,1176,4,1,3,1,1,3,1,3,0,25,18,1049,239,120,760,281,20,0,216,132,3
8887,1176,4,1,3,1,1,3,1,3,0,25,18,879,239,60,760,281,10,0,351,214,3
8888,1176,4,1,3,1,1,3,1,3,0,25,18,879,266,120,760,293,30,0,216,214,3
8889,1176,4,1,3,1,1,3,1,3,0,25,18,794,266,60,760,293,20,0,351,165,3
8890,1176,4,1,3,1,1,3,1,3,0,25,18,794,319,60,750,357,10,0,270,132,3
8891,1176,4,1,3,1,1,3,1,3,0,25,18,794,266,120,742,310,20,0,270,214,3
8892,1176,4,1,3,1,1,3,1,3,0,25,18,879,319,30,760,414,20,0,270,214,3
8893,1177,4,1,3,1,1,5,1,2,0,15,19,149,143,120,96,155,20,0,117,60,3
8894,1177,4,1,3,1,1,5,1,2,0,15,19,138,143,30,93,153,10,0,117,78,3
8895,1177,4,1,3,1,1,5,1,2,0,15,19,171,143,60,100,169,30,0,117,48,3
8896,1177,4,1,3,1,1,5,1,2,0,15,19,138,119,30,96,153,20,0,72,48,3
8897,1177,4,1,3,1,1,5,1,2,0,15,19,171,107,60,96,121,20,0,90,78,3
8898,1177,4,1,3,1,1,5,1,2,0,15,19,149,107,120,93,142,10,0,90,48,3
8899,1177,4,1,3,1,1,5,1,2,0,15,19,138,143,120,100,169,10,0,72,60,3
8900,1177,4,1,3,1,1,5,1,2,0,15,19,138,107,30,100,130,30,0,90,60,3
8901,1177,4,1,3,1,1,5,1,2,0,15,19,171,119,60,93,142,10,0,72,60,3
8902,1178,4,1,3,1,1,2,0,3,0,25,2,146,136,30,55,153,10,0,120,64,3
8903,1178,4,1,3,1,1,2,0,3,0,25,2,146,136,120,49,181,10,0,156,104,2
8904,1178,4,1,3,1,1,2,0,3,0,25,2,146,122,30,44,169,20,0,156,80,3
8905,1178,4,1,3,1,1,2,0,3,0,25,2,114,122,60,44,169,30,0,96,104,2
8906,1178,4,1,3,1,1,2,0,3,0,25,2,125,136,30,44,155,30,0,156,64,3
8907,1178,4,1,3,1,1,2,0,3,0,25,2,125,122,30,49,142,10,0,96,80,2
8908,1178,4,1,3,1,1,2,0,3,0,25,2,125,163,60,44,169,20,0,96,64,3
8909,1178,4,1,3,1,1,2,0,3,0,25,2,146,163,30,49,181,30,0,96,104,3
8910,1178,4,1,3,1,1,2,0,3,0,25,2,125,136,60,49,181,30,0,120,80,3
8911,1179,4,1,3,1,1,3,1,3,0,25,17,330,284,120,147,301,30,0,240,155,2
8912,1179,4,1,3,1,1,3,1,3,0,25,17,261,213,120,155,245,30,0,312,124,1
8913,1179,4,1,3,1,1,3,1,3,0,25,17,330,213,120,165,254,20,0,192,124,3
8914,1179,4,1,3,1,1,3,1,3,0,25,17,284,213,60,165,254,10,0,312,201,2
8915,1179,4,1,3,1,1,3,1,3,0,25,17,284,237,120,165,266,30,0,192,201,3
8916,1179,4,1,3,1,1,3,1,3,0,25,17,261,237,60,165,266,20,0,312,155,2
8917,1179,4,1,3,1,1,3,1,3,0,25,17,261,284,60,155,322,10,0,240,124,3
8918,1179,4,1,3,1,1,3,1,3,0,25,17,261,237,120,147,274,20,0,240,201,2
8919,1179,4,1,3,1,1,3,1,3,0,25,17,284,284,30,165,366,20,0,240,201,2
8920,1180,4,1,3,1,1,4,1,2,0,25,2,248,203,120,172,225,20,0,195,90,3
8921,1180,4,1,3,1,1,4,1,2,0,25,2,233,203,30,167,218,10,0,195,117,3
8922,1180,4,1,3,1,1,4,1,2,0,25,2,279,203,60,178,254,30,0,195,72,3
8923,1180,4,1,3,1,1,4,1,2,0,25,2,233,169,30,172,218,20,0,120,72,3
8924,1180,4,1,3,1,1,4,1,2,0,25,2,279,152,60,172,176,20,0,150,117,3
8925,1180,4,1,3,1,1,4,1,2,0,25,2,248,152,120,167,210,10,0,150,72,3
8926,1180,4,1,3,1,1,4,1,2,0,25,2,233,203,120,178,254,10,0,120,90,3
8927,1180,4,1,3,1,1,4,1,2,0,25,2,233,152,30,178,181,30,0,150,90,3
8928,1180,4,1,3,1,1,4,1,2,0,25,2,279,169,60,167,194,10,0,120,90,3
8929,1181,4,1,3,2,0,5,1,2,0,25,1,200,252,120,71,281,20,0,273,160,3
8930,1181,4,1,3,2,0,5,1,2,0,25,1,182,252,30,63,266,10,0,273,208,2
8931,1181,4,1,3,2,0,5,1,2,0,25,1,236,252,60,81,337,30,0,273,128,3
8932,1181,4,1,3,2,0,5,1,2,0,25,1,182,210,30,71,293,20,0,168,128,3
8933,1181,4,1,3,2,0,5,1,2,0,25,1,236,189,60,71,218,20,0,210,208,2
8934,1181,4,1,3,2,0,5,1,2,0,25,1,200,189,120,63,266,10,0,210,128,3
8935,1181,4,1,3,2,0,5,1,2,0,25,1,182,252,120,81,337,10,0,168,160,3
8936,1181,4,1,3,2,0,5,1,2,0,25,1,182,189,30,81,225,30,0,210,160,3
8937,1181,4,1,3,2,0,5,1,2,0,25,1,236,210,60,63,245,10,0,168,160,3
8938,1182,4,1,3,2,0,3,1,3,0,25,18,351,337,120,222,374,20,0,403,170,3
8939,1182,4,1,3,2,0,3,1,3,0,25,18,317,337,30,214,357,10,0,403,221,3
8940,1182,4,1,3,2,0,3,1,3,0,25,18,419,337,60,232,422,30,0,403,136,3
8941,1182,4,1,3,2,0,3,1,3,0,25,18,317,281,30,222,366,20,0,248,136,3
8942,1182,4,1,3,2,0,3,1,3,0,25,18,419,253,60,222,281,20,0,310,221,2
8943,1182,4,1,3,2,0,3,1,3,0,25,18,351,253,120,214,337,10,0,310,136,3
8944,1182,4,1,3,2,0,3,1,3,0,25,18,317,337,120,232,422,10,0,248,170,3
8945,1182,4,1,3,2,0,3,1,3,0,25,18,317,253,30,232,301,30,0,310,170,3
8946,1182,4,1,3,2,0,3,1,3,0,25,18,419,281,60,214,322,10,0,248,170,3
8947,1183,4,1,3,2,1,5,1,3,0,1,22,191,217,120,83,245,20,0,221,115,3
8948,1183,4,1,3,2,1,5,1,3,0,1,22,173,217,30,77,237,10,0,221,149,3
8949,1183,4,1,3,2,1,5,1,3,0,1,22,227,217,60,91,281,30,0,221,92,3
8950,1183,4,1,3,2,1,5,1,3,0,1,22,173,181,30,83,245,20,0,136,92,3
8951,1183,4,1,3,2,1,5,1,3,0,1,22,227,163,60,83,189,20,0,170,149,3
8952,1183,4,1,3,2,1,5,1,3,0,1,22,191,163,120,77,225,10,0,170,92,3
8953,1183,4,1,3,2,1,5,1,3,0,1,22,173,217,120,91,281,10,0,136,115,3
8954,1183,4,1,3,2,1,5,1,3,0,1,22,173,163,30,91,198,30,0,170,115,3
8955,1183,4,1,3,2,1,5,1,3,0,1,22,227,181,60,77,218,10,0,136,115,3
8956,1184,4,1,3,3,0,5,1,1,0,25,1,236,252,120,63,266,30,0,190,115,2
8957,1184,4,1,3,3,0,5,1,1,0,25,1,182,189,120,71,218,30,0,247,92,2
8958,1184,4,1,3,3,0,5,1,1,0,25,1,236,189,120,81,225,20,0,152,92,2
8959,1184,4,1,3,3,0,5,1,1,0,25,1,200,189,60,81,225,10,0,247,149,2
8960,1184,4,1,3,3,0,5,1,1,0,25,1,200,210,120,81,237,30,0,152,149,2
8961,1184,4,1,3,3,0,5,1,1,0,25,1,182,210,60,81,237,20,0,247,115,2
8962,1184,4,1,3,3,0,5,1,1,0,25,1,182,252,60,71,281,10,0,190,92,3
8963,1184,4,1,3,3,0,5,1,1,0,25,1,182,210,120,63,245,20,0,190,149,2
8964,1184,4,1,3,3,0,5,1,1,0,25,1,200,252,30,81,337,20,0,190,149,3
8965,1185,4,1,3,3,1,3,1,3,0,1,23,299,218,30,151,237,10,0,190,128,3
8966,1185,4,1,3,3,1,3,1,3,0,1,23,299,218,120,143,281,10,0,247,208,2
8967,1185,4,1,3,3,1,3,1,3,0,1,23,299,196,30,137,266,20,0,247,160,2
8968,1185,4,1,3,3,1,3,1,3,0,1,23,227,196,60,137,266,30,0,152,208,2
8969,1185,4,1,3,3,1,3,1,3,0,1,23,251,218,30,137,245,30,0,247,128,2
8970,1185,4,1,3,3,1,3,1,3,0,1,23,251,196,30,143,218,10,0,152,160,2
8971,1185,4,1,3,3,1,3,1,3,0,1,23,251,262,60,137,274,20,0,152,128,3
8972,1185,4,1,3,3,1,3,1,3,0,1,23,299,262,30,143,281,30,0,152,208,2
8973,1185,4,1,3,3,1,3,1,3,0,1,23,251,218,60,143,281,30,0,190,160,2
8974,1186,4,1,6,1,0,2,1,3,0,2,1,106,23,120,34,23,30,0,90,65,2
8975,1186,4,1,6,1,0,2,1,3,0,2,1,85,17,120,37,23,30,0,117,52,2
8976,1186,4,1,6,1,0,2,1,3,0,2,1,106,17,120,41,25,20,0,72,52,2
8977,1186,4,1,6,1,0,2,1,3,0,2,1,92,17,60,41,25,10,0,117,84,2
8978,1186,4,1,6,1,0,2,1,3,0,2,1,92,19,120,41,23,30,0,72,84,2
8979,1186,4,1,6,1,0,2,1,3,0,2,1,85,19,60,41,23,20,0,117,65,2
8980,1186,4,1,6,1,0,2,1,3,0,2,1,85,23,60,37,25,10,0,90,52,2
8981,1186,4,1,6,1,0,2,1,3,0,2,1,85,19,120,34,25,20,0,90,84,2
8982,1186,4,1,6,1,0,2,1,3,0,2,1,92,23,30,41,31,20,0,90,84,1
8983,1187,4,1,6,1,0,3,0,2,0,25,23,218,23,120,166,23,30,0,100,55,3
8984,1187,4,1,6,1,0,3,0,2,0,25,23,179,17,120,168,23,30,0,130,44,1
8985,1187,4,1,6,1,0,3,0,2,0,25,23,218,17,120,170,25,20,0,80,44,3
8986,1187,4,1,6,1,0,3,0,2,0,25,23,192,17,60,170,25,10,0,130,71,2
8987,1187,4,1,6,1,0,3,0,2,0,25,23,192,19,120,170,23,30,0,80,71,3
8988,1187,4,1,6,1,0,3,0,2,0,25,23,179,19,60,170,23,20,0,130,55,1
8989,1187,4,1,6,1,0,3,0,2,0,25,23,179,23,60,168,25,10,0,100,44,3
8990,1187,4,1,6,1,0,3,0,2,0,25,23,179,19,120,166,25,20,0,100,71,3
8991,1187,4,1,6,1,0,3,0,2,0,25,23,192,23,30,170,31,20,0,100,71,3
8992,1188,4,1,6,1,1,3,1,2,0,1,10,180,19,30,116,23,10,0,120,60,3
8993,1188,4,1,6,1,1,3,1,2,0,1,10,180,19,120,112,31,10,0,156,97,3
8994,1188,4,1,6,1,1,3,1,2,0,1,10,180,17,30,109,31,20,0,156,75,2
8995,1188,4,1,6,1,1,3,1,2,0,1,10,140,17,60,109,31,30,0,96,97,3
8996,1188,4,1,6,1,1,3,1,2,0,1,10,153,19,30,109,25,30,0,156,60,2
8997,1188,4,1,6,1,1,3,1,2,0,1,10,153,17,30,112,23,10,0,96,75,3
8998,1188,4,1,6,1,1,3,1,2,0,1,10,153,23,60,109,23,20,0,96,60,3
8999,1188,4,1,6,1,1,3,1,2,0,1,10,180,23,30,112,25,30,0,96,97,2
9000,1188,4,1,6,1,1,3,1,2,0,1,10,153,19,60,112,31,30,0,120,75,2
9001,1189,4,1,6,1,1,3,1,2,0,25,22,117,23,120,73,23,30,0,70,40,3
9002,1189,4,1,6,1,1,3,1,2,0,25,22,90,17,120,75,23,30,0,91,32,1
9003,1189,4,1,6,1,1,3,1,2,0,25,22,117,17,120,77,25,20,0,56,32,3
9004,1189,4,1,6,1,1,3,1,2,0,25,22,99,17,60,77,25,10,0,91,52,2
9005,1189,4,1,6,1,1,3,1,2,0,25,22,99,19,120,77,23,30,0,56,52,3
9006,1189,4,1,6,1,1,3,1,2,0,25,22,90,19,60,77,23,20,0,91,40,2
9007,1189,4,1,6,1,1,3,1,2,0,25,22,90,23,60,75,25,10,0,70,32,2
9008,1189,4,1,6,1,1,3,1,2,0,25,22,90,19,120,73,25,20,0,70,52,2
9009,1189,4,1,6,1,1,3,1,2,0,25,22,99,23,30,77,31,20,0,70,52,2
9010,1190,4,1,6,1,1,4,1,2,0,2,25,160,19,30,66,23,10,0,120,68,3
9011,1190,4,1,6,1,1,4,1,2,0,2,25,160,19,120,60,31,10,0,156,110,1
9012,1190,4,1,6,1,1,4,1,2,0,2,25,160,17,30,55,31,20,0,156,85,1
9013,1190,4,1,6,1,1,4,1,2,0,2,25,124,17,60,55,31,30,0,96,110,1
9014,1190,4,1,6,1,1,4,1,2,0,2,25,136,19,30,55,25,30,0,156,68,1
9015,1190,4,1,6,1,1,4,1,2,0,2,25,136,17,30,60,23,10,0,96,85,1
9016,1190,4,1,6,1,1,4,1,2,0,2,25,136,23,60,55,23,20,0,96,68,3
9017,1190,4,1,6,1,1,4,1,2,0,2,25,160,23,30,60,25,30,0,96,110,3
9018,1190,4,1,6,1,1,4,1,2,0,2,25,136,19,60,60,31,30,0,120,85,1
9019,1191,4,1,6,1,1,3,1,3,0,25,3,281,19,30,171,23,10,0,170,80,3
9020,1191,4,1,6,1,1,3,1,3,0,25,3,281,19,120,165,31,10,0,221,130,2
9021,1191,4,1,6,1,1,3,1,3,0,25,3,281,17,30,160,31,20,0,221,100,2
9022,1191,4,1,6,1,1,3,1,3,0,25,3,221,17,60,160,31,30,0,136,130,3
9023,1191,4,1,6,1,1,3,1,3,0,25,3,241,19,30,160,25,30,0,221,80,2
9024,1191,4,1,6,1,1,3,1,3,0,25,3,241,17,30,165,23,10,0,136,100,3
9025,1191,4,1,6,1,1,3,1,3,0,25,3,241,23,60,160,23,20,0,136,80,3
9026,1191,4,1,6,1,1,3,1,3,0,25,3,281,23,30,165,25,30,0,136,130,3
9027,1191,4,1,6,1,1,3,1,3,0,25,3,241,19,60,165,31,30,0,170,100,3
9028,1192,4,1,7,1,0,5,1,3,0,2,20,178,13,30,100,16,10,0,120,56,3
9029,1192,4,1,7,1,0,5,1,3,0,2,20,178,13,120,96,21,10,0,156,91,2
9030,1192,4,1,7,1,0,5,1,3,0,2,20,178,12,30,93,21,20,0,156,70,2
9031,1192,4,1,7,1,0,5,1,3,0,2,20,133,12,60,93,21,30,0,96,91,3
9032,1192,4,1,7,1,0,5,1,3,0,2,20,148,13,30,93,17,30,0,156,56,2
9033,1192,4,1,7,1,0,5,1,3,0,2,20,148,12,30,96,16,10,0,96,70,3
9034,1192,4,1,7,1,0,5,1,3,0,2,20,148,16,60,93,16,20,0,96,56,3
9035,1192,4,1,7,1,0,5,1,3,0,2,20,178,16,30,96,17,30,0,96,91,2
9036,1192,4,1,7,1,0,5,1,3,0,2,20,148,13,60,96,21,30,0,120,70,3
