,age,descanton,firstclass,income,luggage,male,oricanton,purpose,seasonalticket,seats,tickettype,whopaid
0,0,0,0,0,0,0,0,0,0,0,0,0
1,1,0,0,0,0,0,0,0,0,0,0,0
2,0,1,0,0,0,0,0,0,0,0,0,0
3,0,0,1,0,0,0,0,0,0,0,0,0
4,0,0,0,1,0,0,0,0,0,0,0,0
5,0,0,0,0,1,0,0,0,0,0,0,0
6,0,0,0,0,0,1,0,0,0,0,0,0
7,0,0,0,0,0,0,1,0,0,0,0,0
8,0,0,0,0,0,0,0,1,0,0,0,0
9,0,0,0,0,0,0,0,0,1,0,0,0
10,0,0,0,0,0,0,0,0,0,1,0,0
11,0,0,0,0,0,0,0,0,0,0,1,0
12,0,0,0,0,0,0,0,0,0,0,0,1
13,1,1,0,0,0,0,0,0,0,0,0,0
14,1,0,1,0,0,0,0,0,0,0,0,0
15,1,0,0,1,0,0,0,0,0,0,0,0
16,1,0,0,0,1,0,0,0,0,0,0,0
17,1,0,0,0,0,1,0,0,0,0,0,0
18,1,0,0,0,0,0,1,0,0,0,0,0
19,1,0,0,0,0,0,0,1,0,0,0,0
20,1,0,0,0,0,0,0,0,1,0,0,0
21,1,0,0,0,0,0,0,0,0,1,0,0
22,1,0,0,0,0,0,0,0,0,0,1,0
23,1,0,0,0,0,0,0,0,0,0,0,1
24,0,1,1,0,0,0,0,0,0,0,0,0
25,0,1,0,1,0,0,0,0,0,0,0,0
26,0,1,0,0,1,0,0,0,0,0,0,0
27,0,1,0,0,0,1,0,0,0,0,0,0
28,0,1,0,0,0,0,1,0,0,0,0,0
29,0,1,0,0,0,0,0,1,0,0,0,0
30,0,1,0,0,0,0,0,0,1,0,0,0
31,0,1,0,0,0,0,0,0,0,1,0,0
32,0,1,0,0,0,0,0,0,0,0,1,0
33,0,1,0,0,0,0,0,0,0,0,0,1
34,0,0,1,1,0,0,0,0,0,0,0,0
35,0,0,1,0,1,0,0,0,0,0,0,0
36,0,0,1,0,0,1,0,0,0,0,0,0
37,0,0,1,0,0,0,1,0,0,0,0,0
38,0,0,1,0,0,0,0,1,0,0,0,0
39,0,0,1,0,0,0,0,0,1,0,0,0
40,0,0,1,0,0,0,0,0,0,1,0,0
41,0,0,1,0,0,0,0,0,0,0,1,0
42,0,0,1,0,0,0,0,0,0,0,0,1
43,0,0,0,1,1,0,0,0,0,0,0,0
44,0,0,0,1,0,1,0,0,0,0,0,0
45,0,0,0,1,0,0,1,0,0,0,0,0
46,0,0,0,1,0,0,0,1,0,0,0,0
47,0,0,0,1,0,0,0,0,1,0,0,0
48,0,0,0,1,0,0,0,0,0,1,0,0
49,0,0,0,1,0,0,0,0,0,0,1,0
50,0,0,0,1,0,0,0,0,0,0,0,1
51,0,0,0,0,1,1,0,0,0,0,0,0
52,0,0,0,0,1,0,1,0,0,0,0,0
53,0,0,0,0,1,0,0,1,0,0,0,0
54,0,0,0,0,1,0,0,0,1,0,0,0
55,0,0,0,0,1,0,0,0,0,1,0,0
56,0,0,0,0,1,0,0,0,0,0,1,0
57,0,0,0,0,1,0,0,0,0,0,0,1
58,0,0,0,0,0,1,1,0,0,0,0,0
59,0,0,0,0,0,1,0,1,0,0,0,0
60,0,0,0,0,0,1,0,0,1,0,0,0
61,0,0,0,0,0,1,0,0,0,1,0,0
62,0,0,0,0,0,1,0,0,0,0,1,0
63,0,0,0,0,0,1,0,0,0,0,0,1
64,0,0,0,0,0,0,1,1,0,0,0,0
65,0,0,0,0,0,0,1,0,1,0,0,0
66,0,0,0,0,0,0,1,0,0,1,0,0
67,0,0,0,0,0,0,1,0,0,0,1,0
68,0,0,0,0,0,0,1,0,0,0,0,1
69,0,0,0,0,0,0,0,1,1,0,0,0
70,0,0,0,0,0,0,0,1,0,1,0,0
71,0,0,0,0,0,0,0,1,0,0,1,0
72,0,0,0,0,0,0,0,1,0,0,0,1
73,0,0,0,0,0,0,0,0,1,1,0,0
74,0,0,0,0,0,0,0,0,1,0,1,0
75,0,0,0,0,0,0,0,0,1,0,0,1
76,0,0,0,0,0,0,0,0,0,1,1,0
77,0,0,0,0,0,0,0,0,0,1,0,1
78,0,0,0,0,0,0,0,0,0,0,1,1
79,1,1,1,0,0,0,0,0,0,0,0,0
80,1,1,0,1,0,0,0,0,0,0,0,0
81,1,1,0,0,1,0,0,0,0,0,0,0
82,1,1,0,0,0,1,0,0,0,0,0,0
83,1,1,0,0,0,0,1,0,0,0,0,0
84,1,1,0,0,0,0,0,1,0,0,0,0
85,1,1,0,0,0,0,0,0,1,0,0,0
86,1,1,0,0,0,0,0,0,0,1,0,0
87,1,1,0,0,0,0,0,0,0,0,1,0
88,1,1,0,0,0,0,0,0,0,0,0,1
89,1,0,1,1,0,0,0,0,0,0,0,0
90,1,0,1,0,1,0,0,0,0,0,0,0
91,1,0,1,0,0,1,0,0,0,0,0,0
92,1,0,1,0,0,0,1,0,0,0,0,0
93,1,0,1,0,0,0,0,1,0,0,0,0
94,1,0,1,0,0,0,0,0,1,0,0,0
95,1,0,1,0,0,0,0,0,0,1,0,0
96,1,0,1,0,0,0,0,0,0,0,1,0
97,1,0,1,0,0,0,0,0,0,0,0,1
98,1,0,0,1,1,0,0,0,0,0,0,0
99,1,0,0,1,0,1,0,0,0,0,0,0
100,1,0,0,1,0,0,1,0,0,0,0,0
101,1,0,0,1,0,0,0,1,0,0,0,0
102,1,0,0,1,0,0,0,0,1,0,0,0
103,1,0,0,1,0,0,0,0,0,1,0,0
104,1,0,0,1,0,0,0,0,0,0,1,0
105,1,0,0,1,0,0,0,0,0,0,0,1
106,1,0,0,0,1,1,0,0,0,0,0,0
107,1,0,0,0,1,0,1,0,0,0,0,0
108,1,0,0,0,1,0,0,1,0,0,0,0
109,1,0,0,0,1,0,0,0,1,0,0,0
110,1,0,0,0,1,0,0,0,0,1,0,0
111,1,0,0,0,1,0,0,0,0,0,1,0
112,1,0,0,0,1,0,0,0,0,0,0,1
113,1,0,0,0,0,1,1,0,0,0,0,0
114,1,0,0,0,0,1,0,1,0,0,0,0
115,1,0,0,0,0,1,0,0,1,0,0,0
116,1,0,0,0,0,1,0,0,0,1,0,0
117,1,0,0,0,0,1,0,0,0,0,1,0
118,1,0,0,0,0,1,0,0,0,0,0,1
119,1,0,0,0,0,0,1,1,0,0,0,0
120,1,0,0,0,0,0,1,0,1,0,0,0
121,1,0,0,0,0,0,1,0,0,1,0,0
122,1,0,0,0,0,0,1,0,0,0,1,0
123,1,0,0,0,0,0,1,0,0,0,0,1
124,1,0,0,0,0,0,0,1,1,0,0,0
125,1,0,0,0,0,0,0,1,0,1,0,0
126,1,0,0,0,0,0,0,1,0,0,1,0
127,1,0,0,0,0,0,0,1,0,0,0,1
128,1,0,0,0,0,0,0,0,1,1,0,0
129,1,0,0,0,0,0,0,0,1,0,1,0
130,1,0,0,0,0,0,0,0,1,0,0,1
131,1,0,0,0,0,0,0,0,0,1,1,0
132,1,0,0,0,0,0,0,0,0,1,0,1
133,1,0,0,0,0,0,0,0,0,0,1,1
134,0,1,1,1,0,0,0,0,0,0,0,0
135,0,1,1,0,1,0,0,0,0,0,0,0
136,0,1,1,0,0,1,0,0,0,0,0,0
137,0,1,1,0,0,0,1,0,0,0,0,0
138,0,1,1,0,0,0,0,1,0,0,0,0
139,0,1,1,0,0,0,0,0,1,0,0,0
140,0,1,1,0,0,0,0,0,0,1,0,0
141,0,1,1,0,0,0,0,0,0,0,1,0
142,0,1,1,0,0,0,0,0,0,0,0,1
143,0,1,0,1,1,0,0,0,0,0,0,0
144,0,1,0,1,0,1,0,0,0,0,0,0
145,0,1,0,1,0,0,1,0,0,0,0,0
146,0,1,0,1,0,0,0,1,0,0,0,0
147,0,1,0,1,0,0,0,0,1,0,0,0
148,0,1,0,1,0,0,0,0,0,1,0,0
149,0,1,0,1,0,0,0,0,0,0,1,0
150,0,1,0,1,0,0,0,0,0,0,0,1
151,0,1,0,0,1,1,0,0,0,0,0,0
152,0,1,0,0,1,0,1,0,0,0,0,0
153,0,1,0,0,1,0,0,1,0,0,0,0
154,0,1,0,0,1,0,0,0,1,0,0,0
155,0,1,0,0,1,0,0,0,0,1,0,0
156,0,1,0,0,1,0,0,0,0,0,1,0
157,0,1,0,0,1,0,0,0,0,0,0,1
158,0,1,0,0,0,1,1,0,0,0,0,0
159,0,1,0,0,0,1,0,1,0,0,0,0
160,0,1,0,0,0,1,0,0,1,0,0,0
161,0,1,0,0,0,1,0,0,0,1,0,0
162,0,1,0,0,0,1,0,0,0,0,1,0
163,0,1,0,0,0,1,0,0,0,0,0,1
164,0,1,0,0,0,0,1,1,0,0,0,0
165,0,1,0,0,0,0,1,0,1,0,0,0
166,0,1,0,0,0,0,1,0,0,1,0,0
167,0,1,0,0,0,0,1,0,0,0,1,0
168,0,1,0,0,0,0,1,0,0,0,0,1
169,0,1,0,0,0,0,0,1,1,0,0,0
170,0,1,0,0,0,0,0,1,0,1,0,0
171,0,1,0,0,0,0,0,1,0,0,1,0
172,0,1,0,0,0,0,0,1,0,0,0,1
173,0,1,0,0,0,0,0,0,1,1,0,0
174,0,1,0,0,0,0,0,0,1,0,1,0
175,0,1,0,0,0,0,0,0,1,0,0,1
176,0,1,0,0,0,0,0,0,0,1,1,0
177,0,1,0,0,0,0,0,0,0,1,0,1
178,0,1,0,0,0,0,0,0,0,0,1,1
179,0,0,1,1,1,0,0,0,0,0,0,0
180,0,0,1,1,0,1,0,0,0,0,0,0
181,0,0,1,1,0,0,1,0,0,0,0,0
182,0,0,1,1,0,0,0,1,0,0,0,0
183,0,0,1,1,0,0,0,0,1,0,0,0
184,0,0,1,1,0,0,0,0,0,1,0,0
185,0,0,1,1,0,0,0,0,0,0,1,0
186,0,0,1,1,0,0,0,0,0,0,0,1
187,0,0,1,0,1,1,0,0,0,0,0,0
188,0,0,1,0,1,0,1,0,0,0,0,0
189,0,0,1,0,1,0,0,1,0,0,0,0
190,0,0,1,0,1,0,0,0,1,0,0,0
191,0,0,1,0,1,0,0,0,0,1,0,0
192,0,0,1,0,1,0,0,0,0,0,1,0
193,0,0,1,0,1,0,0,0,0,0,0,1
194,0,0,1,0,0,1,1,0,0,0,0,0
195,0,0,1,0,0,1,0,1,0,0,0,0
196,0,0,1,0,0,1,0,0,1,0,0,0
197,0,0,1,0,0,1,0,0,0,1,0,0
198,0,0,1,0,0,1,0,0,0,0,1,0
199,0,0,1,0,0,1,0,0,0,0,0,1
200,0,0,1,0,0,0,1,1,0,0,0,0
201,0,0,1,0,0,0,1,0,1,0,0,0
202,0,0,1,0,0,0,1,0,0,1,0,0
203,0,0,1,0,0,0,1,0,0,0,1,0
204,0,0,1,0,0,0,1,0,0,0,0,1
205,0,0,1,0,0,0,0,1,1,0,0,0
206,0,0,1,0,0,0,0,1,0,1,0,0
207,0,0,1,0,0,0,0,1,0,0,1,0
208,0,0,1,0,0,0,0,1,0,0,0,1
209,0,0,1,0,0,0,0,0,1,1,0,0
210,0,0,1,0,0,0,0,0,1,0,1,0
211,0,0,1,0,0,0,0,0,1,0,0,1
212,0,0,1,0,0,0,0,0,0,1,1,0
213,0,0,1,0,0,0,0,0,0,1,0,1
214,0,0,1,0,0,0,0,0,0,0,1,1
215,0,0,0,1,1,1,0,0,0,0,0,0
216,0,0,0,1,1,0,1,0,0,0,0,0
217,0,0,0,1,1,0,0,1,0,0,0,0
218,0,0,0,1,1,0,0,0,1,0,0,0
219,0,0,0,1,1,0,0,0,0,1,0,0
220,0,0,0,1,1,0,0,0,0,0,1,0
221,0,0,0,1,1,0,0,0,0,0,0,1
222,0,0,0,1,0,1,1,0,0,0,0,0
223,0,0,0,1,0,1,0,1,0,0,0,0
224,0,0,0,1,0,1,0,0,1,0,0,0
225,0,0,0,1,0,1,0,0,0,1,0,0
226,0,0,0,1,0,1,0,0,0,0,1,0
227,0,0,0,1,0,1,0,0,0,0,0,1
228,0,0,0,1,0,0,1,1,0,0,0,0
229,0,0,0,1,0,0,1,0,1,0,0,0
230,0,0,0,1,0,0,1,0,0,1,0,0
231,0,0,0,1,0,0,1,0,0,0,1,0
232,0,0,0,1,0,0,1,0,0,0,0,1
233,0,0,0,1,0,0,0,1,1,0,0,0
234,0,0,0,1,0,0,0,1,0,1,0,0
235,0,0,0,1,0,0,0,1,0,0,1,0
236,0,0,0,1,0,0,0,1,0,0,0,1
237,0,0,0,1,0,0,0,0,1,1,0,0
238,0,0,0,1,0,0,0,0,1,0,1,0
239,0,0,0,1,0,0,0,0,1,0,0,1
240,0,0,0,1,0,0,0,0,0,1,1,0
241,0,0,0,1,0,0,0,0,0,1,0,1
242,0,0,0,1,0,0,0,0,0,0,1,1
243,0,0,0,0,1,1,1,0,0,0,0,0
244,0,0,0,0,1,1,0,1,0,0,0,0
245,0,0,0,0,1,1,0,0,1,0,0,0
246,0,0,0,0,1,1,0,0,0,1,0,0
247,0,0,0,0,1,1,0,0,0,0,1,0
248,0,0,0,0,1,1,0,0,0,0,0,1
249,0,0,0,0,1,0,1,1,0,0,0,0
250,0,0,0,0,1,0,1,0,1,0,0,0
251,0,0,0,0,1,0,1,0,0,1,0,0
252,0,0,0,0,1,0,1,0,0,0,1,0
253,0,0,0,0,1,0,1,0,0,0,0,1
254,0,0,0,0,1,0,0,1,1,0,0,0
255,0,0,0,0,1,0,0,1,0,1,0,0
256,0,0,0,0,1,0,0,1,0,0,1,0
257,0,0,0,0,1,0,0,1,0,0,0,1
258,0,0,0,0,1,0,0,0,1,1,0,0
259,0,0,0,0,1,0,0,0,1,0,1,0
260,0,0,0,0,1,0,0,0,1,0,0,1
261,0,0,0,0,1,0,0,0,0,1,1,0
262,0,0,0,0,1,0,0,0,0,1,0,1
263,0,0,0,0,1,0,0,0,0,0,1,1
264,0,0,0,0,0,1,1,1,0,0,0,0
265,0,0,0,0,0,1,1,0,1,0,0,0
266,0,0,0,0,0,1,1,0,0,1,0,0
267,0,0,0,0,0,1,1,0,0,0,1,0
268,0,0,0,0,0,1,1,0,0,0,0,1
269,0,0,0,0,0,1,0,1,1,0,0,0
270,0,0,0,0,0,1,0,1,0,1,0,0
271,0,0,0,0,0,1,0,1,0,0,1,0
272,0,0,0,0,0,1,0,1,0,0,0,1
273,0,0,0,0,0,1,0,0,1,1,0,0
274,0,0,0,0,0,1,0,0,1,0,1,0
275,0,0,0,0,0,1,0,0,1,0,0,1
276,0,0,0,0,0,1,0,0,0,1,1,0
277,0,0,0,0,0,1,0,0,0,1,0,1
278,0,0,0,0,0,1,0,0,0,0,1,1
279,0,0,0,0,0,0,1,1,1,0,0,0
280,0,0,0,0,0,0,1,1,0,1,0,0
281,0,0,0,0,0,0,1,1,0,0,1,0
282,0,0,0,0,0,0,1,1,0,0,0,1
283,0,0,0,0,0,0,1,0,1,1,0,0
284,0,0,0,0,0,0,1,0,1,0,1,0
285,0,0,0,0,0,0,1,0,1,0,0,1
286,0,0,0,0,0,0,1,0,0,1,1,0
287,0,0,0,0,0,0,1,0,0,1,0,1
288,0,0,0,0,0,0,1,0,0,0,1,1
289,0,0,0,0,0,0,0,1,1,1,0,0
290,0,0,0,0,0,0,0,1,1,0,1,0
291,0,0,0,0,0,0,0,1,1,0,0,1
292,0,0,0,0,0,0,0,1,0,1,1,0
293,0,0,0,0,0,0,0,1,0,1,0,1
294,0,0,0,0,0,0,0,1,0,0,1,1
295,0,0,0,0,0,0,0,0,1,1,1,0
296,0,0,0,0,0,0,0,0,1,1,0,1
297,0,0,0,0,0,0,0,0,1,0,1,1
298,0,0,0,0,0,0,0,0,0,1,1,1
299,1,1,1,1,0,0,0,0,0,0,0,0
300,1,1,1,0,1,0,0,0,0,0,0,0
301,1,1,1,0,0,1,0,0,0,0,0,0
302,1,1,1,0,0,0,1,0,0,0,0,0
303,1,1,1,0,0,0,0,1,0,0,0,0
304,1,1,1,0,0,0,0,0,1,0,0,0
305,1,1,1,0,0,0,0,0,0,1,0,0
306,1,1,1,0,0,0,0,0,0,0,1,0
307,1,1,1,0,0,0,0,0,0,0,0,1
308,1,1,0,1,1,0,0,0,0,0,0,0
309,1,1,0,1,0,1,0,0,0,0,0,0
310,1,1,0,1,0,0,1,0,0,0,0,0
311,1,1,0,1,0,0,0,1,0,0,0,0
312,1,1,0,1,0,0,0,0,1,0,0,0
313,1,1,0,1,0,0,0,0,0,1,0,0
314,1,1,0,1,0,0,0,0,0,0,1,0
315,1,1,0,1,0,0,0,0,0,0,0,1
316,1,1,0,0,1,1,0,0,0,0,0,0
317,1,1,0,0,1,0,1,0,0,0,0,0
318,1,1,0,0,1,0,0,1,0,0,0,0
319,1,1,0,0,1,0,0,0,1,0,0,0
320,1,1,0,0,1,0,0,0,0,1,0,0
321,1,1,0,0,1,0,0,0,0,0,1,0
322,1,1,0,0,1,0,0,0,0,0,0,1
323,1,1,0,0,0,1,1,0,0,0,0,0
324,1,1,0,0,0,1,0,1,0,0,0,0
325,1,1,0,0,0,1,0,0,1,0,0,0
326,1,1,0,0,0,1,0,0,0,1,0,0
327,1,1,0,0,0,1,0,0,0,0,1,0
328,1,1,0,0,0,1,0,0,0,0,0,1
329,1,1,0,0,0,0,1,1,0,0,0,0
330,1,1,0,0,0,0,1,0,1,0,0,0
331,1,1,0,0,0,0,1,0,0,1,0,0
332,1,1,0,0,0,0,1,0,0,0,1,0
333,1,1,0,0,0,0,1,0,0,0,0,1
334,1,1,0,0,0,0,0,1,1,0,0,0
335,1,1,0,0,0,0,0,1,0,1,0,0
336,1,1,0,0,0,0,0,1,0,0,1,0
337,1,1,0,0,0,0,0,1,0,0,0,1
338,1,1,0,0,0,0,0,0,1,1,0,0
339,1,1,0,0,0,0,0,0,1,0,1,0
340,1,1,0,0,0,0,0,0,1,0,0,1
341,1,1,0,0,0,0,0,0,0,1,1,0
342,1,1,0,0,0,0,0,0,0,1,0,1
343,1,1,0,0,0,0,0,0,0,0,1,1
344,1,0,1,1,1,0,0,0,0,0,0,0
345,1,0,1,1,0,1,0,0,0,0,0,0
346,1,0,1,1,0,0,1,0,0,0,0,0
347,1,0,1,1,0,0,0,1,0,0,0,0
348,1,0,1,1,0,0,0,0,1,0,0,0
349,1,0,1,1,0,0,0,0,0,1,0,0
350,1,0,1,1,0,0,0,0,0,0,1,0
351,1,0,1,1,0,0,0,0,0,0,0,1
352,1,0,1,0,1,1,0,0,0,0,0,0
353,1,0,1,0,1,0,1,0,0,0,0,0
354,1,0,1,0,1,0,0,1,0,0,0,0
355,1,0,1,0,1,0,0,0,1,0,0,0
356,1,0,1,0,1,0,0,0,0,1,0,0
357,1,0,1,0,1,0,0,0,0,0,1,0
358,1,0,1,0,1,0,0,0,0,0,0,1
359,1,0,1,0,0,1,1,0,0,0,0,0
360,1,0,1,0,0,1,0,1,0,0,0,0
361,1,0,1,0,0,1,0,0,1,0,0,0
362,1,0,1,0,0,1,0,0,0,1,0,0
363,1,0,1,0,0,1,0,0,0,0,1,0
364,1,0,1,0,0,1,0,0,0,0,0,1
365,1,0,1,0,0,0,1,1,0,0,0,0
366,1,0,1,0,0,0,1,0,1,0,0,0
367,1,0,1,0,0,0,1,0,0,1,0,0
368,1,0,1,0,0,0,1,0,0,0,1,0
369,1,0,1,0,0,0,1,0,0,0,0,1
370,1,0,1,0,0,0,0,1,1,0,0,0
371,1,0,1,0,0,0,0,1,0,1,0,0
372,1,0,1,0,0,0,0,1,0,0,1,0
373,1,0,1,0,0,0,0,1,0,0,0,1
374,1,0,1,0,0,0,0,0,1,1,0,0
375,1,0,1,0,0,0,0,0,1,0,1,0
376,1,0,1,0,0,0,0,0,1,0,0,1
377,1,0,1,0,0,0,0,0,0,1,1,0
378,1,0,1,0,0,0,0,0,0,1,0,1
379,1,0,1,0,0,0,0,0,0,0,1,1
380,1,0,0,1,1,1,0,0,0,0,0,0
381,1,0,0,1,1,0,1,0,0,0,0,0
382,1,0,0,1,1,0,0,1,0,0,0,0
383,1,0,0,1,1,0,0,0,1,0,0,0
384,1,0,0,1,1,0,0,0,0,1,0,0
385,1,0,0,1,1,0,0,0,0,0,1,0
386,1,0,0,1,1,0,0,0,0,0,0,1
387,1,0,0,1,0,1,1,0,0,0,0,0
388,1,0,0,1,0,1,0,1,0,0,0,0
389,1,0,0,1,0,1,0,0,1,0,0,0
390,1,0,0,1,0,1,0,0,0,1,0,0
391,1,0,0,1,0,1,0,0,0,0,1,0
392,1,0,0,1,0,1,0,0,0,0,0,1
393,1,0,0,1,0,0,1,1,0,0,0,0
394,1,0,0,1,0,0,1,0,1,0,0,0
395,1,0,0,1,0,0,1,0,0,1,0,0
396,1,0,0,1,0,0,1,0,0,0,1,0
397,1,0,0,1,0,0,1,0,0,0,0,1
398,1,0,0,1,0,0,0,1,1,0,0,0
399,1,0,0,1,0,0,0,1,0,1,0,0
400,1,0,0,1,0,0,0,1,0,0,1,0
401,1,0,0,1,0,0,0,1,0,0,0,1
402,1,0,0,1,0,0,0,0,1,1,0,0
403,1,0,0,1,0,0,0,0,1,0,1,0
404,1,0,0,1,0,0,0,0,1,0,0,1
405,1,0,0,1,0,0,0,0,0,1,1,0
406,1,0,0,1,0,0,0,0,0,1,0,1
407,1,0,0,1,0,0,0,0,0,0,1,1
408,1,0,0,0,1,1,1,0,0,0,0,0
409,1,0,0,0,1,1,0,1,0,0,0,0
410,1,0,0,0,1,1,0,0,1,0,0,0
411,1,0,0,0,1,1,0,0,0,1,0,0
412,1,0,0,0,1,1,0,0,0,0,1,0
413,1,0,0,0,1,1,0,0,0,0,0,1
414,1,0,0,0,1,0,1,1,0,0,0,0
415,1,0,0,0,1,0,1,0,1,0,0,0
416,1,0,0,0,1,0,1,0,0,1,0,0
417,1,0,0,0,1,0,1,0,0,0,1,0
418,1,0,0,0,1,0,1,0,0,0,0,1
419,1,0,0,0,1,0,0,1,1,0,0,0
420,1,0,0,0,1,0,0,1,0,1,0,0
421,1,0,0,0,1,0,0,1,0,0,1,0
422,1,0,0,0,1,0,0,1,0,0,0,1
423,1,0,0,0,1,0,0,0,1,1,0,0
424,1,0,0,0,1,0,0,0,1,0,1,0
425,1,0,0,0,1,0,0,0,1,0,0,1
426,1,0,0,0,1,0,0,0,0,1,1,0
427,1,0,0,0,1,0,0,0,0,1,0,1
428,1,0,0,0,1,0,0,0,0,0,1,1
429,1,0,0,0,0,1,1,1,0,0,0,0
430,1,0,0,0,0,1,1,0,1,0,0,0
431,1,0,0,0,0,1,1,0,0,1,0,0
432,1,0,0,0,0,1,1,0,0,0,1,0
433,1,0,0,0,0,1,1,0,0,0,0,1
434,1,0,0,0,0,1,0,1,1,0,0,0
435,1,0,0,0,0,1,0,1,0,1,0,0
436,1,0,0,0,0,1,0,1,0,0,1,0
437,1,0,0,0,0,1,0,1,0,0,0,1
438,1,0,0,0,0,1,0,0,1,1,0,0
439,1,0,0,0,0,1,0,0,1,0,1,0
440,1,0,0,0,0,1,0,0,1,0,0,1
441,1,0,0,0,0,1,0,0,0,1,1,0
442,1,0,0,0,0,1,0,0,0,1,0,1
443,1,0,0,0,0,1,0,0,0,0,1,1
444,1,0,0,0,0,0,1,1,1,0,0,0
445,1,0,0,0,0,0,1,1,0,1,0,0
446,1,0,0,0,0,0,1,1,0,0,1,0
447,1,0,0,0,0,0,1,1,0,0,0,1
448,1,0,0,0,0,0,1,0,1,1,0,0
449,1,0,0,0,0,0,1,0,1,0,1,0
450,1,0,0,0,0,0,1,0,1,0,0,1
451,1,0,0,0,0,0,1,0,0,1,1,0
452,1,0,0,0,0,0,1,0,0,1,0,1
453,1,0,0,0,0,0,1,0,0,0,1,1
454,1,0,0,0,0,0,0,1,1,1,0,0
455,1,0,0,0,0,0,0,1,1,0,1,0
456,1,0,0,0,0,0,0,1,1,0,0,1
457,1,0,0,0,0,0,0,1,0,1,1,0
458,1,0,0,0,0,0,0,1,0,1,0,1
459,1,0,0,0,0,0,0,1,0,0,1,1
460,1,0,0,0,0,0,0,0,1,1,1,0
461,1,0,0,0,0,0,0,0,1,1,0,1
462,1,0,0,0,0,0,0,0,1,0,1,1
463,1,0,0,0,0,0,0,0,0,1,1,1
464,0,1,1,1,1,0,0,0,0,0,0,0
465,0,1,1,1,0,1,0,0,0,0,0,0
466,0,1,1,1,0,0,1,0,0,0,0,0
467,0,1,1,1,0,0,0,1,0,0,0,0
468,0,1,1,1,0,0,0,0,1,0,0,0
469,0,1,1,1,0,0,0,0,0,1,0,0
470,0,1,1,1,0,0,0,0,0,0,1,0
471,0,1,1,1,0,0,0,0,0,0,0,1
472,0,1,1,0,1,1,0,0,0,0,0,0
473,0,1,1,0,1,0,1,0,0,0,0,0
474,0,1,1,0,1,0,0,1,0,0,0,0
475,0,1,1,0,1,0,0,0,1,0,0,0
476,0,1,1,0,1,0,0,0,0,1,0,0
477,0,1,1,0,1,0,0,0,0,0,1,0
478,0,1,1,0,1,0,0,0,0,0,0,1
479,0,1,1,0,0,1,1,0,0,0,0,0
480,0,1,1,0,0,1,0,1,0,0,0,0
481,0,1,1,0,0,1,0,0,1,0,0,0
482,0,1,1,0,0,1,0,0,0,1,0,0
483,0,1,1,0,0,1,0,0,0,0,1,0
484,0,1,1,0,0,1,0,0,0,0,0,1
485,0,1,1,0,0,0,1,1,0,0,0,0
486,0,1,1,0,0,0,1,0,1,0,0,0
487,0,1,1,0,0,0,1,0,0,1,0,0
488,0,1,1,0,0,0,1,0,0,0,1,0
489,0,1,1,0,0,0,1,0,0,0,0,1
490,0,1,1,0,0,0,0,1,1,0,0,0
491,0,1,1,0,0,0,0,1,0,1,0,0
492,0,1,1,0,0,0,0,1,0,0,1,0
493,0,1,1,0,0,0,0,1,0,0,0,1
494,0,1,1,0,0,0,0,0,1,1,0,0
495,0,1,1,0,0,0,0,0,1,0,1,0
496,0,1,1,0,0,0,0,0,1,0,0,1
497,0,1,1,0,0,0,0,0,0,1,1,0
498,0,1,1,0,0,0,0,0,0,1,0,1
499,0,1,1,0,0,0,0,0,0,0,1,1
500,0,1,0,1,1,1,0,0,0,0,0,0
501,0,1,0,1,1,0,1,0,0,0,0,0
502,0,1,0,1,1,0,0,1,0,0,0,0
503,0,1,0,1,1,0,0,0,1,0,0,0
504,0,1,0,1,1,0,0,0,0,1,0,0
505,0,1,0,1,1,0,0,0,0,0,1,0
506,0,1,0,1,1,0,0,0,0,0,0,1
507,0,1,0,1,0,1,1,0,0,0,0,0
508,0,1,0,1,0,1,0,1,0,0,0,0
509,0,1,0,1,0,1,0,0,1,0,0,0
510,0,1,0,1,0,1,0,0,0,1,0,0
511,0,1,0,1,0,1,0,0,0,0,1,0
512,0,1,0,1,0,1,0,0,0,0,0,1
513,0,1,0,1,0,0,1,1,0,0,0,0
514,0,1,0,1,0,0,1,0,1,0,0,0
515,0,1,0,1,0,0,1,0,0,1,0,0
516,0,1,0,1,0,0,1,0,0,0,1,0
517,0,1,0,1,0,0,1,0,0,0,0,1
518,0,1,0,1,0,0,0,1,1,0,0,0
519,0,1,0,1,0,0,0,1,0,1,0,0
520,0,1,0,1,0,0,0,1,0,0,1,0
521,0,1,0,1,0,0,0,1,0,0,0,1
522,0,1,0,1,0,0,0,0,1,1,0,0
523,0,1,0,1,0,0,0,0,1,0,1,0
524,0,1,0,1,0,0,0,0,1,0,0,1
525,0,1,0,1,0,0,0,0,0,1,1,0
526,0,1,0,1,0,0,0,0,0,1,0,1
527,0,1,0,1,0,0,0,0,0,0,1,1
528,0,1,0,0,1,1,1,0,0,0,0,0
529,0,1,0,0,1,1,0,1,0,0,0,0
530,0,1,0,0,1,1,0,0,1,0,0,0
531,0,1,0,0,1,1,0,0,0,1,0,0
532,0,1,0,0,1,1,0,0,0,0,1,0
533,0,1,0,0,1,1,0,0,0,0,0,1
534,0,1,0,0,1,0,1,1,0,0,0,0
535,0,1,0,0,1,0,1,0,1,0,0,0
536,0,1,0,0,1,0,1,0,0,1,0,0
537,0,1,0,0,1,0,1,0,0,0,1,0
538,0,1,0,0,1,0,1,0,0,0,0,1
539,0,1,0,0,1,0,0,1,1,0,0,0
540,0,1,0,0,1,0,0,1,0,1,0,0
541,0,1,0,0,1,0,0,1,0,0,1,0
542,0,1,0,0,1,0,0,1,0,0,0,1
543,0,1,0,0,1,0,0,0,1,1,0,0
544,0,1,0,0,1,0,0,0,1,0,1,0
545,0,1,0,0,1,0,0,0,1,0,0,1
546,0,1,0,0,1,0,0,0,0,1,1,0
547,0,1,0,0,1,0,0,0,0,1,0,1
548,0,1,0,0,1,0,0,0,0,0,1,1
549,0,1,0,0,0,1,1,1,0,0,0,0
550,0,1,0,0,0,1,1,0,1,0,0,0
551,0,1,0,0,0,1,1,0,0,1,0,0
552,0,1,0,0,0,1,1,0,0,0,1,0
553,0,1,0,0,0,1,1,0,0,0,0,1
554,0,1,0,0,0,1,0,1,1,0,0,0
555,0,1,0,0,0,1,0,1,0,1,0,0
556,0,1,0,0,0,1,0,1,0,0,1,0
557,0,1,0,0,0,1,0,1,0,0,0,1
558,0,1,0,0,0,1,0,0,1,1,0,0
559,0,1,0,0,0,1,0,0,1,0,1,0
560,0,1,0,0,0,1,0,0,1,0,0,1
561,0,1,0,0,0,1,0,0,0,1,1,0
562,0,1,0,0,0,1,0,0,0,1,0,1
563,0,1,0,0,0,1,0,0,0,0,1,1
564,0,1,0,0,0,0,1,1,1,0,0,0
565,0,1,0,0,0,0,1,1,0,1,0,0
566,0,1,0,0,0,0,1,1,0,0,1,0
567,0,1,0,0,0,0,1,1,0,0,0,1
568,0,1,0,0,0,0,1,0,1,1,0,0
569,0,1,0,0,0,0,1,0,1,0,1,0
570,0,1,0,0,0,0,1,0,1,0,0,1
571,0,1,0,0,0,0,1,0,0,1,1,0
572,0,1,0,0,0,0,1,0,0,1,0,1
573,0,1,0,0,0,0,1,0,0,0,1,1
574,0,1,0,0,0,0,0,1,1,1,0,0
575,0,1,0,0,0,0,0,1,1,0,1,0
576,0,1,0,0,0,0,0,1,1,0,0,1
577,0,1,0,0,0,0,0,1,0,1,1,0
578,0,1,0,0,0,0,0,1,0,1,0,1
579,0,1,0,0,0,0,0,1,0,0,1,1
580,0,1,0,0,0,0,0,0,1,1,1,0
581,0,1,0,0,0,0,0,0,1,1,0,1
582,0,1,0,0,0,0,0,0,1,0,1,1
583,0,1,0,0,0,0,0,0,0,1,1,1
584,0,0,1,1,1,1,0,0,0,0,0,0
585,0,0,1,1,1,0,1,0,0,0,0,0
586,0,0,1,1,1,0,0,1,0,0,0,0
587,0,0,1,1,1,0,0,0,1,0,0,0
588,0,0,1,1,1,0,0,0,0,1,0,0
589,0,0,1,1,1,0,0,0,0,0,1,0
590,0,0,1,1,1,0,0,0,0,0,0,1
591,0,0,1,1,0,1,1,0,0,0,0,0
592,0,0,1,1,0,1,0,1,0,0,0,0
593,0,0,1,1,0,1,0,0,1,0,0,0
594,0,0,1,1,0,1,0,0,0,1,0,0
595,0,0,1,1,0,1,0,0,0,0,1,0
596,0,0,1,1,0,1,0,0,0,0,0,1
597,0,0,1,1,0,0,1,1,0,0,0,0
598,0,0,1,1,0,0,1,0,1,0,0,0
599,0,0,1,1,0,0,1,0,0,1,0,0
600,0,0,1,1,0,0,1,0,0,0,1,0
601,0,0,1,1,0,0,1,0,0,0,0,1
602,0,0,1,1,0,0,0,1,1,0,0,0
603,0,0,1,1,0,0,0,1,0,1,0,0
604,0,0,1,1,0,0,0,1,0,0,1,0
605,0,0,1,1,0,0,0,1,0,0,0,1
606,0,0,1,1,0,0,0,0,1,1,0,0
607,0,0,1,1,0,0,0,0,1,0,1,0
608,0,0,1,1,0,0,0,0,1,0,0,1
609,0,0,1,1,0,0,0,0,0,1,1,0
610,0,0,1,1,0,0,0,0,0,1,0,1
611,0,0,1,1,0,0,0,0,0,0,1,1
612,0,0,1,0,1,1,1,0,0,0,0,0
613,0,0,1,0,1,1,0,1,0,0,0,0
614,0,0,1,0,1,1,0,0,1,0,0,0
615,0,0,1,0,1,1,0,0,0,1,0,0
616,0,0,1,0,1,1,0,0,0,0,1,0
617,0,0,1,0,1,1,0,0,0,0,0,1
618,0,0,1,0,1,0,1,1,0,0,0,0
619,0,0,1,0,1,0,1,0,1,0,0,0
620,0,0,1,0,1,0,1,0,0,1,0,0
621,0,0,1,0,1,0,1,0,0,0,1,0
622,0,0,1,0,1,0,1,0,0,0,0,1
623,0,0,1,0,1,0,0,1,1,0,0,0
624,0,0,1,0,1,0,0,1,0,1,0,0
625,0,0,1,0,1,0,0,1,0,0,1,0
626,0,0,1,0,1,0,0,1,0,0,0,1
627,0,0,1,0,1,0,0,0,1,1,0,0
628,0,0,1,0,1,0,0,0,1,0,1,0
629,0,0,1,0,1,0,0,0,1,0,0,1
630,0,0,1,0,1,0,0,0,0,1,1,0
631,0,0,1,0,1,0,0,0,0,1,0,1
632,0,0,1,0,1,0,0,0,0,0,1,1
633,0,0,1,0,0,1,1,1,0,0,0,0
634,0,0,1,0,0,1,1,0,1,0,0,0
635,0,0,1,0,0,1,1,0,0,1,0,0
636,0,0,1,0,0,1,1,0,0,0,1,0
637,0,0,1,0,0,1,1,0,0,0,0,1
638,0,0,1,0,0,1,0,1,1,0,0,0
639,0,0,1,0,0,1,0,1,0,1,0,0
640,0,0,1,0,0,1,0,1,0,0,1,0
641,0,0,1,0,0,1,0,1,0,0,0,1
642,0,0,1,0,0,1,0,0,1,1,0,0
643,0,0,1,0,0,1,0,0,1,0,1,0
644,0,0,1,0,0,1,0,0,1,0,0,1
645,0,0,1,0,0,1,0,0,0,1,1,0
646,0,0,1,0,0,1,0,0,0,1,0,1
647,0,0,1,0,0,1,0,0,0,0,1,1
648,0,0,1,0,0,0,1,1,1,0,0,0
649,0,0,1,0,0,0,1,1,0,1,0,0
650,0,0,1,0,0,0,1,1,0,0,1,0
651,0,0,1,0,0,0,1,1,0,0,0,1
652,0,0,1,0,0,0,1,0,1,1,0,0
653,0,0,1,0,0,0,1,0,1,0,1,0
654,0,0,1,0,0,0,1,0,1,0,0,1
655,0,0,1,0,0,0,1,0,0,1,1,0
656,0,0,1,0,0,0,1,0,0,1,0,1
657,0,0,1,0,0,0,1,0,0,0,1,1
658,0,0,1,0,0,0,0,1,1,1,0,0
659,0,0,1,0,0,0,0,1,1,0,1,0
660,0,0,1,0,0,0,0,1,1,0,0,1
661,0,0,1,0,0,0,0,1,0,1,1,0
662,0,0,1,0,0,0,0,1,0,1,0,1
663,0,0,1,0,0,0,0,1,0,0,1,1
664,0,0,1,0,0,0,0,0,1,1,1,0
665,0,0,1,0,0,0,0,0,1,1,0,1
666,0,0,1,0,0,0,0,0,1,0,1,1
667,0,0,1,0,0,0,0,0,0,1,1,1
668,0,0,0,1,1,1,1,0,0,0,0,0
669,0,0,0,1,1,1,0,1,0,0,0,0
670,0,0,0,1,1,1,0,0,1,0,0,0
671,0,0,0,1,1,1,0,0,0,1,0,0
672,0,0,0,1,1,1,0,0,0,0,1,0
673,0,0,0,1,1,1,0,0,0,0,0,1
674,0,0,0,1,1,0,1,1,0,0,0,0
675,0,0,0,1,1,0,1,0,1,0,0,0
676,0,0,0,1,1,0,1,0,0,1,0,0
677,0,0,0,1,1,0,1,0,0,0,1,0
678,0,0,0,1,1,0,1,0,0,0,0,1
679,0,0,0,1,1,0,0,1,1,0,0,0
680,0,0,0,1,1,0,0,1,0,1,0,0
681,0,0,0,1,1,0,0,1,0,0,1,0
682,0,0,0,1,1,0,0,1,0,0,0,1
683,0,0,0,1,1,0,0,0,1,1,0,0
684,0,0,0,1,1,0,0,0,1,0,1,0
685,0,0,0,1,1,0,0,0,1,0,0,1
686,0,0,0,1,1,0,0,0,0,1,1,0
687,0,0,0,1,1,0,0,0,0,1,0,1
688,0,0,0,1,1,0,0,0,0,0,1,1
689,0,0,0,1,0,1,1,1,0,0,0,0
690,0,0,0,1,0,1,1,0,1,0,0,0
691,0,0,0,1,0,1,1,0,0,1,0,0
692,0,0,0,1,0,1,1,0,0,0,1,0
693,0,0,0,1,0,1,1,0,0,0,0,1
694,0,0,0,1,0,1,0,1,1,0,0,0
695,0,0,0,1,0,1,0,1,0,1,0,0
696,0,0,0,1,0,1,0,1,0,0,1,0
697,0,0,0,1,0,1,0,1,0,0,0,1
698,0,0,0,1,0,1,0,0,1,1,0,0
699,0,0,0,1,0,1,0,0,1,0,1,0
700,0,0,0,1,0,1,0,0,1,0,0,1
701,0,0,0,1,0,1,0,0,0,1,1,0
702,0,0,0,1,0,1,0,0,0,1,0,1
703,0,0,0,1,0,1,0,0,0,0,1,1
704,0,0,0,1,0,0,1,1,1,0,0,0
705,0,0,0,1,0,0,1,1,0,1,0,0
706,0,0,0,1,0,0,1,1,0,0,1,0
707,0,0,0,1,0,0,1,1,0,0,0,1
708,0,0,0,1,0,0,1,0,1,1,0,0
709,0,0,0,1,0,0,1,0,1,0,1,0
710,0,0,0,1,0,0,1,0,1,0,0,1
711,0,0,0,1,0,0,1,0,0,1,1,0
712,0,0,0,1,0,0,1,0,0,1,0,1
713,0,0,0,1,0,0,1,0,0,0,1,1
714,0,0,0,1,0,0,0,1,1,1,0,0
715,0,0,0,1,0,0,0,1,1,0,1,0
716,0,0,0,1,0,0,0,1,1,0,0,1
717,0,0,0,1,0,0,0,1,0,1,1,0
718,0,0,0,1,0,0,0,1,0,1,0,1
719,0,0,0,1,0,0,0,1,0,0,1,1
720,0,0,0,1,0,0,0,0,1,1,1,0
721,0,0,0,1,0,0,0,0,1,1,0,1
722,0,0,0,1,0,0,0,0,1,0,1,1
723,0,0,0,1,0,0,0,0,0,1,1,1
724,0,0,0,0,1,1,1,1,0,0,0,0
725,0,0,0,0,1,1,1,0,1,0,0,0
726,0,0,0,0,1,1,1,0,0,1,0,0
727,0,0,0,0,1,1,1,0,0,0,1,0
728,0,0,0,0,1,1,1,0,0,0,0,1
729,0,0,0,0,1,1,0,1,1,0,0,0
730,0,0,0,0,1,1,0,1,0,1,0,0
731,0,0,0,0,1,1,0,1,0,0,1,0
732,0,0,0,0,1,1,0,1,0,0,0,1
733,0,0,0,0,1,1,0,0,1,1,0,0
734,0,0,0,0,1,1,0,0,1,0,1,0
735,0,0,0,0,1,1,0,0,1,0,0,1
736,0,0,0,0,1,1,0,0,0,1,1,0
737,0,0,0,0,1,1,0,0,0,1,0,1
738,0,0,0,0,1,1,0,0,0,0,1,1
739,0,0,0,0,1,0,1,1,1,0,0,0
740,0,0,0,0,1,0,1,1,0,1,0,0
741,0,0,0,0,1,0,1,1,0,0,1,0
742,0,0,0,0,1,0,1,1,0,0,0,1
743,0,0,0,0,1,0,1,0,1,1,0,0
744,0,0,0,0,1,0,1,0,1,0,1,0
745,0,0,0,0,1,0,1,0,1,0,0,1
746,0,0,0,0,1,0,1,0,0,1,1,0
747,0,0,0,0,1,0,1,0,0,1,0,1
748,0,0,0,0,1,0,1,0,0,0,1,1
749,0,0,0,0,1,0,0,1,1,1,0,0
750,0,0,0,0,1,0,0,1,1,0,1,0
751,0,0,0,0,1,0,0,1,1,0,0,1
752,0,0,0,0,1,0,0,1,0,1,1,0
753,0,0,0,0,1,0,0,1,0,1,0,1
754,0,0,0,0,1,0,0,1,0,0,1,1
755,0,0,0,0,1,0,0,0,1,1,1,0
756,0,0,0,0,1,0,0,0,1,1,0,1
757,0,0,0,0,1,0,0,0,1,0,1,1
758,0,0,0,0,1,0,0,0,0,1,1,1
759,0,0,0,0,0,1,1,1,1,0,0,0
760,0,0,0,0,0,1,1,1,0,1,0,0
761,0,0,0,0,0,1,1,1,0,0,1,0
762,0,0,0,0,0,1,1,1,0,0,0,1
763,0,0,0,0,0,1,1,0,1,1,0,0
764,0,0,0,0,0,1,1,0,1,0,1,0
765,0,0,0,0,0,1,1,0,1,0,0,1
766,0,0,0,0,0,1,1,0,0,1,1,0
767,0,0,0,0,0,1,1,0,0,1,0,1
768,0,0,0,0,0,1,1,0,0,0,1,1
769,0,0,0,0,0,1,0,1,1,1,0,0
770,0,0,0,0,0,1,0,1,1,0,1,0
771,0,0,0,0,0,1,0,1,1,0,0,1
772,0,0,0,0,0,1,0,1,0,1,1,0
773,0,0,0,0,0,1,0,1,0,1,0,1
774,0,0,0,0,0,1,0,1,0,0,1,1
775,0,0,0,0,0,1,0,0,1,1,1,0
776,0,0,0,0,0,1,0,0,1,1,0,1
777,0,0,0,0,0,1,0,0,1,0,1,1
778,0,0,0,0,0,1,0,0,0,1,1,1
779,0,0,0,0,0,0,1,1,1,1,0,0
780,0,0,0,0,0,0,1,1,1,0,1,0
781,0,0,0,0,0,0,1,1,1,0,0,1
782,0,0,0,0,0,0,1,1,0,1,1,0
783,0,0,0,0,0,0,1,1,0,1,0,1
784,0,0,0,0,0,0,1,1,0,0,1,1
785,0,0,0,0,0,0,1,0,1,1,1,0
786,0,0,0,0,0,0,1,0,1,1,0,1
787,0,0,0,0,0,0,1,0,1,0,1,1
788,0,0,0,0,0,0,1,0,0,1,1,1
789,0,0,0,0,0,0,0,1,1,1,1,0
790,0,0,0,0,0,0,0,1,1,1,0,1
791,0,0,0,0,0,0,0,1,1,0,1,1
792,0,0,0,0,0,0,0,1,0,1,1,1
793,0,0,0,0,0,0,0,0,1,1,1,1
794,1,1,1,1,1,0,0,0,0,0,0,0
795,1,1,1,1,0,1,0,0,0,0,0,0
796,1,1,1,1,0,0,1,0,0,0,0,0
797,1,1,1,1,0,0,0,1,0,0,0,0
798,1,1,1,1,0,0,0,0,1,0,0,0
799,1,1,1,1,0,0,0,0,0,1,0,0
800,1,1,1,1,0,0,0,0,0,0,1,0
801,1,1,1,1,0,0,0,0,0,0,0,1
802,1,1,1,0,1,1,0,0,0,0,0,0
803,1,1,1,0,1,0,1,0,0,0,0,0
804,1,1,1,0,1,0,0,1,0,0,0,0
805,1,1,1,0,1,0,0,0,1,0,0,0
806,1,1,1,0,1,0,0,0,0,1,0,0
807,1,1,1,0,1,0,0,0,0,0,1,0
808,1,1,1,0,1,0,0,0,0,0,0,1
809,1,1,1,0,0,1,1,0,0,0,0,0
810,1,1,1,0,0,1,0,1,0,0,0,0
811,1,1,1,0,0,1,0,0,1,0,0,0
812,1,1,1,0,0,1,0,0,0,1,0,0
813,1,1,1,0,0,1,0,0,0,0,1,0
814,1,1,1,0,0,1,0,0,0,0,0,1
815,1,1,1,0,0,0,1,1,0,0,0,0
816,1,1,1,0,0,0,1,0,1,0,0,0
817,1,1,1,0,0,0,1,0,0,1,0,0
818,1,1,1,0,0,0,1,0,0,0,1,0
819,1,1,1,0,0,0,1,0,0,0,0,1
820,1,1,1,0,0,0,0,1,1,0,0,0
821,1,1,1,0,0,0,0,1,0,1,0,0
822,1,1,1,0,0,0,0,1,0,0,1,0
823,1,1,1,0,0,0,0,1,0,0,0,1
824,1,1,1,0,0,0,0,0,1,1,0,0
825,1,1,1,0,0,0,0,0,1,0,1,0
826,1,1,1,0,0,0,0,0,1,0,0,1
827,1,1,1,0,0,0,0,0,0,1,1,0
828,1,1,1,0,0,0,0,0,0,1,0,1
829,1,1,1,0,0,0,0,0,0,0,1,1
830,1,1,0,1,1,1,0,0,0,0,0,0
831,1,1,0,1,1,0,1,0,0,0,0,0
832,1,1,0,1,1,0,0,1,0,0,0,0
833,1,1,0,1,1,0,0,0,1,0,0,0
834,1,1,0,1,1,0,0,0,0,1,0,0
835,1,1,0,1,1,0,0,0,0,0,1,0
836,1,1,0,1,1,0,0,0,0,0,0,1
837,1,1,0,1,0,1,1,0,0,0,0,0
838,1,1,0,1,0,1,0,1,0,0,0,0
839,1,1,0,1,0,1,0,0,1,0,0,0
840,1,1,0,1,0,1,0,0,0,1,0,0
841,1,1,0,1,0,1,0,0,0,0,1,0
842,1,1,0,1,0,1,0,0,0,0,0,1
843,1,1,0,1,0,0,1,1,0,0,0,0
844,1,1,0,1,0,0,1,0,1,0,0,0
845,1,1,0,1,0,0,1,0,0,1,0,0
846,1,1,0,1,0,0,1,0,0,0,1,0
847,1,1,0,1,0,0,1,0,0,0,0,1
848,1,1,0,1,0,0,0,1,1,0,0,0
849,1,1,0,1,0,0,0,1,0,1,0,0
850,1,1,0,1,0,0,0,1,0,0,1,0
851,1,1,0,1,0,0,0,1,0,0,0,1
852,1,1,0,1,0,0,0,0,1,1,0,0
853,1,1,0,1,0,0,0,0,1,0,1,0
854,1,1,0,1,0,0,0,0,1,0,0,1
855,1,1,0,1,0,0,0,0,0,1,1,0
856,1,1,0,1,0,0,0,0,0,1,0,1
857,1,1,0,1,0,0,0,0,0,0,1,1
858,1,1,0,0,1,1,1,0,0,0,0,0
859,1,1,0,0,1,1,0,1,0,0,0,0
860,1,1,0,0,1,1,0,0,1,0,0,0
861,1,1,0,0,1,1,0,0,0,1,0,0
862,1,1,0,0,1,1,0,0,0,0,1,0
863,1,1,0,0,1,1,0,0,0,0,0,1
864,1,1,0,0,1,0,1,1,0,0,0,0
865,1,1,0,0,1,0,1,0,1,0,0,0
866,1,1,0,0,1,0,1,0,0,1,0,0
867,1,1,0,0,1,0,1,0,0,0,1,0
868,1,1,0,0,1,0,1,0,0,0,0,1
869,1,1,0,0,1,0,0,1,1,0,0,0
870,1,1,0,0,1,0,0,1,0,1,0,0
871,1,1,0,0,1,0,0,1,0,0,1,0
872,1,1,0,0,1,0,0,1,0,0,0,1
873,1,1,0,0,1,0,0,0,1,1,0,0
874,1,1,0,0,1,0,0,0,1,0,1,0
875,1,1,0,0,1,0,0,0,1,0,0,1
876,1,1,0,0,1,0,0,0,0,1,1,0
877,1,1,0,0,1,0,0,0,0,1,0,1
878,1,1,0,0,1,0,0,0,0,0,1,1
879,1,1,0,0,0,1,1,1,0,0,0,0
880,1,1,0,0,0,1,1,0,1,0,0,0
881,1,1,0,0,0,1,1,0,0,1,0,0
882,1,1,0,0,0,1,1,0,0,0,1,0
883,1,1,0,0,0,1,1,0,0,0,0,1
884,1,1,0,0,0,1,0,1,1,0,0,0
885,1,1,0,0,0,1,0,1,0,1,0,0
886,1,1,0,0,0,1,0,1,0,0,1,0
887,1,1,0,0,0,1,0,1,0,0,0,1
888,1,1,0,0,0,1,0,0,1,1,0,0
889,1,1,0,0,0,1,0,0,1,0,1,0
890,1,1,0,0,0,1,0,0,1,0,0,1
891,1,1,0,0,0,1,0,0,0,1,1,0
892,1,1,0,0,0,1,0,0,0,1,0,1
893,1,1,0,0,0,1,0,0,0,0,1,1
894,1,1,0,0,0,0,1,1,1,0,0,0
895,1,1,0,0,0,0,1,1,0,1,0,0
896,1,1,0,0,0,0,1,1,0,0,1,0
897,1,1,0,0,0,0,1,1,0,0,0,1
898,1,1,0,0,0,0,1,0,1,1,0,0
899,1,1,0,0,0,0,1,0,1,0,1,0
900,1,1,0,0,0,0,1,0,1,0,0,1
901,1,1,0,0,0,0,1,0,0,1,1,0
902,1,1,0,0,0,0,1,0,0,1,0,1
903,1,1,0,0,0,0,1,0,0,0,1,1
904,1,1,0,0,0,0,0,1,1,1,0,0
905,1,1,0,0,0,0,0,1,1,0,1,0
906,1,1,0,0,0,0,0,1,1,0,0,1
907,1,1,0,0,0,0,0,1,0,1,1,0
908,1,1,0,0,0,0,0,1,0,1,0,1
909,1,1,0,0,0,0,0,1,0,0,1,1
910,1,1,0,0,0,0,0,0,1,1,1,0
911,1,1,0,0,0,0,0,0,1,1,0,1
912,1,1,0,0,0,0,0,0,1,0,1,1
913,1,1,0,0,0,0,0,0,0,1,1,1
914,1,0,1,1,1,1,0,0,0,0,0,0
915,1,0,1,1,1,0,1,0,0,0,0,0
916,1,0,1,1,1,0,0,1,0,0,0,0
917,1,0,1,1,1,0,0,0,1,0,0,0
918,1,0,1,1,1,0,0,0,0,1,0,0
919,1,0,1,1,1,0,0,0,0,0,1,0
920,1,0,1,1,1,0,0,0,0,0,0,1
921,1,0,1,1,0,1,1,0,0,0,0,0
922,1,0,1,1,0,1,0,1,0,0,0,0
923,1,0,1,1,0,1,0,0,1,0,0,0
924,1,0,1,1,0,1,0,0,0,1,0,0
925,1,0,1,1,0,1,0,0,0,0,1,0
926,1,0,1,1,0,1,0,0,0,0,0,1
927,1,0,1,1,0,0,1,1,0,0,0,0
928,1,0,1,1,0,0,1,0,1,0,0,0
929,1,0,1,1,0,0,1,0,0,1,0,0
930,1,0,1,1,0,0,1,0,0,0,1,0
931,1,0,1,1,0,0,1,0,0,0,0,1
932,1,0,1,1,0,0,0,1,1,0,0,0
933,1,0,1,1,0,0,0,1,0,1,0,0
934,1,0,1,1,0,0,0,1,0,0,1,0
935,1,0,1,1,0,0,0,1,0,0,0,1
936,1,0,1,1,0,0,0,0,1,1,0,0
937,1,0,1,1,0,0,0,0,1,0,1,0
938,1,0,1,1,0,0,0,0,1,0,0,1
939,1,0,1,1,0,0,0,0,0,1,1,0
940,1,0,1,1,0,0,0,0,0,1,0,1
941,1,0,1,1,0,0,0,0,0,0,1,1
942,1,0,1,0,1,1,1,0,0,0,0,0
943,1,0,1,0,1,1,0,1,0,0,0,0
944,1,0,1,0,1,1,0,0,1,0,0,0
945,1,0,1,0,1,1,0,0,0,1,0,0
946,1,0,1,0,1,1,0,0,0,0,1,0
947,1,0,1,0,1,1,0,0,0,0,0,1
948,1,0,1,0,1,0,1,1,0,0,0,0
949,1,0,1,0,1,0,1,0,1,0,0,0
950,1,0,1,0,1,0,1,0,0,1,0,0
951,1,0,1,0,1,0,1,0,0,0,1,0
952,1,0,1,0,1,0,1,0,0,0,0,1
953,1,0,1,0,1,0,0,1,1,0,0,0
954,1,0,1,0,1,0,0,1,0,1,0,0
955,1,0,1,0,1,0,0,1,0,0,1,0
956,1,0,1,0,1,0,0,1,0,0,0,1
957,1,0,1,0,1,0,0,0,1,1,0,0
958,1,0,1,0,1,0,0,0,1,0,1,0
959,1,0,1,0,1,0,0,0,1,0,0,1
960,1,0,1,0,1,0,0,0,0,1,1,0
961,1,0,1,0,1,0,0,0,0,1,0,1
962,1,0,1,0,1,0,0,0,0,0,1,1
963,1,0,1,0,0,1,1,1,0,0,0,0
964,1,0,1,0,0,1,1,0,1,0,0,0
965,1,0,1,0,0,1,1,0,0,1,0,0
966,1,0,1,0,0,1,1,0,0,0,1,0
967,1,0,1,0,0,1,1,0,0,0,0,1
968,1,0,1,0,0,1,0,1,1,0,0,0
969,1,0,1,0,0,1,0,1,0,1,0,0
970,1,0,1,0,0,1,0,1,0,0,1,0
971,1,0,1,0,0,1,0,1,0,0,0,1
972,1,0,1,0,0,1,0,0,1,1,0,0
973,1,0,1,0,0,1,0,0,1,0,1,0
974,1,0,1,0,0,1,0,0,1,0,0,1
975,1,0,1,0,0,1,0,0,0,1,1,0
976,1,0,1,0,0,1,0,0,0,1,0,1
977,1,0,1,0,0,1,0,0,0,0,1,1
978,1,0,1,0,0,0,1,1,1,0,0,0
979,1,0,1,0,0,0,1,1,0,1,0,0
980,1,0,1,0,0,0,1,1,0,0,1,0
981,1,0,1,0,0,0,1,1,0,0,0,1
982,1,0,1,0,0,0,1,0,1,1,0,0
983,1,0,1,0,0,0,1,0,1,0,1,0
984,1,0,1,0,0,0,1,0,1,0,0,1
985,1,0,1,0,0,0,1,0,0,1,1,0
986,1,0,1,0,0,0,1,0,0,1,0,1
987,1,0,1,0,0,0,1,0,0,0,1,1
988,1,0,1,0,0,0,0,1,1,1,0,0
989,1,0,1,0,0,0,0,1,1,0,1,0
990,1,0,1,0,0,0,0,1,1,0,0,1
991,1,0,1,0,0,0,0,1,0,1,1,0
992,1,0,1,0,0,0,0,1,0,1,0,1
993,1,0,1,0,0,0,0,1,0,0,1,1
994,1,0,1,0,0,0,0,0,1,1,1,0
995,1,0,1,0,0,0,0,0,1,1,0,1
996,1,0,1,0,0,0,0,0,1,0,1,1
997,1,0,1,0,0,0,0,0,0,1,1,1
998,1,0,0,1,1,1,1,0,0,0,0,0
999,1,0,0,1,1,1,0,1,0,0,0,0
1000,1,0,0,1,1,1,0,0,1,0,0,0
1001,1,0,0,1,1,1,0,0,0,1,0,0
1002,1,0,0,1,1,1,0,0,0,0,1,0
1003,1,0,0,1,1,1,0,0,0,0,0,1
1004,1,0,0,1,1,0,1,1,0,0,0,0
1005,1,0,0,1,1,0,1,0,1,0,0,0
1006,1,0,0,1,1,0,1,0,0,1,0,0
1007,1,0,0,1,1,0,1,0,0,0,1,0
1008,1,0,0,1,1,0,1,0,0,0,0,1
1009,1,0,0,1,1,0,0,1,1,0,0,0
1010,1,0,0,1,1,0,0,1,0,1,0,0
1011,1,0,0,1,1,0,0,1,0,0,1,0
1012,1,0,0,1,1,0,0,1,0,0,0,1
1013,1,0,0,1,1,0,0,0,1,1,0,0
1014,1,0,0,1,1,0,0,0,1,0,1,0
1015,1,0,0,1,1,0,0,0,1,0,0,1
1016,1,0,0,1,1,0,0,0,0,1,1,0
1017,1,0,0,1,1,0,0,0,0,1,0,1
1018,1,0,0,1,1,0,0,0,0,0,1,1
1019,1,0,0,1,0,1,1,1,0,0,0,0
1020,1,0,0,1,0,1,1,0,1,0,0,0
1021,1,0,0,1,0,1,1,0,0,1,0,0
1022,1,0,0,1,0,1,1,0,0,0,1,0
1023,1,0,0,1,0,1,1,0,0,0,0,1
1024,1,0,0,1,0,1,0,1,1,0,0,0
1025,1,0,0,1,0,1,0,1,0,1,0,0
1026,1,0,0,1,0,1,0,1,0,0,1,0
1027,1,0,0,1,0,1,0,1,0,0,0,1
1028,1,0,0,1,0,1,0,0,1,1,0,0
1029,1,0,0,1,0,1,0,0,1,0,1,0
1030,1,0,0,1,0,1,0,0,1,0,0,1
1031,1,0,0,1,0,1,0,0,0,1,1,0
1032,1,0,0,1,0,1,0,0,0,1,0,1
1033,1,0,0,1,0,1,0,0,0,0,1,1
1034,1,0,0,1,0,0,1,1,1,0,0,0
1035,1,0,0,1,0,0,1,1,0,1,0,0
1036,1,0,0,1,0,0,1,1,0,0,1,0
1037,1,0,0,1,0,0,1,1,0,0,0,1
1038,1,0,0,1,0,0,1,0,1,1,0,0
1039,1,0,0,1,0,0,1,0,1,0,1,0
1040,1,0,0,1,0,0,1,0,1,0,0,1
1041,1,0,0,1,0,0,1,0,0,1,1,0
1042,1,0,0,1,0,0,1,0,0,1,0,1
1043,1,0,0,1,0,0,1,0,0,0,1,1
1044,1,0,0,1,0,0,0,1,1,1,0,0
1045,1,0,0,1,0,0,0,1,1,0,1,0
1046,1,0,0,1,0,0,0,1,1,0,0,1
1047,1,0,0,1,0,0,0,1,0,1,1,0
1048,1,0,0,1,0,0,0,1,0,1,0,1
1049,1,0,0,1,0,0,0,1,0,0,1,1
1050,1,0,0,1,0,0,0,0,1,1,1,0
1051,1,0,0,1,0,0,0,0,1,1,0,1
1052,1,0,0,1,0,0,0,0,1,0,1,1
1053,1,0,0,1,0,0,0,0,0,1,1,1
1054,1,0,0,0,1,1,1,1,0,0,0,0
1055,1,0,0,0,1,1,1,0,1,0,0,0
1056,1,0,0,0,1,1,1,0,0,1,0,0
1057,1,0,0,0,1,1,1,0,0,0,1,0
1058,1,0,0,0,1,1,1,0,0,0,0,1
1059,1,0,0,0,1,1,0,1,1,0,0,0
1060,1,0,0,0,1,1,0,1,0,1,0,0
1061,1,0,0,0,1,1,0,1,0,0,1,0
1062,1,0,0,0,1,1,0,1,0,0,0,1
1063,1,0,0,0,1,1,0,0,1,1,0,0
1064,1,0,0,0,1,1,0,0,1,0,1,0
1065,1,0,0,0,1,1,0,0,1,0,0,1
1066,1,0,0,0,1,1,0,0,0,1,1,0
1067,1,0,0,0,1,1,0,0,0,1,0,1
1068,1,0,0,0,1,1,0,0,0,0,1,1
1069,1,0,0,0,1,0,1,1,1,0,0,0
1070,1,0,0,0,1,0,1,1,0,1,0,0
1071,1,0,0,0,1,0,1,1,0,0,1,0
1072,1,0,0,0,1,0,1,1,0,0,0,1
1073,1,0,0,0,1,0,1,0,1,1,0,0
1074,1,0,0,0,1,0,1,0,1,0,1,0
1075,1,0,0,0,1,0,1,0,1,0,0,1
1076,1,0,0,0,1,0,1,0,0,1,1,0
1077,1,0,0,0,1,0,1,0,0,1,0,1
1078,1,0,0,0,1,0,1,0,0,0,1,1
1079,1,0,0,0,1,0,0,1,1,1,0,0
1080,1,0,0,0,1,0,0,1,1,0,1,0
1081,1,0,0,0,1,0,0,1,1,0,0,1
1082,1,0,0,0,1,0,0,1,0,1,1,0
1083,1,0,0,0,1,0,0,1,0,1,0,1
1084,1,0,0,0,1,0,0,1,0,0,1,1
1085,1,0,0,0,1,0,0,0,1,1,1,0
1086,1,0,0,0,1,0,0,0,1,1,0,1
1087,1,0,0,0,1,0,0,0,1,0,1,1
1088,1,0,0,0,1,0,0,0,0,1,1,1
1089,1,0,0,0,0,1,1,1,1,0,0,0
1090,1,0,0,0,0,1,1,1,0,1,0,0
1091,1,0,0,0,0,1,1,1,0,0,1,0
1092,1,0,0,0,0,1,1,1,0,0,0,1
1093,1,0,0,0,0,1,1,0,1,1,0,0
1094,1,0,0,0,0,1,1,0,1,0,1,0
1095,1,0,0,0,0,1,1,0,1,0,0,1
1096,1,0,0,0,0,1,1,0,0,1,1,0
1097,1,0,0,0,0,1,1,0,0,1,0,1
1098,1,0,0,0,0,1,1,0,0,0,1,1
1099,1,0,0,0,0,1,0,1,1,1,0,0
1100,1,0,0,0,0,1,0,1,1,0,1,0
1101,1,0,0,0,0,1,0,1,1,0,0,1
1102,1,0,0,0,0,1,0,1,0,1,1,0
1103,1,0,0,0,0,1,0,1,0,1,0,1
1104,1,0,0,0,0,1,0,1,0,0,1,1
1105,1,0,0,0,0,1,0,0,1,1,1,0
1106,1,0,0,0,0,1,0,0,1,1,0,1
1107,1,0,0,0,0,1,0,0,1,0,1,1
1108,1,0,0,0,0,1,0,0,0,1,1,1
1109,1,0,0,0,0,0,1,1,1,1,0,0
1110,1,0,0,0,0,0,1,1,1,0,1,0
1111,1,0,0,0,0,0,1,1,1,0,0,1
1112,1,0,0,0,0,0,1,1,0,1,1,0
1113,1,0,0,0,0,0,1,1,0,1,0,1
1114,1,0,0,0,0,0,1,1,0,0,1,1
1115,1,0,0,0,0,0,1,0,1,1,1,0
1116,1,0,0,0,0,0,1,0,1,1,0,1
1117,1,0,0,0,0,0,1,0,1,0,1,1
1118,1,0,0,0,0,0,1,0,0,1,1,1
1119,1,0,0,0,0,0,0,1,1,1,1,0
1120,1,0,0,0,0,0,0,1,1,1,0,1
1121,1,0,0,0,0,0,0,1,1,0,1,1
1122,1,0,0,0,0,0,0,1,0,1,1,1
1123,1,0,0,0,0,0,0,0,1,1,1,1
1124,0,1,1,1,1,1,0,0,0,0,0,0
1125,0,1,1,1,1,0,1,0,0,0,0,0
1126,0,1,1,1,1,0,0,1,0,0,0,0
1127,0,1,1,1,1,0,0,0,1,0,0,0
1128,0,1,1,1,1,0,0,0,0,1,0,0
1129,0,1,1,1,1,0,0,0,0,0,1,0
1130,0,1,1,1,1,0,0,0,0,0,0,1
1131,0,1,1,1,0,1,1,0,0,0,0,0
1132,0,1,1,1,0,1,0,1,0,0,0,0
1133,0,1,1,1,0,1,0,0,1,0,0,0
1134,0,1,1,1,0,1,0,0,0,1,0,0
1135,0,1,1,1,0,1,0,0,0,0,1,0
1136,0,1,1,1,0,1,0,0,0,0,0,1
1137,0,1,1,1,0,0,1,1,0,0,0,0
1138,0,1,1,1,0,0,1,0,1,0,0,0
1139,0,1,1,1,0,0,1,0,0,1,0,0
1140,0,1,1,1,0,0,1,0,0,0,1,0
1141,0,1,1,1,0,0,1,0,0,0,0,1
1142,0,1,1,1,0,0,0,1,1,0,0,0
1143,0,1,1,1,0,0,0,1,0,1,0,0
1144,0,1,1,1,0,0,0,1,0,0,1,0
1145,0,1,1,1,0,0,0,1,0,0,0,1
1146,0,1,1,1,0,0,0,0,1,1,0,0
1147,0,1,1,1,0,0,0,0,1,0,1,0
1148,0,1,1,1,0,0,0,0,1,0,0,1
1149,0,1,1,1,0,0,0,0,0,1,1,0
1150,0,1,1,1,0,0,0,0,0,1,0,1
1151,0,1,1,1,0,0,0,0,0,0,1,1
1152,0,1,1,0,1,1,1,0,0,0,0,0
1153,0,1,1,0,1,1,0,1,0,0,0,0
1154,0,1,1,0,1,1,0,0,1,0,0,0
1155,0,1,1,0,1,1,0,0,0,1,0,0
1156,0,1,1,0,1,1,0,0,0,0,1,0
1157,0,1,1,0,1,1,0,0,0,0,0,1
1158,0,1,1,0,1,0,1,1,0,0,0,0
1159,0,1,1,0,1,0,1,0,1,0,0,0
1160,0,1,1,0,1,0,1,0,0,1,0,0
1161,0,1,1,0,1,0,1,0,0,0,1,0
1162,0,1,1,0,1,0,1,0,0,0,0,1
1163,0,1,1,0,1,0,0,1,1,0,0,0
1164,0,1,1,0,1,0,0,1,0,1,0,0
1165,0,1,1,0,1,0,0,1,0,0,1,0
1166,0,1,1,0,1,0,0,1,0,0,0,1
1167,0,1,1,0,1,0,0,0,1,1,0,0
1168,0,1,1,0,1,0,0,0,1,0,1,0
1169,0,1,1,0,1,0,0,0,1,0,0,1
1170,0,1,1,0,1,0,0,0,0,1,1,0
1171,0,1,1,0,1,0,0,0,0,1,0,1
1172,0,1,1,0,1,0,0,0,0,0,1,1
1173,0,1,1,0,0,1,1,1,0,0,0,0
1174,0,1,1,0,0,1,1,0,1,0,0,0
1175,0,1,1,0,0,1,1,0,0,1,0,0
1176,0,1,1,0,0,1,1,0,0,0,1,0
1177,0,1,1,0,0,1,1,0,0,0,0,1
1178,0,1,1,0,0,1,0,1,1,0,0,0
1179,0,1,1,0,0,1,0,1,0,1,0,0
1180,0,1,1,0,0,1,0,1,0,0,1,0
1181,0,1,1,0,0,1,0,1,0,0,0,1
1182,0,1,1,0,0,1,0,0,1,1,0,0
1183,0,1,1,0,0,1,0,0,1,0,1,0
1184,0,1,1,0,0,1,0,0,1,0,0,1
1185,0,1,1,0,0,1,0,0,0,1,1,0
1186,0,1,1,0,0,1,0,0,0,1,0,1
1187,0,1,1,0,0,1,0,0,0,0,1,1
1188,0,1,1,0,0,0,1,1,1,0,0,0
1189,0,1,1,0,0,0,1,1,0,1,0,0
1190,0,1,1,0,0,0,1,1,0,0,1,0
1191,0,1,1,0,0,0,1,1,0,0,0,1
1192,0,1,1,0,0,0,1,0,1,1,0,0
1193,0,1,1,0,0,0,1,0,1,0,1,0
1194,0,1,1,0,0,0,1,0,1,0,0,1
1195,0,1,1,0,0,0,1,0,0,1,1,0
1196,0,1,1,0,0,0,1,0,0,1,0,1
1197,0,1,1,0,0,0,1,0,0,0,1,1
1198,0,1,1,0,0,0,0,1,1,1,0,0
1199,0,1,1,0,0,0,0,1,1,0,1,0
1200,0,1,1,0,0,0,0,1,1,0,0,1
1201,0,1,1,0,0,0,0,1,0,1,1,0
1202,0,1,1,0,0,0,0,1,0,1,0,1
1203,0,1,1,0,0,0,0,1,0,0,1,1
1204,0,1,1,0,0,0,0,0,1,1,1,0
1205,0,1,1,0,0,0,0,0,1,1,0,1
1206,0,1,1,0,0,0,0,0,1,0,1,1
1207,0,1,1,0,0,0,0,0,0,1,1,1
1208,0,1,0,1,1,1,1,0,0,0,0,0
1209,0,1,0,1,1,1,0,1,0,0,0,0
1210,0,1,0,1,1,1,0,0,1,0,0,0
1211,0,1,0,1,1,1,0,0,0,1,0,0
1212,0,1,0,1,1,1,0,0,0,0,1,0
1213,0,1,0,1,1,1,0,0,0,0,0,1
1214,0,1,0,1,1,0,1,1,0,0,0,0
1215,0,1,0,1,1,0,1,0,1,0,0,0
1216,0,1,0,1,1,0,1,0,0,1,0,0
1217,0,1,0,1,1,0,1,0,0,0,1,0
1218,0,1,0,1,1,0,1,0,0,0,0,1
1219,0,1,0,1,1,0,0,1,1,0,0,0
1220,0,1,0,1,1,0,0,1,0,1,0,0
1221,0,1,0,1,1,0,0,1,0,0,1,0
1222,0,1,0,1,1,0,0,1,0,0,0,1
1223,0,1,0,1,1,0,0,0,1,1,0,0
1224,0,1,0,1,1,0,0,0,1,0,1,0
1225,0,1,0,1,1,0,0,0,1,0,0,1
1226,0,1,0,1,1,0,0,0,0,1,1,0
1227,0,1,0,1,1,0,0,0,0,1,0,1
1228,0,1,0,1,1,0,0,0,0,0,1,1
1229,0,1,0,1,0,1,1,1,0,0,0,0
1230,0,1,0,1,0,1,1,0,1,0,0,0
1231,0,1,0,1,0,1,1,0,0,1,0,0
1232,0,1,0,1,0,1,1,0,0,0,1,0
1233,0,1,0,1,0,1,1,0,0,0,0,1
1234,0,1,0,1,0,1,0,1,1,0,0,0
1235,0,1,0,1,0,1,0,1,0,1,0,0
1236,0,1,0,1,0,1,0,1,0,0,1,0
1237,0,1,0,1,0,1,0,1,0,0,0,1
1238,0,1,0,1,0,1,0,0,1,1,0,0
1239,0,1,0,1,0,1,0,0,1,0,1,0
1240,0,1,0,1,0,1,0,0,1,0,0,1
1241,0,1,0,1,0,1,0,0,0,1,1,0
1242,0,1,0,1,0,1,0,0,0,1,0,1
1243,0,1,0,1,0,1,0,0,0,0,1,1
1244,0,1,0,1,0,0,1,1,1,0,0,0
1245,0,1,0,1,0,0,1,1,0,1,0,0
1246,0,1,0,1,0,0,1,1,0,0,1,0
1247,0,1,0,1,0,0,1,1,0,0,0,1
1248,0,1,0,1,0,0,1,0,1,1,0,0
1249,0,1,0,1,0,0,1,0,1,0,1,0
1250,0,1,0,1,0,0,1,0,1,0,0,1
1251,0,1,0,1,0,0,1,0,0,1,1,0
1252,0,1,0,1,0,0,1,0,0,1,0,1
1253,0,1,0,1,0,0,1,0,0,0,1,1
1254,0,1,0,1,0,0,0,1,1,1,0,0
1255,0,1,0,1,0,0,0,1,1,0,1,0
1256,0,1,0,1,0,0,0,1,1,0,0,1
1257,0,1,0,1,0,0,0,1,0,1,1,0
1258,0,1,0,1,0,0,0,1,0,1,0,1
1259,0,1,0,1,0,0,0,1,0,0,1,1
1260,0,1,0,1,0,0,0,0,1,1,1,0
1261,0,1,0,1,0,0,0,0,1,1,0,1
1262,0,1,0,1,0,0,0,0,1,0,1,1
1263,0,1,0,1,0,0,0,0,0,1,1,1
1264,0,1,0,0,1,1,1,1,0,0,0,0
1265,0,1,0,0,1,1,1,0,1,0,0,0
1266,0,1,0,0,1,1,1,0,0,1,0,0
1267,0,1,0,0,1,1,1,0,0,0,1,0
1268,0,1,0,0,1,1,1,0,0,0,0,1
1269,0,1,0,0,1,1,0,1,1,0,0,0
1270,0,1,0,0,1,1,0,1,0,1,0,0
1271,0,1,0,0,1,1,0,1,0,0,1,0
1272,0,1,0,0,1,1,0,1,0,0,0,1
1273,0,1,0,0,1,1,0,0,1,1,0,0
1274,0,1,0,0,1,1,0,0,1,0,1,0
1275,0,1,0,0,1,1,0,0,1,0,0,1
1276,0,1,0,0,1,1,0,0,0,1,1,0
1277,0,1,0,0,1,1,0,0,0,1,0,1
1278,0,1,0,0,1,1,0,0,0,0,1,1
1279,0,1,0,0,1,0,1,1,1,0,0,0
1280,0,1,0,0,1,0,1,1,0,1,0,0
1281,0,1,0,0,1,0,1,1,0,0,1,0
1282,0,1,0,0,1,0,1,1,0,0,0,1
1283,0,1,0,0,1,0,1,0,1,1,0,0
1284,0,1,0,0,1,0,1,0,1,0,1,0
1285,0,1,0,0,1,0,1,0,1,0,0,1
1286,0,1,0,0,1,0,1,0,0,1,1,0
1287,0,1,0,0,1,0,1,0,0,1,0,1
1288,0,1,0,0,1,0,1,0,0,0,1,1
1289,0,1,0,0,1,0,0,1,1,1,0,0
1290,0,1,0,0,1,0,0,1,1,0,1,0
1291,0,1,0,0,1,0,0,1,1,0,0,1
1292,0,1,0,0,1,0,0,1,0,1,1,0
1293,0,1,0,0,1,0,0,1,0,1,0,1
1294,0,1,0,0,1,0,0,1,0,0,1,1
1295,0,1,0,0,1,0,0,0,1,1,1,0
1296,0,1,0,0,1,0,0,0,1,1,0,1
1297,0,1,0,0,1,0,0,0,1,0,1,1
1298,0,1,0,0,1,0,0,0,0,1,1,1
1299,0,1,0,0,0,1,1,1,1,0,0,0
1300,0,1,0,0,0,1,1,1,0,1,0,0
1301,0,1,0,0,0,1,1,1,0,0,1,0
1302,0,1,0,0,0,1,1,1,0,0,0,1
1303,0,1,0,0,0,1,1,0,1,1,0,0
1304,0,1,0,0,0,1,1,0,1,0,1,0
1305,0,1,0,0,0,1,1,0,1,0,0,1
1306,0,1,0,0,0,1,1,0,0,1,1,0
1307,0,1,0,0,0,1,1,0,0,1,0,1
1308,0,1,0,0,0,1,1,0,0,0,1,1
1309,0,1,0,0,0,1,0,1,1,1,0,0
1310,0,1,0,0,0,1,0,1,1,0,1,0
1311,0,1,0,0,0,1,0,1,1,0,0,1
1312,0,1,0,0,0,1,0,1,0,1,1,0
1313,0,1,0,0,0,1,0,1,0,1,0,1
1314,0,1,0,0,0,1,0,1,0,0,1,1
1315,0,1,0,0,0,1,0,0,1,1,1,0
1316,0,1,0,0,0,1,0,0,1,1,0,1
1317,0,1,0,0,0,1,0,0,1,0,1,1
1318,0,1,0,0,0,1,0,0,0,1,1,1
1319,0,1,0,0,0,0,1,1,1,1,0,0
1320,0,1,0,0,0,0,1,1,1,0,1,0
1321,0,1,0,0,0,0,1,1,1,0,0,1
1322,0,1,0,0,0,0,1,1,0,1,1,0
1323,0,1,0,0,0,0,1,1,0,1,0,1
1324,0,1,0,0,0,0,1,1,0,0,1,1
1325,0,1,0,0,0,0,1,0,1,1,1,0
1326,0,1,0,0,0,0,1,0,1,1,0,1
1327,0,1,0,0,0,0,1,0,1,0,1,1
1328,0,1,0,0,0,0,1,0,0,1,1,1
1329,0,1,0,0,0,0,0,1,1,1,1,0
1330,0,1,0,0,0,0,0,1,1,1,0,1
1331,0,1,0,0,0,0,0,1,1,0,1,1
1332,0,1,0,0,0,0,0,1,0,1,1,1
1333,0,1,0,0,0,0,0,0,1,1,1,1
1334,0,0,1,1,1,1,1,0,0,0,0,0
1335,0,0,1,1,1,1,0,1,0,0,0,0
1336,0,0,1,1,1,1,0,0,1,0,0,0
1337,0,0,1,1,1,1,0,0,0,1,0,0
1338,0,0,1,1,1,1,0,0,0,0,1,0
1339,0,0,1,1,1,1,0,0,0,0,0,1
1340,0,0,1,1,1,0,1,1,0,0,0,0
1341,0,0,1,1,1,0,1,0,1,0,0,0
1342,0,0,1,1,1,0,1,0,0,1,0,0
1343,0,0,1,1,1,0,1,0,0,0,1,0
1344,0,0,1,1,1,0,1,0,0,0,0,1
1345,0,0,1,1,1,0,0,1,1,0,0,0
1346,0,0,1,1,1,0,0,1,0,1,0,0
1347,0,0,1,1,1,0,0,1,0,0,1,0
1348,0,0,1,1,1,0,0,1,0,0,0,1
1349,0,0,1,1,1,0,0,0,1,1,0,0
1350,0,0,1,1,1,0,0,0,1,0,1,0
1351,0,0,1,1,1,0,0,0,1,0,0,1
1352,0,0,1,1,1,0,0,0,0,1,1,0
1353,0,0,1,1,1,0,0,0,0,1,0,1
1354,0,0,1,1,1,0,0,0,0,0,1,1
1355,0,0,1,1,0,1,1,1,0,0,0,0
1356,0,0,1,1,0,1,1,0,1,0,0,0
1357,0,0,1,1,0,1,1,0,0,1,0,0
1358,0,0,1,1,0,1,1,0,0,0,1,0
1359,0,0,1,1,0,1,1,0,0,0,0,1
1360,0,0,1,1,0,1,0,1,1,0,0,0
1361,0,0,1,1,0,1,0,1,0,1,0,0
1362,0,0,1,1,0,1,0,1,0,0,1,0
1363,0,0,1,1,0,1,0,1,0,0,0,1
1364,0,0,1,1,0,1,0,0,1,1,0,0
1365,0,0,1,1,0,1,0,0,1,0,1,0
1366,0,0,1,1,0,1,0,0,1,0,0,1
1367,0,0,1,1,0,1,0,0,0,1,1,0
1368,0,0,1,1,0,1,0,0,0,1,0,1
1369,0,0,1,1,0,1,0,0,0,0,1,1
1370,0,0,1,1,0,0,1,1,1,0,0,0
1371,0,0,1,1,0,0,1,1,0,1,0,0
1372,0,0,1,1,0,0,1,1,0,0,1,0
1373,0,0,1,1,0,0,1,1,0,0,0,1
1374,0,0,1,1,0,0,1,0,1,1,0,0
1375,0,0,1,1,0,0,1,0,1,0,1,0
1376,0,0,1,1,0,0,1,0,1,0,0,1
1377,0,0,1,1,0,0,1,0,0,1,1,0
1378,0,0,1,1,0,0,1,0,0,1,0,1
1379,0,0,1,1,0,0,1,0,0,0,1,1
1380,0,0,1,1,0,0,0,1,1,1,0,0
1381,0,0,1,1,0,0,0,1,1,0,1,0
1382,0,0,1,1,0,0,0,1,1,0,0,1
1383,0,0,1,1,0,0,0,1,0,1,1,0
1384,0,0,1,1,0,0,0,1,0,1,0,1
1385,0,0,1,1,0,0,0,1,0,0,1,1
1386,0,0,1,1,0,0,0,0,1,1,1,0
1387,0,0,1,1,0,0,0,0,1,1,0,1
1388,0,0,1,1,0,0,0,0,1,0,1,1
1389,0,0,1,1,0,0,0,0,0,1,1,1
1390,0,0,1,0,1,1,1,1,0,0,0,0
1391,0,0,1,0,1,1,1,0,1,0,0,0
1392,0,0,1,0,1,1,1,0,0,1,0,0
1393,0,0,1,0,1,1,1,0,0,0,1,0
1394,0,0,1,0,1,1,1,0,0,0,0,1
1395,0,0,1,0,1,1,0,1,1,0,0,0
1396,0,0,1,0,1,1,0,1,0,1,0,0
1397,0,0,1,0,1,1,0,1,0,0,1,0
1398,0,0,1,0,1,1,0,1,0,0,0,1
1399,0,0,1,0,1,1,0,0,1,1,0,0
1400,0,0,1,0,1,1,0,0,1,0,1,0
1401,0,0,1,0,1,1,0,0,1,0,0,1
1402,0,0,1,0,1,1,0,0,0,1,1,0
1403,0,0,1,0,1,1,0,0,0,1,0,1
1404,0,0,1,0,1,1,0,0,0,0,1,1
1405,0,0,1,0,1,0,1,1,1,0,0,0
1406,0,0,1,0,1,0,1,1,0,1,0,0
1407,0,0,1,0,1,0,1,1,0,0,1,0
1408,0,0,1,0,1,0,1,1,0,0,0,1
1409,0,0,1,0,1,0,1,0,1,1,0,0
1410,0,0,1,0,1,0,1,0,1,0,1,0
1411,0,0,1,0,1,0,1,0,1,0,0,1
1412,0,0,1,0,1,0,1,0,0,1,1,0
1413,0,0,1,0,1,0,1,0,0,1,0,1
1414,0,0,1,0,1,0,1,0,0,0,1,1
1415,0,0,1,0,1,0,0,1,1,1,0,0
1416,0,0,1,0,1,0,0,1,1,0,1,0
1417,0,0,1,0,1,0,0,1,1,0,0,1
1418,0,0,1,0,1,0,0,1,0,1,1,0
1419,0,0,1,0,1,0,0,1,0,1,0,1
1420,0,0,1,0,1,0,0,1,0,0,1,1
1421,0,0,1,0,1,0,0,0,1,1,1,0
1422,0,0,1,0,1,0,0,0,1,1,0,1
1423,0,0,1,0,1,0,0,0,1,0,1,1
1424,0,0,1,0,1,0,0,0,0,1,1,1
1425,0,0,1,0,0,1,1,1,1,0,0,0
1426,0,0,1,0,0,1,1,1,0,1,0,0
1427,0,0,1,0,0,1,1,1,0,0,1,0
1428,0,0,1,0,0,1,1,1,0,0,0,1
1429,0,0,1,0,0,1,1,0,1,1,0,0
1430,0,0,1,0,0,1,1,0,1,0,1,0
1431,0,0,1,0,0,1,1,0,1,0,0,1
1432,0,0,1,0,0,1,1,0,0,1,1,0
1433,0,0,1,0,0,1,1,0,0,1,0,1
1434,0,0,1,0,0,1,1,0,0,0,1,1
1435,0,0,1,0,0,1,0,1,1,1,0,0
1436,0,0,1,0,0,1,0,1,1,0,1,0
1437,0,0,1,0,0,1,0,1,1,0,0,1
1438,0,0,1,0,0,1,0,1,0,1,1,0
1439,0,0,1,0,0,1,0,1,0,1,0,1
1440,0,0,1,0,0,1,0,1,0,0,1,1
1441,0,0,1,0,0,1,0,0,1,1,1,0
1442,0,0,1,0,0,1,0,0,1,1,0,1
1443,0,0,1,0,0,1,0,0,1,0,1,1
1444,0,0,1,0,0,1,0,0,0,1,1,1
1445,0,0,1,0,0,0,1,1,1,1,0,0
1446,0,0,1,0,0,0,1,1,1,0,1,0
1447,0,0,1,0,0,0,1,1,1,0,0,1
1448,0,0,1,0,0,0,1,1,0,1,1,0
1449,0,0,1,0,0,0,1,1,0,1,0,1
1450,0,0,1,0,0,0,1,1,0,0,1,1
1451,0,0,1,0,0,0,1,0,1,1,1,0
1452,0,0,1,0,0,0,1,0,1,1,0,1
1453,0,0,1,0,0,0,1,0,1,0,1,1
1454,0,0,1,0,0,0,1,0,0,1,1,1
1455,0,0,1,0,0,0,0,1,1,1,1,0
1456,0,0,1,0,0,0,0,1,1,1,0,1
1457,0,0,1,0,0,0,0,1,1,0,1,1
1458,0,0,1,0,0,0,0,1,0,1,1,1
1459,0,0,1,0,0,0,0,0,1,1,1,1
1460,0,0,0,1,1,1,1,1,0,0,0,0
1461,0,0,0,1,1,1,1,0,1,0,0,0
1462,0,0,0,1,1,1,1,0,0,1,0,0
1463,0,0,0,1,1,1,1,0,0,0,1,0
1464,0,0,0,1,1,1,1,0,0,0,0,1
1465,0,0,0,1,1,1,0,1,1,0,0,0
1466,0,0,0,1,1,1,0,1,0,1,0,0
1467,0,0,0,1,1,1,0,1,0,0,1,0
1468,0,0,0,1,1,1,0,1,0,0,0,1
1469,0,0,0,1,1,1,0,0,1,1,0,0
1470,0,0,0,1,1,1,0,0,1,0,1,0
1471,0,0,0,1,1,1,0,0,1,0,0,1
1472,0,0,0,1,1,1,0,0,0,1,1,0
1473,0,0,0,1,1,1,0,0,0,1,0,1
1474,0,0,0,1,1,1,0,0,0,0,1,1
1475,0,0,0,1,1,0,1,1,1,0,0,0
1476,0,0,0,1,1,0,1,1,0,1,0,0
1477,0,0,0,1,1,0,1,1,0,0,1,0
1478,0,0,0,1,1,0,1,1,0,0,0,1
1479,0,0,0,1,1,0,1,0,1,1,0,0
1480,0,0,0,1,1,0,1,0,1,0,1,0
1481,0,0,0,1,1,0,1,0,1,0,0,1
1482,0,0,0,1,1,0,1,0,0,1,1,0
1483,0,0,0,1,1,0,1,0,0,1,0,1
1484,0,0,0,1,1,0,1,0,0,0,1,1
1485,0,0,0,1,1,0,0,1,1,1,0,0
1486,0,0,0,1,1,0,0,1,1,0,1,0
1487,0,0,0,1,1,0,0,1,1,0,0,1
1488,0,0,0,1,1,0,0,1,0,1,1,0
1489,0,0,0,1,1,0,0,1,0,1,0,1
1490,0,0,0,1,1,0,0,1,0,0,1,1
1491,0,0,0,1,1,0,0,0,1,1,1,0
1492,0,0,0,1,1,0,0,0,1,1,0,1
1493,0,0,0,1,1,0,0,0,1,0,1,1
1494,0,0,0,1,1,0,0,0,0,1,1,1
1495,0,0,0,1,0,1,1,1,1,0,0,0
1496,0,0,0,1,0,1,1,1,0,1,0,0
1497,0,0,0,1,0,1,1,1,0,0,1,0
1498,0,0,0,1,0,1,1,1,0,0,0,1
1499,0,0,0,1,0,1,1,0,1,1,0,0
1500,0,0,0,1,0,1,1,0,1,0,1,0
1501,0,0,0,1,0,1,1,0,1,0,0,1
1502,0,0,0,1,0,1,1,0,0,1,1,0
1503,0,0,0,1,0,1,1,0,0,1,0,1
1504,0,0,0,1,0,1,1,0,0,0,1,1
1505,0,0,0,1,0,1,0,1,1,1,0,0
1506,0,0,0,1,0,1,0,1,1,0,1,0
1507,0,0,0,1,0,1,0,1,1,0,0,1
1508,0,0,0,1,0,1,0,1,0,1,1,0
1509,0,0,0,1,0,1,0,1,0,1,0,1
1510,0,0,0,1,0,1,0,1,0,0,1,1
1511,0,0,0,1,0,1,0,0,1,1,1,0
1512,0,0,0,1,0,1,0,0,1,1,0,1
1513,0,0,0,1,0,1,0,0,1,0,1,1
1514,0,0,0,1,0,1,0,0,0,1,1,1
1515,0,0,0,1,0,0,1,1,1,1,0,0
1516,0,0,0,1,0,0,1,1,1,0,1,0
1517,0,0,0,1,0,0,1,1,1,0,0,1
1518,0,0,0,1,0,0,1,1,0,1,1,0
1519,0,0,0,1,0,0,1,1,0,1,0,1
1520,0,0,0,1,0,0,1,1,0,0,1,1
1521,0,0,0,1,0,0,1,0,1,1,1,0
1522,0,0,0,1,0,0,1,0,1,1,0,1
1523,0,0,0,1,0,0,1,0,1,0,1,1
1524,0,0,0,1,0,0,1,0,0,1,1,1
1525,0,0,0,1,0,0,0,1,1,1,1,0
1526,0,0,0,1,0,0,0,1,1,1,0,1
1527,0,0,0,1,0,0,0,1,1,0,1,1
1528,0,0,0,1,0,0,0,1,0,1,1,1
1529,0,0,0,1,0,0,0,0,1,1,1,1
1530,0,0,0,0,1,1,1,1,1,0,0,0
1531,0,0,0,0,1,1,1,1,0,1,0,0
1532,0,0,0,0,1,1,1,1,0,0,1,0
1533,0,0,0,0,1,1,1,1,0,0,0,1
1534,0,0,0,0,1,1,1,0,1,1,0,0
1535,0,0,0,0,1,1,1,0,1,0,1,0
1536,0,0,0,0,1,1,1,0,1,0,0,1
1537,0,0,0,0,1,1,1,0,0,1,1,0
1538,0,0,0,0,1,1,1,0,0,1,0,1
1539,0,0,0,0,1,1,1,0,0,0,1,1
1540,0,0,0,0,1,1,0,1,1,1,0,0
1541,0,0,0,0,1,1,0,1,1,0,1,0
1542,0,0,0,0,1,1,0,1,1,0,0,1
1543,0,0,0,0,1,1,0,1,0,1,1,0
1544,0,0,0,0,1,1,0,1,0,1,0,1
1545,0,0,0,0,1,1,0,1,0,0,1,1
1546,0,0,0,0,1,1,0,0,1,1,1,0
1547,0,0,0,0,1,1,0,0,1,1,0,1
1548,0,0,0,0,1,1,0,0,1,0,1,1
1549,0,0,0,0,1,1,0,0,0,1,1,1
1550,0,0,0,0,1,0,1,1,1,1,0,0
1551,0,0,0,0,1,0,1,1,1,0,1,0
1552,0,0,0,0,1,0,1,1,1,0,0,1
1553,0,0,0,0,1,0,1,1,0,1,1,0
1554,0,0,0,0,1,0,1,1,0,1,0,1
1555,0,0,0,0,1,0,1,1,0,0,1,1
1556,0,0,0,0,1,0,1,0,1,1,1,0
1557,0,0,0,0,1,0,1,0,1,1,0,1
1558,0,0,0,0,1,0,1,0,1,0,1,1
1559,0,0,0,0,1,0,1,0,0,1,1,1
1560,0,0,0,0,1,0,0,1,1,1,1,0
1561,0,0,0,0,1,0,0,1,1,1,0,1
1562,0,0,0,0,1,0,0,1,1,0,1,1
1563,0,0,0,0,1,0,0,1,0,1,1,1
1564,0,0,0,0,1,0,0,0,1,1,1,1
1565,0,0,0,0,0,1,1,1,1,1,0,0
1566,0,0,0,0,0,1,1,1,1,0,1,0
1567,0,0,0,0,0,1,1,1,1,0,0,1
1568,0,0,0,0,0,1,1,1,0,1,1,0
1569,0,0,0,0,0,1,1,1,0,1,0,1
1570,0,0,0,0,0,1,1,1,0,0,1,1
1571,0,0,0,0,0,1,1,0,1,1,1,0
1572,0,0,0,0,0,1,1,0,1,1,0,1
1573,0,0,0,0,0,1,1,0,1,0,1,1
1574,0,0,0,0,0,1,1,0,0,1,1,1
1575,0,0,0,0,0,1,0,1,1,1,1,0
1576,0,0,0,0,0,1,0,1,1,1,0,1
1577,0,0,0,0,0,1,0,1,1,0,1,1
1578,0,0,0,0,0,1,0,1,0,1,1,1
1579,0,0,0,0,0,1,0,0,1,1,1,1
1580,0,0,0,0,0,0,1,1,1,1,1,0
1581,0,0,0,0,0,0,1,1,1,1,0,1
1582,0,0,0,0,0,0,1,1,1,0,1,1
1583,0,0,0,0,0,0,1,1,0,1,1,1
1584,0,0,0,0,0,0,1,0,1,1,1,1
1585,0,0,0,0,0,0,0,1,1,1,1,1
1586,1,1,1,1,1,1,0,0,0,0,0,0
1587,1,1,1,1,1,0,1,0,0,0,0,0
1588,1,1,1,1,1,0,0,1,0,0,0,0
1589,1,1,1,1,1,0,0,0,1,0,0,0
1590,1,1,1,1,1,0,0,0,0,1,0,0
1591,1,1,1,1,1,0,0,0,0,0,1,0
1592,1,1,1,1,1,0,0,0,0,0,0,1
1593,1,1,1,1,0,1,1,0,0,0,0,0
1594,1,1,1,1,0,1,0,1,0,0,0,0
1595,1,1,1,1,0,1,0,0,1,0,0,0
1596,1,1,1,1,0,1,0,0,0,1,0,0
1597,1,1,1,1,0,1,0,0,0,0,1,0
1598,1,1,1,1,0,1,0,0,0,0,0,1
1599,1,1,1,1,0,0,1,1,0,0,0,0
1600,1,1,1,1,0,0,1,0,1,0,0,0
1601,1,1,1,1,0,0,1,0,0,1,0,0
1602,1,1,1,1,0,0,1,0,0,0,1,0
1603,1,1,1,1,0,0,1,0,0,0,0,1
1604,1,1,1,1,0,0,0,1,1,0,0,0
1605,1,1,1,1,0,0,0,1,0,1,0,0
1606,1,1,1,1,0,0,0,1,0,0,1,0
1607,1,1,1,1,0,0,0,1,0,0,0,1
1608,1,1,1,1,0,0,0,0,1,1,0,0
1609,1,1,1,1,0,0,0,0,1,0,1,0
1610,1,1,1,1,0,0,0,0,1,0,0,1
1611,1,1,1,1,0,0,0,0,0,1,1,0
1612,1,1,1,1,0,0,0,0,0,1,0,1
1613,1,1,1,1,0,0,0,0,0,0,1,1
1614,1,1,1,0,1,1,1,0,0,0,0,0
1615,1,1,1,0,1,1,0,1,0,0,0,0
1616,1,1,1,0,1,1,0,0,1,0,0,0
1617,1,1,1,0,1,1,0,0,0,1,0,0
1618,1,1,1,0,1,1,0,0,0,0,1,0
1619,1,1,1,0,1,1,0,0,0,0,0,1
1620,1,1,1,0,1,0,1,1,0,0,0,0
1621,1,1,1,0,1,0,1,0,1,0,0,0
1622,1,1,1,0,1,0,1,0,0,1,0,0
1623,1,1,1,0,1,0,1,0,0,0,1,0
1624,1,1,1,0,1,0,1,0,0,0,0,1
1625,1,1,1,0,1,0,0,1,1,0,0,0
1626,1,1,1,0,1,0,0,1,0,1,0,0
1627,1,1,1,0,1,0,0,1,0,0,1,0
1628,1,1,1,0,1,0,0,1,0,0,0,1
1629,1,1,1,0,1,0,0,0,1,1,0,0
1630,1,1,1,0,1,0,0,0,1,0,1,0
1631,1,1,1,0,1,0,0,0,1,0,0,1
1632,1,1,1,0,1,0,0,0,0,1,1,0
1633,1,1,1,0,1,0,0,0,0,1,0,1
1634,1,1,1,0,1,0,0,0,0,0,1,1
1635,1,1,1,0,0,1,1,1,0,0,0,0
1636,1,1,1,0,0,1,1,0,1,0,0,0
1637,1,1,1,0,0,1,1,0,0,1,0,0
1638,1,1,1,0,0,1,1,0,0,0,1,0
1639,1,1,1,0,0,1,1,0,0,0,0,1
1640,1,1,1,0,0,1,0,1,1,0,0,0
1641,1,1,1,0,0,1,0,1,0,1,0,0
1642,1,1,1,0,0,1,0,1,0,0,1,0
1643,1,1,1,0,0,1,0,1,0,0,0,1
1644,1,1,1,0,0,1,0,0,1,1,0,0
1645,1,1,1,0,0,1,0,0,1,0,1,0
1646,1,1,1,0,0,1,0,0,1,0,0,1
1647,1,1,1,0,0,1,0,0,0,1,1,0
1648,1,1,1,0,0,1,0,0,0,1,0,1
1649,1,1,1,0,0,1,0,0,0,0,1,1
1650,1,1,1,0,0,0,1,1,1,0,0,0
1651,1,1,1,0,0,0,1,1,0,1,0,0
1652,1,1,1,0,0,0,1,1,0,0,1,0
1653,1,1,1,0,0,0,1,1,0,0,0,1
1654,1,1,1,0,0,0,1,0,1,1,0,0
1655,1,1,1,0,0,0,1,0,1,0,1,0
1656,1,1,1,0,0,0,1,0,1,0,0,1
1657,1,1,1,0,0,0,1,0,0,1,1,0
1658,1,1,1,0,0,0,1,0,0,1,0,1
1659,1,1,1,0,0,0,1,0,0,0,1,1
1660,1,1,1,0,0,0,0,1,1,1,0,0
1661,1,1,1,0,0,0,0,1,1,0,1,0
1662,1,1,1,0,0,0,0,1,1,0,0,1
1663,1,1,1,0,0,0,0,1,0,1,1,0
1664,1,1,1,0,0,0,0,1,0,1,0,1
1665,1,1,1,0,0,0,0,1,0,0,1,1
1666,1,1,1,0,0,0,0,0,1,1,1,0
1667,1,1,1,0,0,0,0,0,1,1,0,1
1668,1,1,1,0,0,0,0,0,1,0,1,1
1669,1,1,1,0,0,0,0,0,0,1,1,1
1670,1,1,0,1,1,1,1,0,0,0,0,0
1671,1,1,0,1,1,1,0,1,0,0,0,0
1672,1,1,0,1,1,1,0,0,1,0,0,0
1673,1,1,0,1,1,1,0,0,0,1,0,0
1674,1,1,0,1,1,1,0,0,0,0,1,0
1675,1,1,0,1,1,1,0,0,0,0,0,1
1676,1,1,0,1,1,0,1,1,0,0,0,0
1677,1,1,0,1,1,0,1,0,1,0,0,0
1678,1,1,0,1,1,0,1,0,0,1,0,0
1679,1,1,0,1,1,0,1,0,0,0,1,0
1680,1,1,0,1,1,0,1,0,0,0,0,1
1681,1,1,0,1,1,0,0,1,1,0,0,0
1682,1,1,0,1,1,0,0,1,0,1,0,0
1683,1,1,0,1,1,0,0,1,0,0,1,0
1684,1,1,0,1,1,0,0,1,0,0,0,1
1685,1,1,0,1,1,0,0,0,1,1,0,0
1686,1,1,0,1,1,0,0,0,1,0,1,0
1687,1,1,0,1,1,0,0,0,1,0,0,1
1688,1,1,0,1,1,0,0,0,0,1,1,0
1689,1,1,0,1,1,0,0,0,0,1,0,1
1690,1,1,0,1,1,0,0,0,0,0,1,1
1691,1,1,0,1,0,1,1,1,0,0,0,0
1692,1,1,0,1,0,1,1,0,1,0,0,0
1693,1,1,0,1,0,1,1,0,0,1,0,0
1694,1,1,0,1,0,1,1,0,0,0,1,0
1695,1,1,0,1,0,1,1,0,0,0,0,1
1696,1,1,0,1,0,1,0,1,1,0,0,0
1697,1,1,0,1,0,1,0,1,0,1,0,0
1698,1,1,0,1,0,1,0,1,0,0,1,0
1699,1,1,0,1,0,1,0,1,0,0,0,1
1700,1,1,0,1,0,1,0,0,1,1,0,0
1701,1,1,0,1,0,1,0,0,1,0,1,0
1702,1,1,0,1,0,1,0,0,1,0,0,1
1703,1,1,0,1,0,1,0,0,0,1,1,0
1704,1,1,0,1,0,1,0,0,0,1,0,1
1705,1,1,0,1,0,1,0,0,0,0,1,1
1706,1,1,0,1,0,0,1,1,1,0,0,0
1707,1,1,0,1,0,0,1,1,0,1,0,0
1708,1,1,0,1,0,0,1,1,0,0,1,0
1709,1,1,0,1,0,0,1,1,0,0,0,1
1710,1,1,0,1,0,0,1,0,1,1,0,0
1711,1,1,0,1,0,0,1,0,1,0,1,0
1712,1,1,0,1,0,0,1,0,1,0,0,1
1713,1,1,0,1,0,0,1,0,0,1,1,0
1714,1,1,0,1,0,0,1,0,0,1,0,1
1715,1,1,0,1,0,0,1,0,0,0,1,1
1716,1,1,0,1,0,0,0,1,1,1,0,0
1717,1,1,0,1,0,0,0,1,1,0,1,0
1718,1,1,0,1,0,0,0,1,1,0,0,1
1719,1,1,0,1,0,0,0,1,0,1,1,0
1720,1,1,0,1,0,0,0,1,0,1,0,1
1721,1,1,0,1,0,0,0,1,0,0,1,1
1722,1,1,0,1,0,0,0,0,1,1,1,0
1723,1,1,0,1,0,0,0,0,1,1,0,1
1724,1,1,0,1,0,0,0,0,1,0,1,1
1725,1,1,0,1,0,0,0,0,0,1,1,1
1726,1,1,0,0,1,1,1,1,0,0,0,0
1727,1,1,0,0,1,1,1,0,1,0,0,0
1728,1,1,0,0,1,1,1,0,0,1,0,0
1729,1,1,0,0,1,1,1,0,0,0,1,0
1730,1,1,0,0,1,1,1,0,0,0,0,1
1731,1,1,0,0,1,1,0,1,1,0,0,0
1732,1,1,0,0,1,1,0,1,0,1,0,0
1733,1,1,0,0,1,1,0,1,0,0,1,0
1734,1,1,0,0,1,1,0,1,0,0,0,1
1735,1,1,0,0,1,1,0,0,1,1,0,0
1736,1,1,0,0,1,1,0,0,1,0,1,0
1737,1,1,0,0,1,1,0,0,1,0,0,1
1738,1,1,0,0,1,1,0,0,0,1,1,0
1739,1,1,0,0,1,1,0,0,0,1,0,1
1740,1,1,0,0,1,1,0,0,0,0,1,1
1741,1,1,0,0,1,0,1,1,1,0,0,0
1742,1,1,0,0,1,0,1,1,0,1,0,0
1743,1,1,0,0,1,0,1,1,0,0,1,0
1744,1,1,0,0,1,0,1,1,0,0,0,1
1745,1,1,0,0,1,0,1,0,1,1,0,0
1746,1,1,0,0,1,0,1,0,1,0,1,0
1747,1,1,0,0,1,0,1,0,1,0,0,1
1748,1,1,0,0,1,0,1,0,0,1,1,0
1749,1,1,0,0,1,0,1,0,0,1,0,1
1750,1,1,0,0,1,0,1,0,0,0,1,1
1751,1,1,0,0,1,0,0,1,1,1,0,0
1752,1,1,0,0,1,0,0,1,1,0,1,0
1753,1,1,0,0,1,0,0,1,1,0,0,1
1754,1,1,0,0,1,0,0,1,0,1,1,0
1755,1,1,0,0,1,0,0,1,0,1,0,1
1756,1,1,0,0,1,0,0,1,0,0,1,1
1757,1,1,0,0,1,0,0,0,1,1,1,0
1758,1,1,0,0,1,0,0,0,1,1,0,1
1759,1,1,0,0,1,0,0,0,1,0,1,1
1760,1,1,0,0,1,0,0,0,0,1,1,1
1761,1,1,0,0,0,1,1,1,1,0,0,0
1762,1,1,0,0,0,1,1,1,0,1,0,0
1763,1,1,0,0,0,1,1,1,0,0,1,0
1764,1,1,0,0,0,1,1,1,0,0,0,1
1765,1,1,0,0,0,1,1,0,1,1,0,0
1766,1,1,0,0,0,1,1,0,1,0,1,0
1767,1,1,0,0,0,1,1,0,1,0,0,1
1768,1,1,0,0,0,1,1,0,0,1,1,0
1769,1,1,0,0,0,1,1,0,0,1,0,1
1770,1,1,0,0,0,1,1,0,0,0,1,1
1771,1,1,0,0,0,1,0,1,1,1,0,0
1772,1,1,0,0,0,1,0,1,1,0,1,0
1773,1,1,0,0,0,1,0,1,1,0,0,1
1774,1,1,0,0,0,1,0,1,0,1,1,0
1775,1,1,0,0,0,1,0,1,0,1,0,1
1776,1,1,0,0,0,1,0,1,0,0,1,1
1777,1,1,0,0,0,1,0,0,1,1,1,0
1778,1,1,0,0,0,1,0,0,1,1,0,1
1779,1,1,0,0,0,1,0,0,1,0,1,1
1780,1,1,0,0,0,1,0,0,0,1,1,1
1781,1,1,0,0,0,0,1,1,1,1,0,0
1782,1,1,0,0,0,0,1,1,1,0,1,0
1783,1,1,0,0,0,0,1,1,1,0,0,1
1784,1,1,0,0,0,0,1,1,0,1,1,0
1785,1,1,0,0,0,0,1,1,0,1,0,1
1786,1,1,0,0,0,0,1,1,0,0,1,1
1787,1,1,0,0,0,0,1,0,1,1,1,0
1788,1,1,0,0,0,0,1,0,1,1,0,1
1789,1,1,0,0,0,0,1,0,1,0,1,1
1790,1,1,0,0,0,0,1,0,0,1,1,1
1791,1,1,0,0,0,0,0,1,1,1,1,0
1792,1,1,0,0,0,0,0,1,1,1,0,1
1793,1,1,0,0,0,0,0,1,1,0,1,1
1794,1,1,0,0,0,0,0,1,0,1,1,1
1795,1,1,0,0,0,0,0,0,1,1,1,1
1796,1,0,1,1,1,1,1,0,0,0,0,0
1797,1,0,1,1,1,1,0,1,0,0,0,0
1798,1,0,1,1,1,1,0,0,1,0,0,0
1799,1,0,1,1,1,1,0,0,0,1,0,0
1800,1,0,1,1,1,1,0,0,0,0,1,0
1801,1,0,1,1,1,1,0,0,0,0,0,1
1802,1,0,1,1,1,0,1,1,0,0,0,0
1803,1,0,1,1,1,0,1,0,1,0,0,0
1804,1,0,1,1,1,0,1,0,0,1,0,0
1805,1,0,1,1,1,0,1,0,0,0,1,0
1806,1,0,1,1,1,0,1,0,0,0,0,1
1807,1,0,1,1,1,0,0,1,1,0,0,0
1808,1,0,1,1,1,0,0,1,0,1,0,0
1809,1,0,1,1,1,0,0,1,0,0,1,0
1810,1,0,1,1,1,0,0,1,0,0,0,1
1811,1,0,1,1,1,0,0,0,1,1,0,0
1812,1,0,1,1,1,0,0,0,1,0,1,0
1813,1,0,1,1,1,0,0,0,1,0,0,1
1814,1,0,1,1,1,0,0,0,0,1,1,0
1815,1,0,1,1,1,0,0,0,0,1,0,1
1816,1,0,1,1,1,0,0,0,0,0,1,1
1817,1,0,1,1,0,1,1,1,0,0,0,0
1818,1,0,1,1,0,1,1,0,1,0,0,0
1819,1,0,1,1,0,1,1,0,0,1,0,0
1820,1,0,1,1,0,1,1,0,0,0,1,0
1821,1,0,1,1,0,1,1,0,0,0,0,1
1822,1,0,1,1,0,1,0,1,1,0,0,0
1823,1,0,1,1,0,1,0,1,0,1,0,0
1824,1,0,1,1,0,1,0,1,0,0,1,0
1825,1,0,1,1,0,1,0,1,0,0,0,1
1826,1,0,1,1,0,1,0,0,1,1,0,0
1827,1,0,1,1,0,1,0,0,1,0,1,0
1828,1,0,1,1,0,1,0,0,1,0,0,1
1829,1,0,1,1,0,1,0,0,0,1,1,0
1830,1,0,1,1,0,1,0,0,0,1,0,1
1831,1,0,1,1,0,1,0,0,0,0,1,1
1832,1,0,1,1,0,0,1,1,1,0,0,0
1833,1,0,1,1,0,0,1,1,0,1,0,0
1834,1,0,1,1,0,0,1,1,0,0,1,0
1835,1,0,1,1,0,0,1,1,0,0,0,1
1836,1,0,1,1,0,0,1,0,1,1,0,0
1837,1,0,1,1,0,0,1,0,1,0,1,0
1838,1,0,1,1,0,0,1,0,1,0,0,1
1839,1,0,1,1,0,0,1,0,0,1,1,0
1840,1,0,1,1,0,0,1,0,0,1,0,1
1841,1,0,1,1,0,0,1,0,0,0,1,1
1842,1,0,1,1,0,0,0,1,1,1,0,0
1843,1,0,1,1,0,0,0,1,1,0,1,0
1844,1,0,1,1,0,0,0,1,1,0,0,1
1845,1,0,1,1,0,0,0,1,0,1,1,0
1846,1,0,1,1,0,0,0,1,0,1,0,1
1847,1,0,1,1,0,0,0,1,0,0,1,1
1848,1,0,1,1,0,0,0,0,1,1,1,0
1849,1,0,1,1,0,0,0,0,1,1,0,1
1850,1,0,1,1,0,0,0,0,1,0,1,1
1851,1,0,1,1,0,0,0,0,0,1,1,1
1852,1,0,1,0,1,1,1,1,0,0,0,0
1853,1,0,1,0,1,1,1,0,1,0,0,0
1854,1,0,1,0,1,1,1,0,0,1,0,0
1855,1,0,1,0,1,1,1,0,0,0,1,0
1856,1,0,1,0,1,1,1,0,0,0,0,1
1857,1,0,1,0,1,1,0,1,1,0,0,0
1858,1,0,1,0,1,1,0,1,0,1,0,0
1859,1,0,1,0,1,1,0,1,0,0,1,0
1860,1,0,1,0,1,1,0,1,0,0,0,1
1861,1,0,1,0,1,1,0,0,1,1,0,0
1862,1,0,1,0,1,1,0,0,1,0,1,0
1863,1,0,1,0,1,1,0,0,1,0,0,1
1864,1,0,1,0,1,1,0,0,0,1,1,0
1865,1,0,1,0,1,1,0,0,0,1,0,1
1866,1,0,1,0,1,1,0,0,0,0,1,1
1867,1,0,1,0,1,0,1,1,1,0,0,0
1868,1,0,1,0,1,0,1,1,0,1,0,0
1869,1,0,1,0,1,0,1,1,0,0,1,0
1870,1,0,1,0,1,0,1,1,0,0,0,1
1871,1,0,1,0,1,0,1,0,1,1,0,0
1872,1,0,1,0,1,0,1,0,1,0,1,0
1873,1,0,1,0,1,0,1,0,1,0,0,1
1874,1,0,1,0,1,0,1,0,0,1,1,0
1875,1,0,1,0,1,0,1,0,0,1,0,1
1876,1,0,1,0,1,0,1,0,0,0,1,1
1877,1,0,1,0,1,0,0,1,1,1,0,0
1878,1,0,1,0,1,0,0,1,1,0,1,0
1879,1,0,1,0,1,0,0,1,1,0,0,1
1880,1,0,1,0,1,0,0,1,0,1,1,0
1881,1,0,1,0,1,0,0,1,0,1,0,1
1882,1,0,1,0,1,0,0,1,0,0,1,1
1883,1,0,1,0,1,0,0,0,1,1,1,0
1884,1,0,1,0,1,0,0,0,1,1,0,1
1885,1,0,1,0,1,0,0,0,1,0,1,1
1886,1,0,1,0,1,0,0,0,0,1,1,1
1887,1,0,1,0,0,1,1,1,1,0,0,0
1888,1,0,1,0,0,1,1,1,0,1,0,0
1889,1,0,1,0,0,1,1,1,0,0,1,0
1890,1,0,1,0,0,1,1,1,0,0,0,1
1891,1,0,1,0,0,1,1,0,1,1,0,0
1892,1,0,1,0,0,1,1,0,1,0,1,0
1893,1,0,1,0,0,1,1,0,1,0,0,1
1894,1,0,1,0,0,1,1,0,0,1,1,0
1895,1,0,1,0,0,1,1,0,0,1,0,1
1896,1,0,1,0,0,1,1,0,0,0,1,1
1897,1,0,1,0,0,1,0,1,1,1,0,0
1898,1,0,1,0,0,1,0,1,1,0,1,0
1899,1,0,1,0,0,1,0,1,1,0,0,1
1900,1,0,1,0,0,1,0,1,0,1,1,0
1901,1,0,1,0,0,1,0,1,0,1,0,1
1902,1,0,1,0,0,1,0,1,0,0,1,1
1903,1,0,1,0,0,1,0,0,1,1,1,0
1904,1,0,1,0,0,1,0,0,1,1,0,1
1905,1,0,1,0,0,1,0,0,1,0,1,1
1906,1,0,1,0,0,1,0,0,0,1,1,1
1907,1,0,1,0,0,0,1,1,1,1,0,0
1908,1,0,1,0,0,0,1,1,1,0,1,0
1909,1,0,1,0,0,0,1,1,1,0,0,1
1910,1,0,1,0,0,0,1,1,0,1,1,0
1911,1,0,1,0,0,0,1,1,0,1,0,1
1912,1,0,1,0,0,0,1,1,0,0,1,1
1913,1,0,1,0,0,0,1,0,1,1,1,0
1914,1,0,1,0,0,0,1,0,1,1,0,1
1915,1,0,1,0,0,0,1,0,1,0,1,1
1916,1,0,1,0,0,0,1,0,0,1,1,1
1917,1,0,1,0,0,0,0,1,1,1,1,0
1918,1,0,1,0,0,0,0,1,1,1,0,1
1919,1,0,1,0,0,0,0,1,1,0,1,1
1920,1,0,1,0,0,0,0,1,0,1,1,1
1921,1,0,1,0,0,0,0,0,1,1,1,1
1922,1,0,0,1,1,1,1,1,0,0,0,0
1923,1,0,0,1,1,1,1,0,1,0,0,0
1924,1,0,0,1,1,1,1,0,0,1,0,0
1925,1,0,0,1,1,1,1,0,0,0,1,0
1926,1,0,0,1,1,1,1,0,0,0,0,1
1927,1,0,0,1,1,1,0,1,1,0,0,0
1928,1,0,0,1,1,1,0,1,0,1,0,0
1929,1,0,0,1,1,1,0,1,0,0,1,0
1930,1,0,0,1,1,1,0,1,0,0,0,1
1931,1,0,0,1,1,1,0,0,1,1,0,0
1932,1,0,0,1,1,1,0,0,1,0,1,0
1933,1,0,0,1,1,1,0,0,1,0,0,1
1934,1,0,0,1,1,1,0,0,0,1,1,0
1935,1,0,0,1,1,1,0,0,0,1,0,1
1936,1,0,0,1,1,1,0,0,0,0,1,1
1937,1,0,0,1,1,0,1,1,1,0,0,0
1938,1,0,0,1,1,0,1,1,0,1,0,0
1939,1,0,0,1,1,0,1,1,0,0,1,0
1940,1,0,0,1,1,0,1,1,0,0,0,1
1941,1,0,0,1,1,0,1,0,1,1,0,0
1942,1,0,0,1,1,0,1,0,1,0,1,0
1943,1,0,0,1,1,0,1,0,1,0,0,1
1944,1,0,0,1,1,0,1,0,0,1,1,0
1945,1,0,0,1,1,0,1,0,0,1,0,1
1946,1,0,0,1,1,0,1,0,0,0,1,1
1947,1,0,0,1,1,0,0,1,1,1,0,0
1948,1,0,0,1,1,0,0,1,1,0,1,0
1949,1,0,0,1,1,0,0,1,1,0,0,1
1950,1,0,0,1,1,0,0,1,0,1,1,0
1951,1,0,0,1,1,0,0,1,0,1,0,1
1952,1,0,0,1,1,0,0,1,0,0,1,1
1953,1,0,0,1,1,0,0,0,1,1,1,0
1954,1,0,0,1,1,0,0,0,1,1,0,1
1955,1,0,0,1,1,0,0,0,1,0,1,1
1956,1,0,0,1,1,0,0,0,0,1,1,1
1957,1,0,0,1,0,1,1,1,1,0,0,0
1958,1,0,0,1,0,1,1,1,0,1,0,0
1959,1,0,0,1,0,1,1,1,0,0,1,0
1960,1,0,0,1,0,1,1,1,0,0,0,1
1961,1,0,0,1,0,1,1,0,1,1,0,0
1962,1,0,0,1,0,1,1,0,1,0,1,0
1963,1,0,0,1,0,1,1,0,1,0,0,1
1964,1,0,0,1,0,1,1,0,0,1,1,0
1965,1,0,0,1,0,1,1,0,0,1,0,1
1966,1,0,0,1,0,1,1,0,0,0,1,1
1967,1,0,0,1,0,1,0,1,1,1,0,0
1968,1,0,0,1,0,1,0,1,1,0,1,0
1969,1,0,0,1,0,1,0,1,1,0,0,1
1970,1,0,0,1,0,1,0,1,0,1,1,0
1971,1,0,0,1,0,1,0,1,0,1,0,1
1972,1,0,0,1,0,1,0,1,0,0,1,1
1973,1,0,0,1,0,1,0,0,1,1,1,0
1974,1,0,0,1,0,1,0,0,1,1,0,1
1975,1,0,0,1,0,1,0,0,1,0,1,1
1976,1,0,0,1,0,1,0,0,0,1,1,1
1977,1,0,0,1,0,0,1,1,1,1,0,0
1978,1,0,0,1,0,0,1,1,1,0,1,0
1979,1,0,0,1,0,0,1,1,1,0,0,1
1980,1,0,0,1,0,0,1,1,0,1,1,0
1981,1,0,0,1,0,0,1,1,0,1,0,1
1982,1,0,0,1,0,0,1,1,0,0,1,1
1983,1,0,0,1,0,0,1,0,1,1,1,0
1984,1,0,0,1,0,0,1,0,1,1,0,1
1985,1,0,0,1,0,0,1,0,1,0,1,1
1986,1,0,0,1,0,0,1,0,0,1,1,1
1987,1,0,0,1,0,0,0,1,1,1,1,0
1988,1,0,0,1,0,0,0,1,1,1,0,1
1989,1,0,0,1,0,0,0,1,1,0,1,1
1990,1,0,0,1,0,0,0,1,0,1,1,1
1991,1,0,0,1,0,0,0,0,1,1,1,1
1992,1,0,0,0,1,1,1,1,1,0,0,0
1993,1,0,0,0,1,1,1,1,0,1,0,0
1994,1,0,0,0,1,1,1,1,0,0,1,0
1995,1,0,0,0,1,1,1,1,0,0,0,1
1996,1,0,0,0,1,1,1,0,1,1,0,0
1997,1,0,0,0,1,1,1,0,1,0,1,0
1998,1,0,0,0,1,1,1,0,1,0,0,1
1999,1,0,0,0,1,1,1,0,0,1,1,0
2000,1,0,0,0,1,1,1,0,0,1,0,1
2001,1,0,0,0,1,1,1,0,0,0,1,1
2002,1,0,0,0,1,1,0,1,1,1,0,0
2003,1,0,0,0,1,1,0,1,1,0,1,0
2004,1,0,0,0,1,1,0,1,1,0,0,1
2005,1,0,0,0,1,1,0,1,0,1,1,0
2006,1,0,0,0,1,1,0,1,0,1,0,1
2007,1,0,0,0,1,1,0,1,0,0,1,1
2008,1,0,0,0,1,1,0,0,1,1,1,0
2009,1,0,0,0,1,1,0,0,1,1,0,1
2010,1,0,0,0,1,1,0,0,1,0,1,1
2011,1,0,0,0,1,1,0,0,0,1,1,1
2012,1,0,0,0,1,0,1,1,1,1,0,0
2013,1,0,0,0,1,0,1,1,1,0,1,0
2014,1,0,0,0,1,0,1,1,1,0,0,1
2015,1,0,0,0,1,0,1,1,0,1,1,0
2016,1,0,0,0,1,0,1,1,0,1,0,1
2017,1,0,0,0,1,0,1,1,0,0,1,1
2018,1,0,0,0,1,0,1,0,1,1,1,0
2019,1,0,0,0,1,0,1,0,1,1,0,1
2020,1,0,0,0,1,0,1,0,1,0,1,1
2021,1,0,0,0,1,0,1,0,0,1,1,1
2022,1,0,0,0,1,0,0,1,1,1,1,0
2023,1,0,0,0,1,0,0,1,1,1,0,1
2024,1,0,0,0,1,0,0,1,1,0,1,1
2025,1,0,0,0,1,0,0,1,0,1,1,1
2026,1,0,0,0,1,0,0,0,1,1,1,1
2027,1,0,0,0,0,1,1,1,1,1,0,0
2028,1,0,0,0,0,1,1,1,1,0,1,0
2029,1,0,0,0,0,1,1,1,1,0,0,1
2030,1,0,0,0,0,1,1,1,0,1,1,0
2031,1,0,0,0,0,1,1,1,0,1,0,1
2032,1,0,0,0,0,1,1,1,0,0,1,1
2033,1,0,0,0,0,1,1,0,1,1,1,0
2034,1,0,0,0,0,1,1,0,1,1,0,1
2035,1,0,0,0,0,1,1,0,1,0,1,1
2036,1,0,0,0,0,1,1,0,0,1,1,1
2037,1,0,0,0,0,1,0,1,1,1,1,0
2038,1,0,0,0,0,1,0,1,1,1,0,1
2039,1,0,0,0,0,1,0,1,1,0,1,1
2040,1,0,0,0,0,1,0,1,0,1,1,1
2041,1,0,0,0,0,1,0,0,1,1,1,1
2042,1,0,0,0,0,0,1,1,1,1,1,0
2043,1,0,0,0,0,0,1,1,1,1,0,1
2044,1,0,0,0,0,0,1,1,1,0,1,1
2045,1,0,0,0,0,0,1,1,0,1,1,1
2046,1,0,0,0,0,0,1,0,1,1,1,1
2047,1,0,0,0,0,0,0,1,1,1,1,1
2048,0,1,1,1,1,1,1,0,0,0,0,0
2049,0,1,1,1,1,1,0,1,0,0,0,0
2050,0,1,1,1,1,1,0,0,1,0,0,0
2051,0,1,1,1,1,1,0,0,0,1,0,0
2052,0,1,1,1,1,1,0,0,0,0,1,0
2053,0,1,1,1,1,1,0,0,0,0,0,1
2054,0,1,1,1,1,0,1,1,0,0,0,0
2055,0,1,1,1,1,0,1,0,1,0,0,0
2056,0,1,1,1,1,0,1,0,0,1,0,0
2057,0,1,1,1,1,0,1,0,0,0,1,0
2058,0,1,1,1,1,0,1,0,0,0,0,1
2059,0,1,1,1,1,0,0,1,1,0,0,0
2060,0,1,1,1,1,0,0,1,0,1,0,0
2061,0,1,1,1,1,0,0,1,0,0,1,0
2062,0,1,1,1,1,0,0,1,0,0,0,1
2063,0,1,1,1,1,0,0,0,1,1,0,0
2064,0,1,1,1,1,0,0,0,1,0,1,0
2065,0,1,1,1,1,0,0,0,1,0,0,1
2066,0,1,1,1,1,0,0,0,0,1,1,0
2067,0,1,1,1,1,0,0,0,0,1,0,1
2068,0,1,1,1,1,0,0,0,0,0,1,1
2069,0,1,1,1,0,1,1,1,0,0,0,0
2070,0,1,1,1,0,1,1,0,1,0,0,0
2071,0,1,1,1,0,1,1,0,0,1,0,0
2072,0,1,1,1,0,1,1,0,0,0,1,0
2073,0,1,1,1,0,1,1,0,0,0,0,1
2074,0,1,1,1,0,1,0,1,1,0,0,0
2075,0,1,1,1,0,1,0,1,0,1,0,0
2076,0,1,1,1,0,1,0,1,0,0,1,0
2077,0,1,1,1,0,1,0,1,0,0,0,1
2078,0,1,1,1,0,1,0,0,1,1,0,0
2079,0,1,1,1,0,1,0,0,1,0,1,0
2080,0,1,1,1,0,1,0,0,1,0,0,1
2081,0,1,1,1,0,1,0,0,0,1,1,0
2082,0,1,1,1,0,1,0,0,0,1,0,1
2083,0,1,1,1,0,1,0,0,0,0,1,1
2084,0,1,1,1,0,0,1,1,1,0,0,0
2085,0,1,1,1,0,0,1,1,0,1,0,0
2086,0,1,1,1,0,0,1,1,0,0,1,0
2087,0,1,1,1,0,0,1,1,0,0,0,1
2088,0,1,1,1,0,0,1,0,1,1,0,0
2089,0,1,1,1,0,0,1,0,1,0,1,0
2090,0,1,1,1,0,0,1,0,1,0,0,1
2091,0,1,1,1,0,0,1,0,0,1,1,0
2092,0,1,1,1,0,0,1,0,0,1,0,1
2093,0,1,1,1,0,0,1,0,0,0,1,1
2094,0,1,1,1,0,0,0,1,1,1,0,0
2095,0,1,1,1,0,0,0,1,1,0,1,0
2096,0,1,1,1,0,0,0,1,1,0,0,1
2097,0,1,1,1,0,0,0,1,0,1,1,0
2098,0,1,1,1,0,0,0,1,0,1,0,1
2099,0,1,1,1,0,0,0,1,0,0,1,1
2100,0,1,1,1,0,0,0,0,1,1,1,0
2101,0,1,1,1,0,0,0,0,1,1,0,1
2102,0,1,1,1,0,0,0,0,1,0,1,1
2103,0,1,1,1,0,0,0,0,0,1,1,1
2104,0,1,1,0,1,1,1,1,0,0,0,0
2105,0,1,1,0,1,1,1,0,1,0,0,0
2106,0,1,1,0,1,1,1,0,0,1,0,0
2107,0,1,1,0,1,1,1,0,0,0,1,0
2108,0,1,1,0,1,1,1,0,0,0,0,1
2109,0,1,1,0,1,1,0,1,1,0,0,0
2110,0,1,1,0,1,1,0,1,0,1,0,0
2111,0,1,1,0,1,1,0,1,0,0,1,0
2112,0,1,1,0,1,1,0,1,0,0,0,1
2113,0,1,1,0,1,1,0,0,1,1,0,0
2114,0,1,1,0,1,1,0,0,1,0,1,0
2115,0,1,1,0,1,1,0,0,1,0,0,1
2116,0,1,1,0,1,1,0,0,0,1,1,0
2117,0,1,1,0,1,1,0,0,0,1,0,1
2118,0,1,1,0,1,1,0,0,0,0,1,1
2119,0,1,1,0,1,0,1,1,1,0,0,0
2120,0,1,1,0,1,0,1,1,0,1,0,0
2121,0,1,1,0,1,0,1,1,0,0,1,0
2122,0,1,1,0,1,0,1,1,0,0,0,1
2123,0,1,1,0,1,0,1,0,1,1,0,0
2124,0,1,1,0,1,0,1,0,1,0,1,0
2125,0,1,1,0,1,0,1,0,1,0,0,1
2126,0,1,1,0,1,0,1,0,0,1,1,0
2127,0,1,1,0,1,0,1,0,0,1,0,1
2128,0,1,1,0,1,0,1,0,0,0,1,1
2129,0,1,1,0,1,0,0,1,1,1,0,0
2130,0,1,1,0,1,0,0,1,1,0,1,0
2131,0,1,1,0,1,0,0,1,1,0,0,1
2132,0,1,1,0,1,0,0,1,0,1,1,0
2133,0,1,1,0,1,0,0,1,0,1,0,1
2134,0,1,1,0,1,0,0,1,0,0,1,1
2135,0,1,1,0,1,0,0,0,1,1,1,0
2136,0,1,1,0,1,0,0,0,1,1,0,1
2137,0,1,1,0,1,0,0,0,1,0,1,1
2138,0,1,1,0,1,0,0,0,0,1,1,1
2139,0,1,1,0,0,1,1,1,1,0,0,0
2140,0,1,1,0,0,1,1,1,0,1,0,0
2141,0,1,1,0,0,1,1,1,0,0,1,0
2142,0,1,1,0,0,1,1,1,0,0,0,1
2143,0,1,1,0,0,1,1,0,1,1,0,0
2144,0,1,1,0,0,1,1,0,1,0,1,0
2145,0,1,1,0,0,1,1,0,1,0,0,1
2146,0,1,1,0,0,1,1,0,0,1,1,0
2147,0,1,1,0,0,1,1,0,0,1,0,1
2148,0,1,1,0,0,1,1,0,0,0,1,1
2149,0,1,1,0,0,1,0,1,1,1,0,0
2150,0,1,1,0,0,1,0,1,1,0,1,0
2151,0,1,1,0,0,1,0,1,1,0,0,1
2152,0,1,1,0,0,1,0,1,0,1,1,0
2153,0,1,1,0,0,1,0,1,0,1,0,1
2154,0,1,1,0,0,1,0,1,0,0,1,1
2155,0,1,1,0,0,1,0,0,1,1,1,0
2156,0,1,1,0,0,1,0,0,1,1,0,1
2157,0,1,1,0,0,1,0,0,1,0,1,1
2158,0,1,1,0,0,1,0,0,0,1,1,1
2159,0,1,1,0,0,0,1,1,1,1,0,0
2160,0,1,1,0,0,0,1,1,1,0,1,0
2161,0,1,1,0,0,0,1,1,1,0,0,1
2162,0,1,1,0,0,0,1,1,0,1,1,0
2163,0,1,1,0,0,0,1,1,0,1,0,1
2164,0,1,1,0,0,0,1,1,0,0,1,1
2165,0,1,1,0,0,0,1,0,1,1,1,0
2166,0,1,1,0,0,0,1,0,1,1,0,1
2167,0,1,1,0,0,0,1,0,1,0,1,1
2168,0,1,1,0,0,0,1,0,0,1,1,1
2169,0,1,1,0,0,0,0,1,1,1,1,0
2170,0,1,1,0,0,0,0,1,1,1,0,1
2171,0,1,1,0,0,0,0,1,1,0,1,1
2172,0,1,1,0,0,0,0,1,0,1,1,1
2173,0,1,1,0,0,0,0,0,1,1,1,1
2174,0,1,0,1,1,1,1,1,0,0,0,0
2175,0,1,0,1,1,1,1,0,1,0,0,0
2176,0,1,0,1,1,1,1,0,0,1,0,0
2177,0,1,0,1,1,1,1,0,0,0,1,0
2178,0,1,0,1,1,1,1,0,0,0,0,1
2179,0,1,0,1,1,1,0,1,1,0,0,0
2180,0,1,0,1,1,1,0,1,0,1,0,0
2181,0,1,0,1,1,1,0,1,0,0,1,0
2182,0,1,0,1,1,1,0,1,0,0,0,1
2183,0,1,0,1,1,1,0,0,1,1,0,0
2184,0,1,0,1,1,1,0,0,1,0,1,0
2185,0,1,0,1,1,1,0,0,1,0,0,1
2186,0,1,0,1,1,1,0,0,0,1,1,0
2187,0,1,0,1,1,1,0,0,0,1,0,1
2188,0,1,0,1,1,1,0,0,0,0,1,1
2189,0,1,0,1,1,0,1,1,1,0,0,0
2190,0,1,0,1,1,0,1,1,0,1,0,0
2191,0,1,0,1,1,0,1,1,0,0,1,0
2192,0,1,0,1,1,0,1,1,0,0,0,1
2193,0,1,0,1,1,0,1,0,1,1,0,0
2194,0,1,0,1,1,0,1,0,1,0,1,0
2195,0,1,0,1,1,0,1,0,1,0,0,1
2196,0,1,0,1,1,0,1,0,0,1,1,0
2197,0,1,0,1,1,0,1,0,0,1,0,1
2198,0,1,0,1,1,0,1,0,0,0,1,1
2199,0,1,0,1,1,0,0,1,1,1,0,0
2200,0,1,0,1,1,0,0,1,1,0,1,0
2201,0,1,0,1,1,0,0,1,1,0,0,1
2202,0,1,0,1,1,0,0,1,0,1,1,0
2203,0,1,0,1,1,0,0,1,0,1,0,1
2204,0,1,0,1,1,0,0,1,0,0,1,1
2205,0,1,0,1,1,0,0,0,1,1,1,0
2206,0,1,0,1,1,0,0,0,1,1,0,1
2207,0,1,0,1,1,0,0,0,1,0,1,1
2208,0,1,0,1,1,0,0,0,0,1,1,1
2209,0,1,0,1,0,1,1,1,1,0,0,0
2210,0,1,0,1,0,1,1,1,0,1,0,0
2211,0,1,0,1,0,1,1,1,0,0,1,0
2212,0,1,0,1,0,1,1,1,0,0,0,1
2213,0,1,0,1,0,1,1,0,1,1,0,0
2214,0,1,0,1,0,1,1,0,1,0,1,0
2215,0,1,0,1,0,1,1,0,1,0,0,1
2216,0,1,0,1,0,1,1,0,0,1,1,0
2217,0,1,0,1,0,1,1,0,0,1,0,1
2218,0,1,0,1,0,1,1,0,0,0,1,1
2219,0,1,0,1,0,1,0,1,1,1,0,0
2220,0,1,0,1,0,1,0,1,1,0,1,0
2221,0,1,0,1,0,1,0,1,1,0,0,1
2222,0,1,0,1,0,1,0,1,0,1,1,0
2223,0,1,0,1,0,1,0,1,0,1,0,1
2224,0,1,0,1,0,1,0,1,0,0,1,1
2225,0,1,0,1,0,1,0,0,1,1,1,0
2226,0,1,0,1,0,1,0,0,1,1,0,1
2227,0,1,0,1,0,1,0,0,1,0,1,1
2228,0,1,0,1,0,1,0,0,0,1,1,1
2229,0,1,0,1,0,0,1,1,1,1,0,0
2230,0,1,0,1,0,0,1,1,1,0,1,0
2231,0,1,0,1,0,0,1,1,1,0,0,1
2232,0,1,0,1,0,0,1,1,0,1,1,0
2233,0,1,0,1,0,0,1,1,0,1,0,1
2234,0,1,0,1,0,0,1,1,0,0,1,1
2235,0,1,0,1,0,0,1,0,1,1,1,0
2236,0,1,0,1,0,0,1,0,1,1,0,1
2237,0,1,0,1,0,0,1,0,1,0,1,1
2238,0,1,0,1,0,0,1,0,0,1,1,1
2239,0,1,0,1,0,0,0,1,1,1,1,0
2240,0,1,0,1,0,0,0,1,1,1,0,1
2241,0,1,0,1,0,0,0,1,1,0,1,1
2242,0,1,0,1,0,0,0,1,0,1,1,1
2243,0,1,0,1,0,0,0,0,1,1,1,1
2244,0,1,0,0,1,1,1,1,1,0,0,0
2245,0,1,0,0,1,1,1,1,0,1,0,0
2246,0,1,0,0,1,1,1,1,0,0,1,0
2247,0,1,0,0,1,1,1,1,0,0,0,1
2248,0,1,0,0,1,1,1,0,1,1,0,0
2249,0,1,0,0,1,1,1,0,1,0,1,0
2250,0,1,0,0,1,1,1,0,1,0,0,1
2251,0,1,0,0,1,1,1,0,0,1,1,0
2252,0,1,0,0,1,1,1,0,0,1,0,1
2253,0,1,0,0,1,1,1,0,0,0,1,1
2254,0,1,0,0,1,1,0,1,1,1,0,0
2255,0,1,0,0,1,1,0,1,1,0,1,0
2256,0,1,0,0,1,1,0,1,1,0,0,1
2257,0,1,0,0,1,1,0,1,0,1,1,0
2258,0,1,0,0,1,1,0,1,0,1,0,1
2259,0,1,0,0,1,1,0,1,0,0,1,1
2260,0,1,0,0,1,1,0,0,1,1,1,0
2261,0,1,0,0,1,1,0,0,1,1,0,1
2262,0,1,0,0,1,1,0,0,1,0,1,1
2263,0,1,0,0,1,1,0,0,0,1,1,1
2264,0,1,0,0,1,0,1,1,1,1,0,0
2265,0,1,0,0,1,0,1,1,1,0,1,0
2266,0,1,0,0,1,0,1,1,1,0,0,1
2267,0,1,0,0,1,0,1,1,0,1,1,0
2268,0,1,0,0,1,0,1,1,0,1,0,1
2269,0,1,0,0,1,0,1,1,0,0,1,1
2270,0,1,0,0,1,0,1,0,1,1,1,0
2271,0,1,0,0,1,0,1,0,1,1,0,1
2272,0,1,0,0,1,0,1,0,1,0,1,1
2273,0,1,0,0,1,0,1,0,0,1,1,1
2274,0,1,0,0,1,0,0,1,1,1,1,0
2275,0,1,0,0,1,0,0,1,1,1,0,1
2276,0,1,0,0,1,0,0,1,1,0,1,1
2277,0,1,0,0,1,0,0,1,0,1,1,1
2278,0,1,0,0,1,0,0,0,1,1,1,1
2279,0,1,0,0,0,1,1,1,1,1,0,0
2280,0,1,0,0,0,1,1,1,1,0,1,0
2281,0,1,0,0,0,1,1,1,1,0,0,1
2282,0,1,0,0,0,1,1,1,0,1,1,0
2283,0,1,0,0,0,1,1,1,0,1,0,1
2284,0,1,0,0,0,1,1,1,0,0,1,1
2285,0,1,0,0,0,1,1,0,1,1,1,0
2286,0,1,0,0,0,1,1,0,1,1,0,1
2287,0,1,0,0,0,1,1,0,1,0,1,1
2288,0,1,0,0,0,1,1,0,0,1,1,1
2289,0,1,0,0,0,1,0,1,1,1,1,0
2290,0,1,0,0,0,1,0,1,1,1,0,1
2291,0,1,0,0,0,1,0,1,1,0,1,1
2292,0,1,0,0,0,1,0,1,0,1,1,1
2293,0,1,0,0,0,1,0,0,1,1,1,1
2294,0,1,0,0,0,0,1,1,1,1,1,0
2295,0,1,0,0,0,0,1,1,1,1,0,1
2296,0,1,0,0,0,0,1,1,1,0,1,1
2297,0,1,0,0,0,0,1,1,0,1,1,1
2298,0,1,0,0,0,0,1,0,1,1,1,1
2299,0,1,0,0,0,0,0,1,1,1,1,1
2300,0,0,1,1,1,1,1,1,0,0,0,0
2301,0,0,1,1,1,1,1,0,1,0,0,0
2302,0,0,1,1,1,1,1,0,0,1,0,0
2303,0,0,1,1,1,1,1,0,0,0,1,0
2304,0,0,1,1,1,1,1,0,0,0,0,1
2305,0,0,1,1,1,1,0,1,1,0,0,0
2306,0,0,1,1,1,1,0,1,0,1,0,0
2307,0,0,1,1,1,1,0,1,0,0,1,0
2308,0,0,1,1,1,1,0,1,0,0,0,1
2309,0,0,1,1,1,1,0,0,1,1,0,0
2310,0,0,1,1,1,1,0,0,1,0,1,0
2311,0,0,1,1,1,1,0,0,1,0,0,1
2312,0,0,1,1,1,1,0,0,0,1,1,0
2313,0,0,1,1,1,1,0,0,0,1,0,1
2314,0,0,1,1,1,1,0,0,0,0,1,1
2315,0,0,1,1,1,0,1,1,1,0,0,0
2316,0,0,1,1,1,0,1,1,0,1,0,0
2317,0,0,1,1,1,0,1,1,0,0,1,0
2318,0,0,1,1,1,0,1,1,0,0,0,1
2319,0,0,1,1,1,0,1,0,1,1,0,0
2320,0,0,1,1,1,0,1,0,1,0,1,0
2321,0,0,1,1,1,0,1,0,1,0,0,1
2322,0,0,1,1,1,0,1,0,0,1,1,0
2323,0,0,1,1,1,0,1,0,0,1,0,1
2324,0,0,1,1,1,0,1,0,0,0,1,1
2325,0,0,1,1,1,0,0,1,1,1,0,0
2326,0,0,1,1,1,0,0,1,1,0,1,0
2327,0,0,1,1,1,0,0,1,1,0,0,1
2328,0,0,1,1,1,0,0,1,0,1,1,0
2329,0,0,1,1,1,0,0,1,0,1,0,1
2330,0,0,1,1,1,0,0,1,0,0,1,1
2331,0,0,1,1,1,0,0,0,1,1,1,0
2332,0,0,1,1,1,0,0,0,1,1,0,1
2333,0,0,1,1,1,0,0,0,1,0,1,1
2334,0,0,1,1,1,0,0,0,0,1,1,1
2335,0,0,1,1,0,1,1,1,1,0,0,0
2336,0,0,1,1,0,1,1,1,0,1,0,0
2337,0,0,1,1,0,1,1,1,0,0,1,0
2338,0,0,1,1,0,1,1,1,0,0,0,1
2339,0,0,1,1,0,1,1,0,1,1,0,0
2340,0,0,1,1,0,1,1,0,1,0,1,0
2341,0,0,1,1,0,1,1,0,1,0,0,1
2342,0,0,1,1,0,1,1,0,0,1,1,0
2343,0,0,1,1,0,1,1,0,0,1,0,1
2344,0,0,1,1,0,1,1,0,0,0,1,1
2345,0,0,1,1,0,1,0,1,1,1,0,0
2346,0,0,1,1,0,1,0,1,1,0,1,0
2347,0,0,1,1,0,1,0,1,1,0,0,1
2348,0,0,1,1,0,1,0,1,0,1,1,0
2349,0,0,1,1,0,1,0,1,0,1,0,1
2350,0,0,1,1,0,1,0,1,0,0,1,1
2351,0,0,1,1,0,1,0,0,1,1,1,0
2352,0,0,1,1,0,1,0,0,1,1,0,1
2353,0,0,1,1,0,1,0,0,1,0,1,1
2354,0,0,1,1,0,1,0,0,0,1,1,1
2355,0,0,1,1,0,0,1,1,1,1,0,0
2356,0,0,1,1,0,0,1,1,1,0,1,0
2357,0,0,1,1,0,0,1,1,1,0,0,1
2358,0,0,1,1,0,0,1,1,0,1,1,0
2359,0,0,1,1,0,0,1,1,0,1,0,1
2360,0,0,1,1,0,0,1,1,0,0,1,1
2361,0,0,1,1,0,0,1,0,1,1,1,0
2362,0,0,1,1,0,0,1,0,1,1,0,1
2363,0,0,1,1,0,0,1,0,1,0,1,1
2364,0,0,1,1,0,0,1,0,0,1,1,1
2365,0,0,1,1,0,0,0,1,1,1,1,0
2366,0,0,1,1,0,0,0,1,1,1,0,1
2367,0,0,1,1,0,0,0,1,1,0,1,1
2368,0,0,1,1,0,0,0,1,0,1,1,1
2369,0,0,1,1,0,0,0,0,1,1,1,1
2370,0,0,1,0,1,1,1,1,1,0,0,0
2371,0,0,1,0,1,1,1,1,0,1,0,0
2372,0,0,1,0,1,1,1,1,0,0,1,0
2373,0,0,1,0,1,1,1,1,0,0,0,1
2374,0,0,1,0,1,1,1,0,1,1,0,0
2375,0,0,1,0,1,1,1,0,1,0,1,0
2376,0,0,1,0,1,1,1,0,1,0,0,1
2377,0,0,1,0,1,1,1,0,0,1,1,0
2378,0,0,1,0,1,1,1,0,0,1,0,1
2379,0,0,1,0,1,1,1,0,0,0,1,1
2380,0,0,1,0,1,1,0,1,1,1,0,0
2381,0,0,1,0,1,1,0,1,1,0,1,0
2382,0,0,1,0,1,1,0,1,1,0,0,1
2383,0,0,1,0,1,1,0,1,0,1,1,0
2384,0,0,1,0,1,1,0,1,0,1,0,1
2385,0,0,1,0,1,1,0,1,0,0,1,1
2386,0,0,1,0,1,1,0,0,1,1,1,0
2387,0,0,1,0,1,1,0,0,1,1,0,1
2388,0,0,1,0,1,1,0,0,1,0,1,1
2389,0,0,1,0,1,1,0,0,0,1,1,1
2390,0,0,1,0,1,0,1,1,1,1,0,0
2391,0,0,1,0,1,0,1,1,1,0,1,0
2392,0,0,1,0,1,0,1,1,1,0,0,1
2393,0,0,1,0,1,0,1,1,0,1,1,0
2394,0,0,1,0,1,0,1,1,0,1,0,1
2395,0,0,1,0,1,0,1,1,0,0,1,1
2396,0,0,1,0,1,0,1,0,1,1,1,0
2397,0,0,1,0,1,0,1,0,1,1,0,1
2398,0,0,1,0,1,0,1,0,1,0,1,1
2399,0,0,1,0,1,0,1,0,0,1,1,1
2400,0,0,1,0,1,0,0,1,1,1,1,0
2401,0,0,1,0,1,0,0,1,1,1,0,1
2402,0,0,1,0,1,0,0,1,1,0,1,1
2403,0,0,1,0,1,0,0,1,0,1,1,1
2404,0,0,1,0,1,0,0,0,1,1,1,1
2405,0,0,1,0,0,1,1,1,1,1,0,0
2406,0,0,1,0,0,1,1,1,1,0,1,0
2407,0,0,1,0,0,1,1,1,1,0,0,1
2408,0,0,1,0,0,1,1,1,0,1,1,0
2409,0,0,1,0,0,1,1,1,0,1,0,1
2410,0,0,1,0,0,1,1,1,0,0,1,1
2411,0,0,1,0,0,1,1,0,1,1,1,0
2412,0,0,1,0,0,1,1,0,1,1,0,1
2413,0,0,1,0,0,1,1,0,1,0,1,1
2414,0,0,1,0,0,1,1,0,0,1,1,1
2415,0,0,1,0,0,1,0,1,1,1,1,0
2416,0,0,1,0,0,1,0,1,1,1,0,1
2417,0,0,1,0,0,1,0,1,1,0,1,1
2418,0,0,1,0,0,1,0,1,0,1,1,1
2419,0,0,1,0,0,1,0,0,1,1,1,1
2420,0,0,1,0,0,0,1,1,1,1,1,0
2421,0,0,1,0,0,0,1,1,1,1,0,1
2422,0,0,1,0,0,0,1,1,1,0,1,1
2423,0,0,1,0,0,0,1,1,0,1,1,1
2424,0,0,1,0,0,0,1,0,1,1,1,1
2425,0,0,1,0,0,0,0,1,1,1,1,1
2426,0,0,0,1,1,1,1,1,1,0,0,0
2427,0,0,0,1,1,1,1,1,0,1,0,0
2428,0,0,0,1,1,1,1,1,0,0,1,0
2429,0,0,0,1,1,1,1,1,0,0,0,1
2430,0,0,0,1,1,1,1,0,1,1,0,0
2431,0,0,0,1,1,1,1,0,1,0,1,0
2432,0,0,0,1,1,1,1,0,1,0,0,1
2433,0,0,0,1,1,1,1,0,0,1,1,0
2434,0,0,0,1,1,1,1,0,0,1,0,1
2435,0,0,0,1,1,1,1,0,0,0,1,1
2436,0,0,0,1,1,1,0,1,1,1,0,0
2437,0,0,0,1,1,1,0,1,1,0,1,0
2438,0,0,0,1,1,1,0,1,1,0,0,1
2439,0,0,0,1,1,1,0,1,0,1,1,0
2440,0,0,0,1,1,1,0,1,0,1,0,1
2441,0,0,0,1,1,1,0,1,0,0,1,1
2442,0,0,0,1,1,1,0,0,1,1,1,0
2443,0,0,0,1,1,1,0,0,1,1,0,1
2444,0,0,0,1,1,1,0,0,1,0,1,1
2445,0,0,0,1,1,1,0,0,0,1,1,1
2446,0,0,0,1,1,0,1,1,1,1,0,0
2447,0,0,0,1,1,0,1,1,1,0,1,0
2448,0,0,0,1,1,0,1,1,1,0,0,1
2449,0,0,0,1,1,0,1,1,0,1,1,0
2450,0,0,0,1,1,0,1,1,0,1,0,1
2451,0,0,0,1,1,0,1,1,0,0,1,1
2452,0,0,0,1,1,0,1,0,1,1,1,0
2453,0,0,0,1,1,0,1,0,1,1,0,1
2454,0,0,0,1,1,0,1,0,1,0,1,1
2455,0,0,0,1,1,0,1,0,0,1,1,1
2456,0,0,0,1,1,0,0,1,1,1,1,0
2457,0,0,0,1,1,0,0,1,1,1,0,1
2458,0,0,0,1,1,0,0,1,1,0,1,1
2459,0,0,0,1,1,0,0,1,0,1,1,1
2460,0,0,0,1,1,0,0,0,1,1,1,1
2461,0,0,0,1,0,1,1,1,1,1,0,0
2462,0,0,0,1,0,1,1,1,1,0,1,0
2463,0,0,0,1,0,1,1,1,1,0,0,1
2464,0,0,0,1,0,1,1,1,0,1,1,0
2465,0,0,0,1,0,1,1,1,0,1,0,1
2466,0,0,0,1,0,1,1,1,0,0,1,1
2467,0,0,0,1,0,1,1,0,1,1,1,0
2468,0,0,0,1,0,1,1,0,1,1,0,1
2469,0,0,0,1,0,1,1,0,1,0,1,1
2470,0,0,0,1,0,1,1,0,0,1,1,1
2471,0,0,0,1,0,1,0,1,1,1,1,0
2472,0,0,0,1,0,1,0,1,1,1,0,1
2473,0,0,0,1,0,1,0,1,1,0,1,1
2474,0,0,0,1,0,1,0,1,0,1,1,1
2475,0,0,0,1,0,1,0,0,1,1,1,1
2476,0,0,0,1,0,0,1,1,1,1,1,0
2477,0,0,0,1,0,0,1,1,1,1,0,1
2478,0,0,0,1,0,0,1,1,1,0,1,1
2479,0,0,0,1,0,0,1,1,0,1,1,1
2480,0,0,0,1,0,0,1,0,1,1,1,1
2481,0,0,0,1,0,0,0,1,1,1,1,1
2482,0,0,0,0,1,1,1,1,1,1,0,0
2483,0,0,0,0,1,1,1,1,1,0,1,0
2484,0,0,0,0,1,1,1,1,1,0,0,1
2485,0,0,0,0,1,1,1,1,0,1,1,0
2486,0,0,0,0,1,1,1,1,0,1,0,1
2487,0,0,0,0,1,1,1,1,0,0,1,1
2488,0,0,0,0,1,1,1,0,1,1,1,0
2489,0,0,0,0,1,1,1,0,1,1,0,1
2490,0,0,0,0,1,1,1,0,1,0,1,1
2491,0,0,0,0,1,1,1,0,0,1,1,1
2492,0,0,0,0,1,1,0,1,1,1,1,0
2493,0,0,0,0,1,1,0,1,1,1,0,1
2494,0,0,0,0,1,1,0,1,1,0,1,1
2495,0,0,0,0,1,1,0,1,0,1,1,1
2496,0,0,0,0,1,1,0,0,1,1,1,1
2497,0,0,0,0,1,0,1,1,1,1,1,0
2498,0,0,0,0,1,0,1,1,1,1,0,1
2499,0,0,0,0,1,0,1,1,1,0,1,1
2500,0,0,0,0,1,0,1,1,0,1,1,1
2501,0,0,0,0,1,0,1,0,1,1,1,1
2502,0,0,0,0,1,0,0,1,1,1,1,1
2503,0,0,0,0,0,1,1,1,1,1,1,0
2504,0,0,0,0,0,1,1,1,1,1,0,1
2505,0,0,0,0,0,1,1,1,1,0,1,1
2506,0,0,0,0,0,1,1,1,0,1,1,1
2507,0,0,0,0,0,1,1,0,1,1,1,1
2508,0,0,0,0,0,1,0,1,1,1,1,1
2509,0,0,0,0,0,0,1,1,1,1,1,1
2510,1,1,1,1,1,1,1,0,0,0,0,0
2511,1,1,1,1,1,1,0,1,0,0,0,0
2512,1,1,1,1,1,1,0,0,1,0,0,0
2513,1,1,1,1,1,1,0,0,0,1,0,0
2514,1,1,1,1,1,1,0,0,0,0,1,0
2515,1,1,1,1,1,1,0,0,0,0,0,1
2516,1,1,1,1,1,0,1,1,0,0,0,0
2517,1,1,1,1,1,0,1,0,1,0,0,0
2518,1,1,1,1,1,0,1,0,0,1,0,0
2519,1,1,1,1,1,0,1,0,0,0,1,0
2520,1,1,1,1,1,0,1,0,0,0,0,1
2521,1,1,1,1,1,0,0,1,1,0,0,0
2522,1,1,1,1,1,0,0,1,0,1,0,0
2523,1,1,1,1,1,0,0,1,0,0,1,0
2524,1,1,1,1,1,0,0,1,0,0,0,1
2525,1,1,1,1,1,0,0,0,1,1,0,0
2526,1,1,1,1,1,0,0,0,1,0,1,0
2527,1,1,1,1,1,0,0,0,1,0,0,1
2528,1,1,1,1,1,0,0,0,0,1,1,0
2529,1,1,1,1,1,0,0,0,0,1,0,1
2530,1,1,1,1,1,0,0,0,0,0,1,1
2531,1,1,1,1,0,1,1,1,0,0,0,0
2532,1,1,1,1,0,1,1,0,1,0,0,0
2533,1,1,1,1,0,1,1,0,0,1,0,0
2534,1,1,1,1,0,1,1,0,0,0,1,0
2535,1,1,1,1,0,1,1,0,0,0,0,1
2536,1,1,1,1,0,1,0,1,1,0,0,0
2537,1,1,1,1,0,1,0,1,0,1,0,0
2538,1,1,1,1,0,1,0,1,0,0,1,0
2539,1,1,1,1,0,1,0,1,0,0,0,1
2540,1,1,1,1,0,1,0,0,1,1,0,0
2541,1,1,1,1,0,1,0,0,1,0,1,0
2542,1,1,1,1,0,1,0,0,1,0,0,1
2543,1,1,1,1,0,1,0,0,0,1,1,0
2544,1,1,1,1,0,1,0,0,0,1,0,1
2545,1,1,1,1,0,1,0,0,0,0,1,1
2546,1,1,1,1,0,0,1,1,1,0,0,0
2547,1,1,1,1,0,0,1,1,0,1,0,0
2548,1,1,1,1,0,0,1,1,0,0,1,0
2549,1,1,1,1,0,0,1,1,0,0,0,1
2550,1,1,1,1,0,0,1,0,1,1,0,0
2551,1,1,1,1,0,0,1,0,1,0,1,0
2552,1,1,1,1,0,0,1,0,1,0,0,1
2553,1,1,1,1,0,0,1,0,0,1,1,0
2554,1,1,1,1,0,0,1,0,0,1,0,1
2555,1,1,1,1,0,0,1,0,0,0,1,1
2556,1,1,1,1,0,0,0,1,1,1,0,0
2557,1,1,1,1,0,0,0,1,1,0,1,0
2558,1,1,1,1,0,0,0,1,1,0,0,1
2559,1,1,1,1,0,0,0,1,0,1,1,0
2560,1,1,1,1,0,0,0,1,0,1,0,1
2561,1,1,1,1,0,0,0,1,0,0,1,1
2562,1,1,1,1,0,0,0,0,1,1,1,0
2563,1,1,1,1,0,0,0,0,1,1,0,1
2564,1,1,1,1,0,0,0,0,1,0,1,1
2565,1,1,1,1,0,0,0,0,0,1,1,1
2566,1,1,1,0,1,1,1,1,0,0,0,0
2567,1,1,1,0,1,1,1,0,1,0,0,0
2568,1,1,1,0,1,1,1,0,0,1,0,0
2569,1,1,1,0,1,1,1,0,0,0,1,0
2570,1,1,1,0,1,1,1,0,0,0,0,1
2571,1,1,1,0,1,1,0,1,1,0,0,0
2572,1,1,1,0,1,1,0,1,0,1,0,0
2573,1,1,1,0,1,1,0,1,0,0,1,0
2574,1,1,1,0,1,1,0,1,0,0,0,1
2575,1,1,1,0,1,1,0,0,1,1,0,0
2576,1,1,1,0,1,1,0,0,1,0,1,0
2577,1,1,1,0,1,1,0,0,1,0,0,1
2578,1,1,1,0,1,1,0,0,0,1,1,0
2579,1,1,1,0,1,1,0,0,0,1,0,1
2580,1,1,1,0,1,1,0,0,0,0,1,1
2581,1,1,1,0,1,0,1,1,1,0,0,0
2582,1,1,1,0,1,0,1,1,0,1,0,0
2583,1,1,1,0,1,0,1,1,0,0,1,0
2584,1,1,1,0,1,0,1,1,0,0,0,1
2585,1,1,1,0,1,0,1,0,1,1,0,0
2586,1,1,1,0,1,0,1,0,1,0,1,0
2587,1,1,1,0,1,0,1,0,1,0,0,1
2588,1,1,1,0,1,0,1,0,0,1,1,0
2589,1,1,1,0,1,0,1,0,0,1,0,1
2590,1,1,1,0,1,0,1,0,0,0,1,1
2591,1,1,1,0,1,0,0,1,1,1,0,0
2592,1,1,1,0,1,0,0,1,1,0,1,0
2593,1,1,1,0,1,0,0,1,1,0,0,1
2594,1,1,1,0,1,0,0,1,0,1,1,0
2595,1,1,1,0,1,0,0,1,0,1,0,1
2596,1,1,1,0,1,0,0,1,0,0,1,1
2597,1,1,1,0,1,0,0,0,1,1,1,0
2598,1,1,1,0,1,0,0,0,1,1,0,1
2599,1,1,1,0,1,0,0,0,1,0,1,1
2600,1,1,1,0,1,0,0,0,0,1,1,1
2601,1,1,1,0,0,1,1,1,1,0,0,0
2602,1,1,1,0,0,1,1,1,0,1,0,0
2603,1,1,1,0,0,1,1,1,0,0,1,0
2604,1,1,1,0,0,1,1,1,0,0,0,1
2605,1,1,1,0,0,1,1,0,1,1,0,0
2606,1,1,1,0,0,1,1,0,1,0,1,0
2607,1,1,1,0,0,1,1,0,1,0,0,1
2608,1,1,1,0,0,1,1,0,0,1,1,0
2609,1,1,1,0,0,1,1,0,0,1,0,1
2610,1,1,1,0,0,1,1,0,0,0,1,1
2611,1,1,1,0,0,1,0,1,1,1,0,0
2612,1,1,1,0,0,1,0,1,1,0,1,0
2613,1,1,1,0,0,1,0,1,1,0,0,1
2614,1,1,1,0,0,1,0,1,0,1,1,0
2615,1,1,1,0,0,1,0,1,0,1,0,1
2616,1,1,1,0,0,1,0,1,0,0,1,1
2617,1,1,1,0,0,1,0,0,1,1,1,0
2618,1,1,1,0,0,1,0,0,1,1,0,1
2619,1,1,1,0,0,1,0,0,1,0,1,1
2620,1,1,1,0,0,1,0,0,0,1,1,1
2621,1,1,1,0,0,0,1,1,1,1,0,0
2622,1,1,1,0,0,0,1,1,1,0,1,0
2623,1,1,1,0,0,0,1,1,1,0,0,1
2624,1,1,1,0,0,0,1,1,0,1,1,0
2625,1,1,1,0,0,0,1,1,0,1,0,1
2626,1,1,1,0,0,0,1,1,0,0,1,1
2627,1,1,1,0,0,0,1,0,1,1,1,0
2628,1,1,1,0,0,0,1,0,1,1,0,1
2629,1,1,1,0,0,0,1,0,1,0,1,1
2630,1,1,1,0,0,0,1,0,0,1,1,1
2631,1,1,1,0,0,0,0,1,1,1,1,0
2632,1,1,1,0,0,0,0,1,1,1,0,1
2633,1,1,1,0,0,0,0,1,1,0,1,1
2634,1,1,1,0,0,0,0,1,0,1,1,1
2635,1,1,1,0,0,0,0,0,1,1,1,1
2636,1,1,0,1,1,1,1,1,0,0,0,0
2637,1,1,0,1,1,1,1,0,1,0,0,0
2638,1,1,0,1,1,1,1,0,0,1,0,0
2639,1,1,0,1,1,1,1,0,0,0,1,0
2640,1,1,0,1,1,1,1,0,0,0,0,1
2641,1,1,0,1,1,1,0,1,1,0,0,0
2642,1,1,0,1,1,1,0,1,0,1,0,0
2643,1,1,0,1,1,1,0,1,0,0,1,0
2644,1,1,0,1,1,1,0,1,0,0,0,1
2645,1,1,0,1,1,1,0,0,1,1,0,0
2646,1,1,0,1,1,1,0,0,1,0,1,0
2647,1,1,0,1,1,1,0,0,1,0,0,1
2648,1,1,0,1,1,1,0,0,0,1,1,0
2649,1,1,0,1,1,1,0,0,0,1,0,1
2650,1,1,0,1,1,1,0,0,0,0,1,1
2651,1,1,0,1,1,0,1,1,1,0,0,0
2652,1,1,0,1,1,0,1,1,0,1,0,0
2653,1,1,0,1,1,0,1,1,0,0,1,0
2654,1,1,0,1,1,0,1,1,0,0,0,1
2655,1,1,0,1,1,0,1,0,1,1,0,0
2656,1,1,0,1,1,0,1,0,1,0,1,0
2657,1,1,0,1,1,0,1,0,1,0,0,1
2658,1,1,0,1,1,0,1,0,0,1,1,0
2659,1,1,0,1,1,0,1,0,0,1,0,1
2660,1,1,0,1,1,0,1,0,0,0,1,1
2661,1,1,0,1,1,0,0,1,1,1,0,0
2662,1,1,0,1,1,0,0,1,1,0,1,0
2663,1,1,0,1,1,0,0,1,1,0,0,1
2664,1,1,0,1,1,0,0,1,0,1,1,0
2665,1,1,0,1,1,0,0,1,0,1,0,1
2666,1,1,0,1,1,0,0,1,0,0,1,1
2667,1,1,0,1,1,0,0,0,1,1,1,0
2668,1,1,0,1,1,0,0,0,1,1,0,1
2669,1,1,0,1,1,0,0,0,1,0,1,1
2670,1,1,0,1,1,0,0,0,0,1,1,1
2671,1,1,0,1,0,1,1,1,1,0,0,0
2672,1,1,0,1,0,1,1,1,0,1,0,0
2673,1,1,0,1,0,1,1,1,0,0,1,0
2674,1,1,0,1,0,1,1,1,0,0,0,1
2675,1,1,0,1,0,1,1,0,1,1,0,0
2676,1,1,0,1,0,1,1,0,1,0,1,0
2677,1,1,0,1,0,1,1,0,1,0,0,1
2678,1,1,0,1,0,1,1,0,0,1,1,0
2679,1,1,0,1,0,1,1,0,0,1,0,1
2680,1,1,0,1,0,1,1,0,0,0,1,1
2681,1,1,0,1,0,1,0,1,1,1,0,0
2682,1,1,0,1,0,1,0,1,1,0,1,0
2683,1,1,0,1,0,1,0,1,1,0,0,1
2684,1,1,0,1,0,1,0,1,0,1,1,0
2685,1,1,0,1,0,1,0,1,0,1,0,1
2686,1,1,0,1,0,1,0,1,0,0,1,1
2687,1,1,0,1,0,1,0,0,1,1,1,0
2688,1,1,0,1,0,1,0,0,1,1,0,1
2689,1,1,0,1,0,1,0,0,1,0,1,1
2690,1,1,0,1,0,1,0,0,0,1,1,1
2691,1,1,0,1,0,0,1,1,1,1,0,0
2692,1,1,0,1,0,0,1,1,1,0,1,0
2693,1,1,0,1,0,0,1,1,1,0,0,1
2694,1,1,0,1,0,0,1,1,0,1,1,0
2695,1,1,0,1,0,0,1,1,0,1,0,1
2696,1,1,0,1,0,0,1,1,0,0,1,1
2697,1,1,0,1,0,0,1,0,1,1,1,0
2698,1,1,0,1,0,0,1,0,1,1,0,1
2699,1,1,0,1,0,0,1,0,1,0,1,1
2700,1,1,0,1,0,0,1,0,0,1,1,1
2701,1,1,0,1,0,0,0,1,1,1,1,0
2702,1,1,0,1,0,0,0,1,1,1,0,1
2703,1,1,0,1,0,0,0,1,1,0,1,1
2704,1,1,0,1,0,0,0,1,0,1,1,1
2705,1,1,0,1,0,0,0,0,1,1,1,1
2706,1,1,0,0,1,1,1,1,1,0,0,0
2707,1,1,0,0,1,1,1,1,0,1,0,0
2708,1,1,0,0,1,1,1,1,0,0,1,0
2709,1,1,0,0,1,1,1,1,0,0,0,1
2710,1,1,0,0,1,1,1,0,1,1,0,0
2711,1,1,0,0,1,1,1,0,1,0,1,0
2712,1,1,0,0,1,1,1,0,1,0,0,1
2713,1,1,0,0,1,1,1,0,0,1,1,0
2714,1,1,0,0,1,1,1,0,0,1,0,1
2715,1,1,0,0,1,1,1,0,0,0,1,1
2716,1,1,0,0,1,1,0,1,1,1,0,0
2717,1,1,0,0,1,1,0,1,1,0,1,0
2718,1,1,0,0,1,1,0,1,1,0,0,1
2719,1,1,0,0,1,1,0,1,0,1,1,0
2720,1,1,0,0,1,1,0,1,0,1,0,1
2721,1,1,0,0,1,1,0,1,0,0,1,1
2722,1,1,0,0,1,1,0,0,1,1,1,0
2723,1,1,0,0,1,1,0,0,1,1,0,1
2724,1,1,0,0,1,1,0,0,1,0,1,1
2725,1,1,0,0,1,1,0,0,0,1,1,1
2726,1,1,0,0,1,0,1,1,1,1,0,0
2727,1,1,0,0,1,0,1,1,1,0,1,0
2728,1,1,0,0,1,0,1,1,1,0,0,1
2729,1,1,0,0,1,0,1,1,0,1,1,0
2730,1,1,0,0,1,0,1,1,0,1,0,1
2731,1,1,0,0,1,0,1,1,0,0,1,1
2732,1,1,0,0,1,0,1,0,1,1,1,0
2733,1,1,0,0,1,0,1,0,1,1,0,1
2734,1,1,0,0,1,0,1,0,1,0,1,1
2735,1,1,0,0,1,0,1,0,0,1,1,1
2736,1,1,0,0,1,0,0,1,1,1,1,0
2737,1,1,0,0,1,0,0,1,1,1,0,1
2738,1,1,0,0,1,0,0,1,1,0,1,1
2739,1,1,0,0,1,0,0,1,0,1,1,1
2740,1,1,0,0,1,0,0,0,1,1,1,1
2741,1,1,0,0,0,1,1,1,1,1,0,0
2742,1,1,0,0,0,1,1,1,1,0,1,0
2743,1,1,0,0,0,1,1,1,1,0,0,1
2744,1,1,0,0,0,1,1,1,0,1,1,0
2745,1,1,0,0,0,1,1,1,0,1,0,1
2746,1,1,0,0,0,1,1,1,0,0,1,1
2747,1,1,0,0,0,1,1,0,1,1,1,0
2748,1,1,0,0,0,1,1,0,1,1,0,1
2749,1,1,0,0,0,1,1,0,1,0,1,1
2750,1,1,0,0,0,1,1,0,0,1,1,1
2751,1,1,0,0,0,1,0,1,1,1,1,0
2752,1,1,0,0,0,1,0,1,1,1,0,1
2753,1,1,0,0,0,1,0,1,1,0,1,1
2754,1,1,0,0,0,1,0,1,0,1,1,1
2755,1,1,0,0,0,1,0,0,1,1,1,1
2756,1,1,0,0,0,0,1,1,1,1,1,0
2757,1,1,0,0,0,0,1,1,1,1,0,1
2758,1,1,0,0,0,0,1,1,1,0,1,1
2759,1,1,0,0,0,0,1,1,0,1,1,1
2760,1,1,0,0,0,0,1,0,1,1,1,1
2761,1,1,0,0,0,0,0,1,1,1,1,1
2762,1,0,1,1,1,1,1,1,0,0,0,0
2763,1,0,1,1,1,1,1,0,1,0,0,0
2764,1,0,1,1,1,1,1,0,0,1,0,0
2765,1,0,1,1,1,1,1,0,0,0,1,0
2766,1,0,1,1,1,1,1,0,0,0,0,1
2767,1,0,1,1,1,1,0,1,1,0,0,0
2768,1,0,1,1,1,1,0,1,0,1,0,0
2769,1,0,1,1,1,1,0,1,0,0,1,0
2770,1,0,1,1,1,1,0,1,0,0,0,1
2771,1,0,1,1,1,1,0,0,1,1,0,0
2772,1,0,1,1,1,1,0,0,1,0,1,0
2773,1,0,1,1,1,1,0,0,1,0,0,1
2774,1,0,1,1,1,1,0,0,0,1,1,0
2775,1,0,1,1,1,1,0,0,0,1,0,1
2776,1,0,1,1,1,1,0,0,0,0,1,1
2777,1,0,1,1,1,0,1,1,1,0,0,0
2778,1,0,1,1,1,0,1,1,0,1,0,0
2779,1,0,1,1,1,0,1,1,0,0,1,0
2780,1,0,1,1,1,0,1,1,0,0,0,1
2781,1,0,1,1,1,0,1,0,1,1,0,0
2782,1,0,1,1,1,0,1,0,1,0,1,0
2783,1,0,1,1,1,0,1,0,1,0,0,1
2784,1,0,1,1,1,0,1,0,0,1,1,0
2785,1,0,1,1,1,0,1,0,0,1,0,1
2786,1,0,1,1,1,0,1,0,0,0,1,1
2787,1,0,1,1,1,0,0,1,1,1,0,0
2788,1,0,1,1,1,0,0,1,1,0,1,0
2789,1,0,1,1,1,0,0,1,1,0,0,1
2790,1,0,1,1,1,0,0,1,0,1,1,0
2791,1,0,1,1,1,0,0,1,0,1,0,1
2792,1,0,1,1,1,0,0,1,0,0,1,1
2793,1,0,1,1,1,0,0,0,1,1,1,0
2794,1,0,1,1,1,0,0,0,1,1,0,1
2795,1,0,1,1,1,0,0,0,1,0,1,1
2796,1,0,1,1,1,0,0,0,0,1,1,1
2797,1,0,1,1,0,1,1,1,1,0,0,0
2798,1,0,1,1,0,1,1,1,0,1,0,0
2799,1,0,1,1,0,1,1,1,0,0,1,0
2800,1,0,1,1,0,1,1,1,0,0,0,1
2801,1,0,1,1,0,1,1,0,1,1,0,0
2802,1,0,1,1,0,1,1,0,1,0,1,0
2803,1,0,1,1,0,1,1,0,1,0,0,1
2804,1,0,1,1,0,1,1,0,0,1,1,0
2805,1,0,1,1,0,1,1,0,0,1,0,1
2806,1,0,1,1,0,1,1,0,0,0,1,1
2807,1,0,1,1,0,1,0,1,1,1,0,0
2808,1,0,1,1,0,1,0,1,1,0,1,0
2809,1,0,1,1,0,1,0,1,1,0,0,1
2810,1,0,1,1,0,1,0,1,0,1,1,0
2811,1,0,1,1,0,1,0,1,0,1,0,1
2812,1,0,1,1,0,1,0,1,0,0,1,1
2813,1,0,1,1,0,1,0,0,1,1,1,0
2814,1,0,1,1,0,1,0,0,1,1,0,1
2815,1,0,1,1,0,1,0,0,1,0,1,1
2816,1,0,1,1,0,1,0,0,0,1,1,1
2817,1,0,1,1,0,0,1,1,1,1,0,0
2818,1,0,1,1,0,0,1,1,1,0,1,0
2819,1,0,1,1,0,0,1,1,1,0,0,1
2820,1,0,1,1,0,0,1,1,0,1,1,0
2821,1,0,1,1,0,0,1,1,0,1,0,1
2822,1,0,1,1,0,0,1,1,0,0,1,1
2823,1,0,1,1,0,0,1,0,1,1,1,0
2824,1,0,1,1,0,0,1,0,1,1,0,1
2825,1,0,1,1,0,0,1,0,1,0,1,1
2826,1,0,1,1,0,0,1,0,0,1,1,1
2827,1,0,1,1,0,0,0,1,1,1,1,0
2828,1,0,1,1,0,0,0,1,1,1,0,1
2829,1,0,1,1,0,0,0,1,1,0,1,1
2830,1,0,1,1,0,0,0,1,0,1,1,1
2831,1,0,1,1,0,0,0,0,1,1,1,1
2832,1,0,1,0,1,1,1,1,1,0,0,0
2833,1,0,1,0,1,1,1,1,0,1,0,0
2834,1,0,1,0,1,1,1,1,0,0,1,0
2835,1,0,1,0,1,1,1,1,0,0,0,1
2836,1,0,1,0,1,1,1,0,1,1,0,0
2837,1,0,1,0,1,1,1,0,1,0,1,0
2838,1,0,1,0,1,1,1,0,1,0,0,1
2839,1,0,1,0,1,1,1,0,0,1,1,0
2840,1,0,1,0,1,1,1,0,0,1,0,1
2841,1,0,1,0,1,1,1,0,0,0,1,1
2842,1,0,1,0,1,1,0,1,1,1,0,0
2843,1,0,1,0,1,1,0,1,1,0,1,0
2844,1,0,1,0,1,1,0,1,1,0,0,1
2845,1,0,1,0,1,1,0,1,0,1,1,0
2846,1,0,1,0,1,1,0,1,0,1,0,1
2847,1,0,1,0,1,1,0,1,0,0,1,1
2848,1,0,1,0,1,1,0,0,1,1,1,0
2849,1,0,1,0,1,1,0,0,1,1,0,1
2850,1,0,1,0,1,1,0,0,1,0,1,1
2851,1,0,1,0,1,1,0,0,0,1,1,1
2852,1,0,1,0,1,0,1,1,1,1,0,0
2853,1,0,1,0,1,0,1,1,1,0,1,0
2854,1,0,1,0,1,0,1,1,1,0,0,1
2855,1,0,1,0,1,0,1,1,0,1,1,0
2856,1,0,1,0,1,0,1,1,0,1,0,1
2857,1,0,1,0,1,0,1,1,0,0,1,1
2858,1,0,1,0,1,0,1,0,1,1,1,0
2859,1,0,1,0,1,0,1,0,1,1,0,1
2860,1,0,1,0,1,0,1,0,1,0,1,1
2861,1,0,1,0,1,0,1,0,0,1,1,1
2862,1,0,1,0,1,0,0,1,1,1,1,0
2863,1,0,1,0,1,0,0,1,1,1,0,1
2864,1,0,1,0,1,0,0,1,1,0,1,1
2865,1,0,1,0,1,0,0,1,0,1,1,1
2866,1,0,1,0,1,0,0,0,1,1,1,1
2867,1,0,1,0,0,1,1,1,1,1,0,0
2868,1,0,1,0,0,1,1,1,1,0,1,0
2869,1,0,1,0,0,1,1,1,1,0,0,1
2870,1,0,1,0,0,1,1,1,0,1,1,0
2871,1,0,1,0,0,1,1,1,0,1,0,1
2872,1,0,1,0,0,1,1,1,0,0,1,1
2873,1,0,1,0,0,1,1,0,1,1,1,0
2874,1,0,1,0,0,1,1,0,1,1,0,1
2875,1,0,1,0,0,1,1,0,1,0,1,1
2876,1,0,1,0,0,1,1,0,0,1,1,1
2877,1,0,1,0,0,1,0,1,1,1,1,0
2878,1,0,1,0,0,1,0,1,1,1,0,1
2879,1,0,1,0,0,1,0,1,1,0,1,1
2880,1,0,1,0,0,1,0,1,0,1,1,1
2881,1,0,1,0,0,1,0,0,1,1,1,1
2882,1,0,1,0,0,0,1,1,1,1,1,0
2883,1,0,1,0,0,0,1,1,1,1,0,1
2884,1,0,1,0,0,0,1,1,1,0,1,1
2885,1,0,1,0,0,0,1,1,0,1,1,1
2886,1,0,1,0,0,0,1,0,1,1,1,1
2887,1,0,1,0,0,0,0,1,1,1,1,1
2888,1,0,0,1,1,1,1,1,1,0,0,0
2889,1,0,0,1,1,1,1,1,0,1,0,0
2890,1,0,0,1,1,1,1,1,0,0,1,0
2891,1,0,0,1,1,1,1,1,0,0,0,1
2892,1,0,0,1,1,1,1,0,1,1,0,0
2893,1,0,0,1,1,1,1,0,1,0,1,0
2894,1,0,0,1,1,1,1,0,1,0,0,1
2895,1,0,0,1,1,1,1,0,0,1,1,0
2896,1,0,0,1,1,1,1,0,0,1,0,1
2897,1,0,0,1,1,1,1,0,0,0,1,1
2898,1,0,0,1,1,1,0,1,1,1,0,0
2899,1,0,0,1,1,1,0,1,1,0,1,0
2900,1,0,0,1,1,1,0,1,1,0,0,1
2901,1,0,0,1,1,1,0,1,0,1,1,0
2902,1,0,0,1,1,1,0,1,0,1,0,1
2903,1,0,0,1,1,1,0,1,0,0,1,1
2904,1,0,0,1,1,1,0,0,1,1,1,0
2905,1,0,0,1,1,1,0,0,1,1,0,1
2906,1,0,0,1,1,1,0,0,1,0,1,1
2907,1,0,0,1,1,1,0,0,0,1,1,1
2908,1,0,0,1,1,0,1,1,1,1,0,0
2909,1,0,0,1,1,0,1,1,1,0,1,0
2910,1,0,0,1,1,0,1,1,1,0,0,1
2911,1,0,0,1,1,0,1,1,0,1,1,0
2912,1,0,0,1,1,0,1,1,0,1,0,1
2913,1,0,0,1,1,0,1,1,0,0,1,1
2914,1,0,0,1,1,0,1,0,1,1,1,0
2915,1,0,0,1,1,0,1,0,1,1,0,1
2916,1,0,0,1,1,0,1,0,1,0,1,1
2917,1,0,0,1,1,0,1,0,0,1,1,1
2918,1,0,0,1,1,0,0,1,1,1,1,0
2919,1,0,0,1,1,0,0,1,1,1,0,1
2920,1,0,0,1,1,0,0,1,1,0,1,1
2921,1,0,0,1,1,0,0,1,0,1,1,1
2922,1,0,0,1,1,0,0,0,1,1,1,1
2923,1,0,0,1,0,1,1,1,1,1,0,0
2924,1,0,0,1,0,1,1,1,1,0,1,0
2925,1,0,0,1,0,1,1,1,1,0,0,1
2926,1,0,0,1,0,1,1,1,0,1,1,0
2927,1,0,0,1,0,1,1,1,0,1,0,1
2928,1,0,0,1,0,1,1,1,0,0,1,1
2929,1,0,0,1,0,1,1,0,1,1,1,0
2930,1,0,0,1,0,1,1,0,1,1,0,1
2931,1,0,0,1,0,1,1,0,1,0,1,1
2932,1,0,0,1,0,1,1,0,0,1,1,1
2933,1,0,0,1,0,1,0,1,1,1,1,0
2934,1,0,0,1,0,1,0,1,1,1,0,1
2935,1,0,0,1,0,1,0,1,1,0,1,1
2936,1,0,0,1,0,1,0,1,0,1,1,1
2937,1,0,0,1,0,1,0,0,1,1,1,1
2938,1,0,0,1,0,0,1,1,1,1,1,0
2939,1,0,0,1,0,0,1,1,1,1,0,1
2940,1,0,0,1,0,0,1,1,1,0,1,1
2941,1,0,0,1,0,0,1,1,0,1,1,1
2942,1,0,0,1,0,0,1,0,1,1,1,1
2943,1,0,0,1,0,0,0,1,1,1,1,1
2944,1,0,0,0,1,1,1,1,1,1,0,0
2945,1,0,0,0,1,1,1,1,1,0,1,0
2946,1,0,0,0,1,1,1,1,1,0,0,1
2947,1,0,0,0,1,1,1,1,0,1,1,0
2948,1,0,0,0,1,1,1,1,0,1,0,1
2949,1,0,0,0,1,1,1,1,0,0,1,1
2950,1,0,0,0,1,1,1,0,1,1,1,0
2951,1,0,0,0,1,1,1,0,1,1,0,1
2952,1,0,0,0,1,1,1,0,1,0,1,1
2953,1,0,0,0,1,1,1,0,0,1,1,1
2954,1,0,0,0,1,1,0,1,1,1,1,0
2955,1,0,0,0,1,1,0,1,1,1,0,1
2956,1,0,0,0,1,1,0,1,1,0,1,1
2957,1,0,0,0,1,1,0,1,0,1,1,1
2958,1,0,0,0,1,1,0,0,1,1,1,1
2959,1,0,0,0,1,0,1,1,1,1,1,0
2960,1,0,0,0,1,0,1,1,1,1,0,1
2961,1,0,0,0,1,0,1,1,1,0,1,1
2962,1,0,0,0,1,0,1,1,0,1,1,1
2963,1,0,0,0,1,0,1,0,1,1,1,1
2964,1,0,0,0,1,0,0,1,1,1,1,1
2965,1,0,0,0,0,1,1,1,1,1,1,0
2966,1,0,0,0,0,1,1,1,1,1,0,1
2967,1,0,0,0,0,1,1,1,1,0,1,1
2968,1,0,0,0,0,1,1,1,0,1,1,1
2969,1,0,0,0,0,1,1,0,1,1,1,1
2970,1,0,0,0,0,1,0,1,1,1,1,1
2971,1,0,0,0,0,0,1,1,1,1,1,1
2972,0,1,1,1,1,1,1,1,0,0,0,0
2973,0,1,1,1,1,1,1,0,1,0,0,0
2974,0,1,1,1,1,1,1,0,0,1,0,0
2975,0,1,1,1,1,1,1,0,0,0,1,0
2976,0,1,1,1,1,1,1,0,0,0,0,1
2977,0,1,1,1,1,1,0,1,1,0,0,0
2978,0,1,1,1,1,1,0,1,0,1,0,0
2979,0,1,1,1,1,1,0,1,0,0,1,0
2980,0,1,1,1,1,1,0,1,0,0,0,1
2981,0,1,1,1,1,1,0,0,1,1,0,0
2982,0,1,1,1,1,1,0,0,1,0,1,0
2983,0,1,1,1,1,1,0,0,1,0,0,1
2984,0,1,1,1,1,1,0,0,0,1,1,0
2985,0,1,1,1,1,1,0,0,0,1,0,1
2986,0,1,1,1,1,1,0,0,0,0,1,1
2987,0,1,1,1,1,0,1,1,1,0,0,0
2988,0,1,1,1,1,0,1,1,0,1,0,0
2989,0,1,1,1,1,0,1,1,0,0,1,0
2990,0,1,1,1,1,0,1,1,0,0,0,1
2991,0,1,1,1,1,0,1,0,1,1,0,0
2992,0,1,1,1,1,0,1,0,1,0,1,0
2993,0,1,1,1,1,0,1,0,1,0,0,1
2994,0,1,1,1,1,0,1,0,0,1,1,0
2995,0,1,1,1,1,0,1,0,0,1,0,1
2996,0,1,1,1,1,0,1,0,0,0,1,1
2997,0,1,1,1,1,0,0,1,1,1,0,0
2998,0,1,1,1,1,0,0,1,1,0,1,0
2999,0,1,1,1,1,0,0,1,1,0,0,1
3000,0,1,1,1,1,0,0,1,0,1,1,0
3001,0,1,1,1,1,0,0,1,0,1,0,1
3002,0,1,1,1,1,0,0,1,0,0,1,1
3003,0,1,1,1,1,0,0,0,1,1,1,0
3004,0,1,1,1,1,0,0,0,1,1,0,1
3005,0,1,1,1,1,0,0,0,1,0,1,1
3006,0,1,1,1,1,0,0,0,0,1,1,1
3007,0,1,1,1,0,1,1,1,1,0,0,0
3008,0,1,1,1,0,1,1,1,0,1,0,0
3009,0,1,1,1,0,1,1,1,0,0,1,0
3010,0,1,1,1,0,1,1,1,0,0,0,1
3011,0,1,1,1,0,1,1,0,1,1,0,0
3012,0,1,1,1,0,1,1,0,1,0,1,0
3013,0,1,1,1,0,1,1,0,1,0,0,1
3014,0,1,1,1,0,1,1,0,0,1,1,0
3015,0,1,1,1,0,1,1,0,0,1,0,1
3016,0,1,1,1,0,1,1,0,0,0,1,1
3017,0,1,1,1,0,1,0,1,1,1,0,0
3018,0,1,1,1,0,1,0,1,1,0,1,0
3019,0,1,1,1,0,1,0,1,1,0,0,1
3020,0,1,1,1,0,1,0,1,0,1,1,0
3021,0,1,1,1,0,1,0,1,0,1,0,1
3022,0,1,1,1,0,1,0,1,0,0,1,1
3023,0,1,1,1,0,1,0,0,1,1,1,0
3024,0,1,1,1,0,1,0,0,1,1,0,1
3025,0,1,1,1,0,1,0,0,1,0,1,1
3026,0,1,1,1,0,1,0,0,0,1,1,1
3027,0,1,1,1,0,0,1,1,1,1,0,0
3028,0,1,1,1,0,0,1,1,1,0,1,0
3029,0,1,1,1,0,0,1,1,1,0,0,1
3030,0,1,1,1,0,0,1,1,0,1,1,0
3031,0,1,1,1,0,0,1,1,0,1,0,1
3032,0,1,1,1,0,0,1,1,0,0,1,1
3033,0,1,1,1,0,0,1,0,1,1,1,0
3034,0,1,1,1,0,0,1,0,1,1,0,1
3035,0,1,1,1,0,0,1,0,1,0,1,1
3036,0,1,1,1,0,0,1,0,0,1,1,1
3037,0,1,1,1,0,0,0,1,1,1,1,0
3038,0,1,1,1,0,0,0,1,1,1,0,1
3039,0,1,1,1,0,0,0,1,1,0,1,1
3040,0,1,1,1,0,0,0,1,0,1,1,1
3041,0,1,1,1,0,0,0,0,1,1,1,1
3042,0,1,1,0,1,1,1,1,1,0,0,0
3043,0,1,1,0,1,1,1,1,0,1,0,0
3044,0,1,1,0,1,1,1,1,0,0,1,0
3045,0,1,1,0,1,1,1,1,0,0,0,1
3046,0,1,1,0,1,1,1,0,1,1,0,0
3047,0,1,1,0,1,1,1,0,1,0,1,0
3048,0,1,1,0,1,1,1,0,1,0,0,1
3049,0,1,1,0,1,1,1,0,0,1,1,0
3050,0,1,1,0,1,1,1,0,0,1,0,1
3051,0,1,1,0,1,1,1,0,0,0,1,1
3052,0,1,1,0,1,1,0,1,1,1,0,0
3053,0,1,1,0,1,1,0,1,1,0,1,0
3054,0,1,1,0,1,1,0,1,1,0,0,1
3055,0,1,1,0,1,1,0,1,0,1,1,0
3056,0,1,1,0,1,1,0,1,0,1,0,1
3057,0,1,1,0,1,1,0,1,0,0,1,1
3058,0,1,1,0,1,1,0,0,1,1,1,0
3059,0,1,1,0,1,1,0,0,1,1,0,1
3060,0,1,1,0,1,1,0,0,1,0,1,1
3061,0,1,1,0,1,1,0,0,0,1,1,1
3062,0,1,1,0,1,0,1,1,1,1,0,0
3063,0,1,1,0,1,0,1,1,1,0,1,0
3064,0,1,1,0,1,0,1,1,1,0,0,1
3065,0,1,1,0,1,0,1,1,0,1,1,0
3066,0,1,1,0,1,0,1,1,0,1,0,1
3067,0,1,1,0,1,0,1,1,0,0,1,1
3068,0,1,1,0,1,0,1,0,1,1,1,0
3069,0,1,1,0,1,0,1,0,1,1,0,1
3070,0,1,1,0,1,0,1,0,1,0,1,1
3071,0,1,1,0,1,0,1,0,0,1,1,1
3072,0,1,1,0,1,0,0,1,1,1,1,0
3073,0,1,1,0,1,0,0,1,1,1,0,1
3074,0,1,1,0,1,0,0,1,1,0,1,1
3075,0,1,1,0,1,0,0,1,0,1,1,1
3076,0,1,1,0,1,0,0,0,1,1,1,1
3077,0,1,1,0,0,1,1,1,1,1,0,0
3078,0,1,1,0,0,1,1,1,1,0,1,0
3079,0,1,1,0,0,1,1,1,1,0,0,1
3080,0,1,1,0,0,1,1,1,0,1,1,0
3081,0,1,1,0,0,1,1,1,0,1,0,1
3082,0,1,1,0,0,1,1,1,0,0,1,1
3083,0,1,1,0,0,1,1,0,1,1,1,0
3084,0,1,1,0,0,1,1,0,1,1,0,1
3085,0,1,1,0,0,1,1,0,1,0,1,1
3086,0,1,1,0,0,1,1,0,0,1,1,1
3087,0,1,1,0,0,1,0,1,1,1,1,0
3088,0,1,1,0,0,1,0,1,1,1,0,1
3089,0,1,1,0,0,1,0,1,1,0,1,1
3090,0,1,1,0,0,1,0,1,0,1,1,1
3091,0,1,1,0,0,1,0,0,1,1,1,1
3092,0,1,1,0,0,0,1,1,1,1,1,0
3093,0,1,1,0,0,0,1,1,1,1,0,1
3094,0,1,1,0,0,0,1,1,1,0,1,1
3095,0,1,1,0,0,0,1,1,0,1,1,1
3096,0,1,1,0,0,0,1,0,1,1,1,1
3097,0,1,1,0,0,0,0,1,1,1,1,1
3098,0,1,0,1,1,1,1,1,1,0,0,0
3099,0,1,0,1,1,1,1,1,0,1,0,0
3100,0,1,0,1,1,1,1,1,0,0,1,0
3101,0,1,0,1,1,1,1,1,0,0,0,1
3102,0,1,0,1,1,1,1,0,1,1,0,0
3103,0,1,0,1,1,1,1,0,1,0,1,0
3104,0,1,0,1,1,1,1,0,1,0,0,1
3105,0,1,0,1,1,1,1,0,0,1,1,0
3106,0,1,0,1,1,1,1,0,0,1,0,1
3107,0,1,0,1,1,1,1,0,0,0,1,1
3108,0,1,0,1,1,1,0,1,1,1,0,0
3109,0,1,0,1,1,1,0,1,1,0,1,0
3110,0,1,0,1,1,1,0,1,1,0,0,1
3111,0,1,0,1,1,1,0,1,0,1,1,0
3112,0,1,0,1,1,1,0,1,0,1,0,1
3113,0,1,0,1,1,1,0,1,0,0,1,1
3114,0,1,0,1,1,1,0,0,1,1,1,0
3115,0,1,0,1,1,1,0,0,1,1,0,1
3116,0,1,0,1,1,1,0,0,1,0,1,1
3117,0,1,0,1,1,1,0,0,0,1,1,1
3118,0,1,0,1,1,0,1,1,1,1,0,0
3119,0,1,0,1,1,0,1,1,1,0,1,0
3120,0,1,0,1,1,0,1,1,1,0,0,1
3121,0,1,0,1,1,0,1,1,0,1,1,0
3122,0,1,0,1,1,0,1,1,0,1,0,1
3123,0,1,0,1,1,0,1,1,0,0,1,1
3124,0,1,0,1,1,0,1,0,1,1,1,0
3125,0,1,0,1,1,0,1,0,1,1,0,1
3126,0,1,0,1,1,0,1,0,1,0,1,1
3127,0,1,0,1,1,0,1,0,0,1,1,1
3128,0,1,0,1,1,0,0,1,1,1,1,0
3129,0,1,0,1,1,0,0,1,1,1,0,1
3130,0,1,0,1,1,0,0,1,1,0,1,1
3131,0,1,0,1,1,0,0,1,0,1,1,1
3132,0,1,0,1,1,0,0,0,1,1,1,1
3133,0,1,0,1,0,1,1,1,1,1,0,0
3134,0,1,0,1,0,1,1,1,1,0,1,0
3135,0,1,0,1,0,1,1,1,1,0,0,1
3136,0,1,0,1,0,1,1,1,0,1,1,0
3137,0,1,0,1,0,1,1,1,0,1,0,1
3138,0,1,0,1,0,1,1,1,0,0,1,1
3139,0,1,0,1,0,1,1,0,1,1,1,0
3140,0,1,0,1,0,1,1,0,1,1,0,1
3141,0,1,0,1,0,1,1,0,1,0,1,1
3142,0,1,0,1,0,1,1,0,0,1,1,1
3143,0,1,0,1,0,1,0,1,1,1,1,0
3144,0,1,0,1,0,1,0,1,1,1,0,1
3145,0,1,0,1,0,1,0,1,1,0,1,1
3146,0,1,0,1,0,1,0,1,0,1,1,1
3147,0,1,0,1,0,1,0,0,1,1,1,1
3148,0,1,0,1,0,0,1,1,1,1,1,0
3149,0,1,0,1,0,0,1,1,1,1,0,1
3150,0,1,0,1,0,0,1,1,1,0,1,1
3151,0,1,0,1,0,0,1,1,0,1,1,1
3152,0,1,0,1,0,0,1,0,1,1,1,1
3153,0,1,0,1,0,0,0,1,1,1,1,1
3154,0,1,0,0,1,1,1,1,1,1,0,0
3155,0,1,0,0,1,1,1,1,1,0,1,0
3156,0,1,0,0,1,1,1,1,1,0,0,1
3157,0,1,0,0,1,1,1,1,0,1,1,0
3158,0,1,0,0,1,1,1,1,0,1,0,1
3159,0,1,0,0,1,1,1,1,0,0,1,1
3160,0,1,0,0,1,1,1,0,1,1,1,0
3161,0,1,0,0,1,1,1,0,1,1,0,1
3162,0,1,0,0,1,1,1,0,1,0,1,1
3163,0,1,0,0,1,1,1,0,0,1,1,1
3164,0,1,0,0,1,1,0,1,1,1,1,0
3165,0,1,0,0,1,1,0,1,1,1,0,1
3166,0,1,0,0,1,1,0,1,1,0,1,1
3167,0,1,0,0,1,1,0,1,0,1,1,1
3168,0,1,0,0,1,1,0,0,1,1,1,1
3169,0,1,0,0,1,0,1,1,1,1,1,0
3170,0,1,0,0,1,0,1,1,1,1,0,1
3171,0,1,0,0,1,0,1,1,1,0,1,1
3172,0,1,0,0,1,0,1,1,0,1,1,1
3173,0,1,0,0,1,0,1,0,1,1,1,1
3174,0,1,0,0,1,0,0,1,1,1,1,1
3175,0,1,0,0,0,1,1,1,1,1,1,0
3176,0,1,0,0,0,1,1,1,1,1,0,1
3177,0,1,0,0,0,1,1,1,1,0,1,1
3178,0,1,0,0,0,1,1,1,0,1,1,1
3179,0,1,0,0,0,1,1,0,1,1,1,1
3180,0,1,0,0,0,1,0,1,1,1,1,1
3181,0,1,0,0,0,0,1,1,1,1,1,1
3182,0,0,1,1,1,1,1,1,1,0,0,0
3183,0,0,1,1,1,1,1,1,0,1,0,0
3184,0,0,1,1,1,1,1,1,0,0,1,0
3185,0,0,1,1,1,1,1,1,0,0,0,1
3186,0,0,1,1,1,1,1,0,1,1,0,0
3187,0,0,1,1,1,1,1,0,1,0,1,0
3188,0,0,1,1,1,1,1,0,1,0,0,1
3189,0,0,1,1,1,1,1,0,0,1,1,0
3190,0,0,1,1,1,1,1,0,0,1,0,1
3191,0,0,1,1,1,1,1,0,0,0,1,1
3192,0,0,1,1,1,1,0,1,1,1,0,0
3193,0,0,1,1,1,1,0,1,1,0,1,0
3194,0,0,1,1,1,1,0,1,1,0,0,1
3195,0,0,1,1,1,1,0,1,0,1,1,0
3196,0,0,1,1,1,1,0,1,0,1,0,1
3197,0,0,1,1,1,1,0,1,0,0,1,1
3198,0,0,1,1,1,1,0,0,1,1,1,0
3199,0,0,1,1,1,1,0,0,1,1,0,1
3200,0,0,1,1,1,1,0,0,1,0,1,1
3201,0,0,1,1,1,1,0,0,0,1,1,1
3202,0,0,1,1,1,0,1,1,1,1,0,0
3203,0,0,1,1,1,0,1,1,1,0,1,0
3204,0,0,1,1,1,0,1,1,1,0,0,1
3205,0,0,1,1,1,0,1,1,0,1,1,0
3206,0,0,1,1,1,0,1,1,0,1,0,1
3207,0,0,1,1,1,0,1,1,0,0,1,1
3208,0,0,1,1,1,0,1,0,1,1,1,0
3209,0,0,1,1,1,0,1,0,1,1,0,1
3210,0,0,1,1,1,0,1,0,1,0,1,1
3211,0,0,1,1,1,0,1,0,0,1,1,1
3212,0,0,1,1,1,0,0,1,1,1,1,0
3213,0,0,1,1,1,0,0,1,1,1,0,1
3214,0,0,1,1,1,0,0,1,1,0,1,1
3215,0,0,1,1,1,0,0,1,0,1,1,1
3216,0,0,1,1,1,0,0,0,1,1,1,1
3217,0,0,1,1,0,1,1,1,1,1,0,0
3218,0,0,1,1,0,1,1,1,1,0,1,0
3219,0,0,1,1,0,1,1,1,1,0,0,1
3220,0,0,1,1,0,1,1,1,0,1,1,0
3221,0,0,1,1,0,1,1,1,0,1,0,1
3222,0,0,1,1,0,1,1,1,0,0,1,1
3223,0,0,1,1,0,1,1,0,1,1,1,0
3224,0,0,1,1,0,1,1,0,1,1,0,1
3225,0,0,1,1,0,1,1,0,1,0,1,1
3226,0,0,1,1,0,1,1,0,0,1,1,1
3227,0,0,1,1,0,1,0,1,1,1,1,0
3228,0,0,1,1,0,1,0,1,1,1,0,1
3229,0,0,1,1,0,1,0,1,1,0,1,1
3230,0,0,1,1,0,1,0,1,0,1,1,1
3231,0,0,1,1,0,1,0,0,1,1,1,1
3232,0,0,1,1,0,0,1,1,1,1,1,0
3233,0,0,1,1,0,0,1,1,1,1,0,1
3234,0,0,1,1,0,0,1,1,1,0,1,1
3235,0,0,1,1,0,0,1,1,0,1,1,1
3236,0,0,1,1,0,0,1,0,1,1,1,1
3237,0,0,1,1,0,0,0,1,1,1,1,1
3238,0,0,1,0,1,1,1,1,1,1,0,0
3239,0,0,1,0,1,1,1,1,1,0,1,0
3240,0,0,1,0,1,1,1,1,1,0,0,1
3241,0,0,1,0,1,1,1,1,0,1,1,0
3242,0,0,1,0,1,1,1,1,0,1,0,1
3243,0,0,1,0,1,1,1,1,0,0,1,1
3244,0,0,1,0,1,1,1,0,1,1,1,0
3245,0,0,1,0,1,1,1,0,1,1,0,1
3246,0,0,1,0,1,1,1,0,1,0,1,1
3247,0,0,1,0,1,1,1,0,0,1,1,1
3248,0,0,1,0,1,1,0,1,1,1,1,0
3249,0,0,1,0,1,1,0,1,1,1,0,1
3250,0,0,1,0,1,1,0,1,1,0,1,1
3251,0,0,1,0,1,1,0,1,0,1,1,1
3252,0,0,1,0,1,1,0,0,1,1,1,1
3253,0,0,1,0,1,0,1,1,1,1,1,0
3254,0,0,1,0,1,0,1,1,1,1,0,1
3255,0,0,1,0,1,0,1,1,1,0,1,1
3256,0,0,1,0,1,0,1,1,0,1,1,1
3257,0,0,1,0,1,0,1,0,1,1,1,1
3258,0,0,1,0,1,0,0,1,1,1,1,1
3259,0,0,1,0,0,1,1,1,1,1,1,0
3260,0,0,1,0,0,1,1,1,1,1,0,1
3261,0,0,1,0,0,1,1,1,1,0,1,1
3262,0,0,1,0,0,1,1,1,0,1,1,1
3263,0,0,1,0,0,1,1,0,1,1,1,1
3264,0,0,1,0,0,1,0,1,1,1,1,1
3265,0,0,1,0,0,0,1,1,1,1,1,1
3266,0,0,0,1,1,1,1,1,1,1,0,0
3267,0,0,0,1,1,1,1,1,1,0,1,0
3268,0,0,0,1,1,1,1,1,1,0,0,1
3269,0,0,0,1,1,1,1,1,0,1,1,0
3270,0,0,0,1,1,1,1,1,0,1,0,1
3271,0,0,0,1,1,1,1,1,0,0,1,1
3272,0,0,0,1,1,1,1,0,1,1,1,0
3273,0,0,0,1,1,1,1,0,1,1,0,1
3274,0,0,0,1,1,1,1,0,1,0,1,1
3275,0,0,0,1,1,1,1,0,0,1,1,1
3276,0,0,0,1,1,1,0,1,1,1,1,0
3277,0,0,0,1,1,1,0,1,1,1,0,1
3278,0,0,0,1,1,1,0,1,1,0,1,1
3279,0,0,0,1,1,1,0,1,0,1,1,1
3280,0,0,0,1,1,1,0,0,1,1,1,1
3281,0,0,0,1,1,0,1,1,1,1,1,0
3282,0,0,0,1,1,0,1,1,1,1,0,1
3283,0,0,0,1,1,0,1,1,1,0,1,1
3284,0,0,0,1,1,0,1,1,0,1,1,1
3285,0,0,0,1,1,0,1,0,1,1,1,1
3286,0,0,0,1,1,0,0,1,1,1,1,1
3287,0,0,0,1,0,1,1,1,1,1,1,0
3288,0,0,0,1,0,1,1,1,1,1,0,1
3289,0,0,0,1,0,1,1,1,1,0,1,1
3290,0,0,0,1,0,1,1,1,0,1,1,1
3291,0,0,0,1,0,1,1,0,1,1,1,1
3292,0,0,0,1,0,1,0,1,1,1,1,1
3293,0,0,0,1,0,0,1,1,1,1,1,1
3294,0,0,0,0,1,1,1,1,1,1,1,0
3295,0,0,0,0,1,1,1,1,1,1,0,1
3296,0,0,0,0,1,1,1,1,1,0,1,1
3297,0,0,0,0,1,1,1,1,0,1,1,1
3298,0,0,0,0,1,1,1,0,1,1,1,1
3299,0,0,0,0,1,1,0,1,1,1,1,1
3300,0,0,0,0,1,0,1,1,1,1,1,1
3301,0,0,0,0,0,1,1,1,1,1,1,1
3302,1,1,1,1,1,1,1,1,0,0,0,0
3303,1,1,1,1,1,1,1,0,1,0,0,0
3304,1,1,1,1,1,1,1,0,0,1,0,0
3305,1,1,1,1,1,1,1,0,0,0,1,0
3306,1,1,1,1,1,1,1,0,0,0,0,1
3307,1,1,1,1,1,1,0,1,1,0,0,0
3308,1,1,1,1,1,1,0,1,0,1,0,0
3309,1,1,1,1,1,1,0,1,0,0,1,0
3310,1,1,1,1,1,1,0,1,0,0,0,1
3311,1,1,1,1,1,1,0,0,1,1,0,0
3312,1,1,1,1,1,1,0,0,1,0,1,0
3313,1,1,1,1,1,1,0,0,1,0,0,1
3314,1,1,1,1,1,1,0,0,0,1,1,0
3315,1,1,1,1,1,1,0,0,0,1,0,1
3316,1,1,1,1,1,1,0,0,0,0,1,1
3317,1,1,1,1,1,0,1,1,1,0,0,0
3318,1,1,1,1,1,0,1,1,0,1,0,0
3319,1,1,1,1,1,0,1,1,0,0,1,0
3320,1,1,1,1,1,0,1,1,0,0,0,1
3321,1,1,1,1,1,0,1,0,1,1,0,0
3322,1,1,1,1,1,0,1,0,1,0,1,0
3323,1,1,1,1,1,0,1,0,1,0,0,1
3324,1,1,1,1,1,0,1,0,0,1,1,0
3325,1,1,1,1,1,0,1,0,0,1,0,1
3326,1,1,1,1,1,0,1,0,0,0,1,1
3327,1,1,1,1,1,0,0,1,1,1,0,0
3328,1,1,1,1,1,0,0,1,1,0,1,0
3329,1,1,1,1,1,0,0,1,1,0,0,1
3330,1,1,1,1,1,0,0,1,0,1,1,0
3331,1,1,1,1,1,0,0,1,0,1,0,1
3332,1,1,1,1,1,0,0,1,0,0,1,1
3333,1,1,1,1,1,0,0,0,1,1,1,0
3334,1,1,1,1,1,0,0,0,1,1,0,1
3335,1,1,1,1,1,0,0,0,1,0,1,1
3336,1,1,1,1,1,0,0,0,0,1,1,1
3337,1,1,1,1,0,1,1,1,1,0,0,0
3338,1,1,1,1,0,1,1,1,0,1,0,0
3339,1,1,1,1,0,1,1,1,0,0,1,0
3340,1,1,1,1,0,1,1,1,0,0,0,1
3341,1,1,1,1,0,1,1,0,1,1,0,0
3342,1,1,1,1,0,1,1,0,1,0,1,0
3343,1,1,1,1,0,1,1,0,1,0,0,1
3344,1,1,1,1,0,1,1,0,0,1,1,0
3345,1,1,1,1,0,1,1,0,0,1,0,1
3346,1,1,1,1,0,1,1,0,0,0,1,1
3347,1,1,1,1,0,1,0,1,1,1,0,0
3348,1,1,1,1,0,1,0,1,1,0,1,0
3349,1,1,1,1,0,1,0,1,1,0,0,1
3350,1,1,1,1,0,1,0,1,0,1,1,0
3351,1,1,1,1,0,1,0,1,0,1,0,1
3352,1,1,1,1,0,1,0,1,0,0,1,1
3353,1,1,1,1,0,1,0,0,1,1,1,0
3354,1,1,1,1,0,1,0,0,1,1,0,1
3355,1,1,1,1,0,1,0,0,1,0,1,1
3356,1,1,1,1,0,1,0,0,0,1,1,1
3357,1,1,1,1,0,0,1,1,1,1,0,0
3358,1,1,1,1,0,0,1,1,1,0,1,0
3359,1,1,1,1,0,0,1,1,1,0,0,1
3360,1,1,1,1,0,0,1,1,0,1,1,0
3361,1,1,1,1,0,0,1,1,0,1,0,1
3362,1,1,1,1,0,0,1,1,0,0,1,1
3363,1,1,1,1,0,0,1,0,1,1,1,0
3364,1,1,1,1,0,0,1,0,1,1,0,1
3365,1,1,1,1,0,0,1,0,1,0,1,1
3366,1,1,1,1,0,0,1,0,0,1,1,1
3367,1,1,1,1,0,0,0,1,1,1,1,0
3368,1,1,1,1,0,0,0,1,1,1,0,1
3369,1,1,1,1,0,0,0,1,1,0,1,1
3370,1,1,1,1,0,0,0,1,0,1,1,1
3371,1,1,1,1,0,0,0,0,1,1,1,1
3372,1,1,1,0,1,1,1,1,1,0,0,0
3373,1,1,1,0,1,1,1,1,0,1,0,0
3374,1,1,1,0,1,1,1,1,0,0,1,0
3375,1,1,1,0,1,1,1,1,0,0,0,1
3376,1,1,1,0,1,1,1,0,1,1,0,0
3377,1,1,1,0,1,1,1,0,1,0,1,0
3378,1,1,1,0,1,1,1,0,1,0,0,1
3379,1,1,1,0,1,1,1,0,0,1,1,0
3380,1,1,1,0,1,1,1,0,0,1,0,1
3381,1,1,1,0,1,1,1,0,0,0,1,1
3382,1,1,1,0,1,1,0,1,1,1,0,0
3383,1,1,1,0,1,1,0,1,1,0,1,0
3384,1,1,1,0,1,1,0,1,1,0,0,1
3385,1,1,1,0,1,1,0,1,0,1,1,0
3386,1,1,1,0,1,1,0,1,0,1,0,1
3387,1,1,1,0,1,1,0,1,0,0,1,1
3388,1,1,1,0,1,1,0,0,1,1,1,0
3389,1,1,1,0,1,1,0,0,1,1,0,1
3390,1,1,1,0,1,1,0,0,1,0,1,1
3391,1,1,1,0,1,1,0,0,0,1,1,1
3392,1,1,1,0,1,0,1,1,1,1,0,0
3393,1,1,1,0,1,0,1,1,1,0,1,0
3394,1,1,1,0,1,0,1,1,1,0,0,1
3395,1,1,1,0,1,0,1,1,0,1,1,0
3396,1,1,1,0,1,0,1,1,0,1,0,1
3397,1,1,1,0,1,0,1,1,0,0,1,1
3398,1,1,1,0,1,0,1,0,1,1,1,0
3399,1,1,1,0,1,0,1,0,1,1,0,1
3400,1,1,1,0,1,0,1,0,1,0,1,1
3401,1,1,1,0,1,0,1,0,0,1,1,1
3402,1,1,1,0,1,0,0,1,1,1,1,0
3403,1,1,1,0,1,0,0,1,1,1,0,1
3404,1,1,1,0,1,0,0,1,1,0,1,1
3405,1,1,1,0,1,0,0,1,0,1,1,1
3406,1,1,1,0,1,0,0,0,1,1,1,1
3407,1,1,1,0,0,1,1,1,1,1,0,0
3408,1,1,1,0,0,1,1,1,1,0,1,0
3409,1,1,1,0,0,1,1,1,1,0,0,1
3410,1,1,1,0,0,1,1,1,0,1,1,0
3411,1,1,1,0,0,1,1,1,0,1,0,1
3412,1,1,1,0,0,1,1,1,0,0,1,1
3413,1,1,1,0,0,1,1,0,1,1,1,0
3414,1,1,1,0,0,1,1,0,1,1,0,1
3415,1,1,1,0,0,1,1,0,1,0,1,1
3416,1,1,1,0,0,1,1,0,0,1,1,1
3417,1,1,1,0,0,1,0,1,1,1,1,0
3418,1,1,1,0,0,1,0,1,1,1,0,1
3419,1,1,1,0,0,1,0,1,1,0,1,1
3420,1,1,1,0,0,1,0,1,0,1,1,1
3421,1,1,1,0,0,1,0,0,1,1,1,1
3422,1,1,1,0,0,0,1,1,1,1,1,0
3423,1,1,1,0,0,0,1,1,1,1,0,1
3424,1,1,1,0,0,0,1,1,1,0,1,1
3425,1,1,1,0,0,0,1,1,0,1,1,1
3426,1,1,1,0,0,0,1,0,1,1,1,1
3427,1,1,1,0,0,0,0,1,1,1,1,1
3428,1,1,0,1,1,1,1,1,1,0,0,0
3429,1,1,0,1,1,1,1,1,0,1,0,0
3430,1,1,0,1,1,1,1,1,0,0,1,0
3431,1,1,0,1,1,1,1,1,0,0,0,1
3432,1,1,0,1,1,1,1,0,1,1,0,0
3433,1,1,0,1,1,1,1,0,1,0,1,0
3434,1,1,0,1,1,1,1,0,1,0,0,1
3435,1,1,0,1,1,1,1,0,0,1,1,0
3436,1,1,0,1,1,1,1,0,0,1,0,1
3437,1,1,0,1,1,1,1,0,0,0,1,1
3438,1,1,0,1,1,1,0,1,1,1,0,0
3439,1,1,0,1,1,1,0,1,1,0,1,0
3440,1,1,0,1,1,1,0,1,1,0,0,1
3441,1,1,0,1,1,1,0,1,0,1,1,0
3442,1,1,0,1,1,1,0,1,0,1,0,1
3443,1,1,0,1,1,1,0,1,0,0,1,1
3444,1,1,0,1,1,1,0,0,1,1,1,0
3445,1,1,0,1,1,1,0,0,1,1,0,1
3446,1,1,0,1,1,1,0,0,1,0,1,1
3447,1,1,0,1,1,1,0,0,0,1,1,1
3448,1,1,0,1,1,0,1,1,1,1,0,0
3449,1,1,0,1,1,0,1,1,1,0,1,0
3450,1,1,0,1,1,0,1,1,1,0,0,1
3451,1,1,0,1,1,0,1,1,0,1,1,0
3452,1,1,0,1,1,0,1,1,0,1,0,1
3453,1,1,0,1,1,0,1,1,0,0,1,1
3454,1,1,0,1,1,0,1,0,1,1,1,0
3455,1,1,0,1,1,0,1,0,1,1,0,1
3456,1,1,0,1,1,0,1,0,1,0,1,1
3457,1,1,0,1,1,0,1,0,0,1,1,1
3458,1,1,0,1,1,0,0,1,1,1,1,0
3459,1,1,0,1,1,0,0,1,1,1,0,1
3460,1,1,0,1,1,0,0,1,1,0,1,1
3461,1,1,0,1,1,0,0,1,0,1,1,1
3462,1,1,0,1,1,0,0,0,1,1,1,1
3463,1,1,0,1,0,1,1,1,1,1,0,0
3464,1,1,0,1,0,1,1,1,1,0,1,0
3465,1,1,0,1,0,1,1,1,1,0,0,1
3466,1,1,0,1,0,1,1,1,0,1,1,0
3467,1,1,0,1,0,1,1,1,0,1,0,1
3468,1,1,0,1,0,1,1,1,0,0,1,1
3469,1,1,0,1,0,1,1,0,1,1,1,0
3470,1,1,0,1,0,1,1,0,1,1,0,1
3471,1,1,0,1,0,1,1,0,1,0,1,1
3472,1,1,0,1,0,1,1,0,0,1,1,1
3473,1,1,0,1,0,1,0,1,1,1,1,0
3474,1,1,0,1,0,1,0,1,1,1,0,1
3475,1,1,0,1,0,1,0,1,1,0,1,1
3476,1,1,0,1,0,1,0,1,0,1,1,1
3477,1,1,0,1,0,1,0,0,1,1,1,1
3478,1,1,0,1,0,0,1,1,1,1,1,0
3479,1,1,0,1,0,0,1,1,1,1,0,1
3480,1,1,0,1,0,0,1,1,1,0,1,1
3481,1,1,0,1,0,0,1,1,0,1,1,1
3482,1,1,0,1,0,0,1,0,1,1,1,1
3483,1,1,0,1,0,0,0,1,1,1,1,1
3484,1,1,0,0,1,1,1,1,1,1,0,0
3485,1,1,0,0,1,1,1,1,1,0,1,0
3486,1,1,0,0,1,1,1,1,1,0,0,1
3487,1,1,0,0,1,1,1,1,0,1,1,0
3488,1,1,0,0,1,1,1,1,0,1,0,1
3489,1,1,0,0,1,1,1,1,0,0,1,1
3490,1,1,0,0,1,1,1,0,1,1,1,0
3491,1,1,0,0,1,1,1,0,1,1,0,1
3492,1,1,0,0,1,1,1,0,1,0,1,1
3493,1,1,0,0,1,1,1,0,0,1,1,1
3494,1,1,0,0,1,1,0,1,1,1,1,0
3495,1,1,0,0,1,1,0,1,1,1,0,1
3496,1,1,0,0,1,1,0,1,1,0,1,1
3497,1,1,0,0,1,1,0,1,0,1,1,1
3498,1,1,0,0,1,1,0,0,1,1,1,1
3499,1,1,0,0,1,0,1,1,1,1,1,0
3500,1,1,0,0,1,0,1,1,1,1,0,1
3501,1,1,0,0,1,0,1,1,1,0,1,1
3502,1,1,0,0,1,0,1,1,0,1,1,1
3503,1,1,0,0,1,0,1,0,1,1,1,1
3504,1,1,0,0,1,0,0,1,1,1,1,1
3505,1,1,0,0,0,1,1,1,1,1,1,0
3506,1,1,0,0,0,1,1,1,1,1,0,1
3507,1,1,0,0,0,1,1,1,1,0,1,1
3508,1,1,0,0,0,1,1,1,0,1,1,1
3509,1,1,0,0,0,1,1,0,1,1,1,1
3510,1,1,0,0,0,1,0,1,1,1,1,1
3511,1,1,0,0,0,0,1,1,1,1,1,1
3512,1,0,1,1,1,1,1,1,1,0,0,0
3513,1,0,1,1,1,1,1,1,0,1,0,0
3514,1,0,1,1,1,1,1,1,0,0,1,0
3515,1,0,1,1,1,1,1,1,0,0,0,1
3516,1,0,1,1,1,1,1,0,1,1,0,0
3517,1,0,1,1,1,1,1,0,1,0,1,0
3518,1,0,1,1,1,1,1,0,1,0,0,1
3519,1,0,1,1,1,1,1,0,0,1,1,0
3520,1,0,1,1,1,1,1,0,0,1,0,1
3521,1,0,1,1,1,1,1,0,0,0,1,1
3522,1,0,1,1,1,1,0,1,1,1,0,0
3523,1,0,1,1,1,1,0,1,1,0,1,0
3524,1,0,1,1,1,1,0,1,1,0,0,1
3525,1,0,1,1,1,1,0,1,0,1,1,0
3526,1,0,1,1,1,1,0,1,0,1,0,1
3527,1,0,1,1,1,1,0,1,0,0,1,1
3528,1,0,1,1,1,1,0,0,1,1,1,0
3529,1,0,1,1,1,1,0,0,1,1,0,1
3530,1,0,1,1,1,1,0,0,1,0,1,1
3531,1,0,1,1,1,1,0,0,0,1,1,1
3532,1,0,1,1,1,0,1,1,1,1,0,0
3533,1,0,1,1,1,0,1,1,1,0,1,0
3534,1,0,1,1,1,0,1,1,1,0,0,1
3535,1,0,1,1,1,0,1,1,0,1,1,0
3536,1,0,1,1,1,0,1,1,0,1,0,1
3537,1,0,1,1,1,0,1,1,0,0,1,1
3538,1,0,1,1,1,0,1,0,1,1,1,0
3539,1,0,1,1,1,0,1,0,1,1,0,1
3540,1,0,1,1,1,0,1,0,1,0,1,1
3541,1,0,1,1,1,0,1,0,0,1,1,1
3542,1,0,1,1,1,0,0,1,1,1,1,0
3543,1,0,1,1,1,0,0,1,1,1,0,1
3544,1,0,1,1,1,0,0,1,1,0,1,1
3545,1,0,1,1,1,0,0,1,0,1,1,1
3546,1,0,1,1,1,0,0,0,1,1,1,1
3547,1,0,1,1,0,1,1,1,1,1,0,0
3548,1,0,1,1,0,1,1,1,1,0,1,0
3549,1,0,1,1,0,1,1,1,1,0,0,1
3550,1,0,1,1,0,1,1,1,0,1,1,0
3551,1,0,1,1,0,1,1,1,0,1,0,1
3552,1,0,1,1,0,1,1,1,0,0,1,1
3553,1,0,1,1,0,1,1,0,1,1,1,0
3554,1,0,1,1,0,1,1,0,1,1,0,1
3555,1,0,1,1,0,1,1,0,1,0,1,1
3556,1,0,1,1,0,1,1,0,0,1,1,1
3557,1,0,1,1,0,1,0,1,1,1,1,0
3558,1,0,1,1,0,1,0,1,1,1,0,1
3559,1,0,1,1,0,1,0,1,1,0,1,1
3560,1,0,1,1,0,1,0,1,0,1,1,1
3561,1,0,1,1,0,1,0,0,1,1,1,1
3562,1,0,1,1,0,0,1,1,1,1,1,0
3563,1,0,1,1,0,0,1,1,1,1,0,1
3564,1,0,1,1,0,0,1,1,1,0,1,1
3565,1,0,1,1,0,0,1,1,0,1,1,1
3566,1,0,1,1,0,0,1,0,1,1,1,1
3567,1,0,1,1,0,0,0,1,1,1,1,1
3568,1,0,1,0,1,1,1,1,1,1,0,0
3569,1,0,1,0,1,1,1,1,1,0,1,0
3570,1,0,1,0,1,1,1,1,1,0,0,1
3571,1,0,1,0,1,1,1,1,0,1,1,0
3572,1,0,1,0,1,1,1,1,0,1,0,1
3573,1,0,1,0,1,1,1,1,0,0,1,1
3574,1,0,1,0,1,1,1,0,1,1,1,0
3575,1,0,1,0,1,1,1,0,1,1,0,1
3576,1,0,1,0,1,1,1,0,1,0,1,1
3577,1,0,1,0,1,1,1,0,0,1,1,1
3578,1,0,1,0,1,1,0,1,1,1,1,0
3579,1,0,1,0,1,1,0,1,1,1,0,1
3580,1,0,1,0,1,1,0,1,1,0,1,1
3581,1,0,1,0,1,1,0,1,0,1,1,1
3582,1,0,1,0,1,1,0,0,1,1,1,1
3583,1,0,1,0,1,0,1,1,1,1,1,0
3584,1,0,1,0,1,0,1,1,1,1,0,1
3585,1,0,1,0,1,0,1,1,1,0,1,1
3586,1,0,1,0,1,0,1,1,0,1,1,1
3587,1,0,1,0,1,0,1,0,1,1,1,1
3588,1,0,1,0,1,0,0,1,1,1,1,1
3589,1,0,1,0,0,1,1,1,1,1,1,0
3590,1,0,1,0,0,1,1,1,1,1,0,1
3591,1,0,1,0,0,1,1,1,1,0,1,1
3592,1,0,1,0,0,1,1,1,0,1,1,1
3593,1,0,1,0,0,1,1,0,1,1,1,1
3594,1,0,1,0,0,1,0,1,1,1,1,1
3595,1,0,1,0,0,0,1,1,1,1,1,1
3596,1,0,0,1,1,1,1,1,1,1,0,0
3597,1,0,0,1,1,1,1,1,1,0,1,0
3598,1,0,0,1,1,1,1,1,1,0,0,1
3599,1,0,0,1,1,1,1,1,0,1,1,0
3600,1,0,0,1,1,1,1,1,0,1,0,1
3601,1,0,0,1,1,1,1,1,0,0,1,1
3602,1,0,0,1,1,1,1,0,1,1,1,0
3603,1,0,0,1,1,1,1,0,1,1,0,1
3604,1,0,0,1,1,1,1,0,1,0,1,1
3605,1,0,0,1,1,1,1,0,0,1,1,1
3606,1,0,0,1,1,1,0,1,1,1,1,0
3607,1,0,0,1,1,1,0,1,1,1,0,1
3608,1,0,0,1,1,1,0,1,1,0,1,1
3609,1,0,0,1,1,1,0,1,0,1,1,1
3610,1,0,0,1,1,1,0,0,1,1,1,1
3611,1,0,0,1,1,0,1,1,1,1,1,0
3612,1,0,0,1,1,0,1,1,1,1,0,1
3613,1,0,0,1,1,0,1,1,1,0,1,1
3614,1,0,0,1,1,0,1,1,0,1,1,1
3615,1,0,0,1,1,0,1,0,1,1,1,1
3616,1,0,0,1,1,0,0,1,1,1,1,1
3617,1,0,0,1,0,1,1,1,1,1,1,0
3618,1,0,0,1,0,1,1,1,1,1,0,1
3619,1,0,0,1,0,1,1,1,1,0,1,1
3620,1,0,0,1,0,1,1,1,0,1,1,1
3621,1,0,0,1,0,1,1,0,1,1,1,1
3622,1,0,0,1,0,1,0,1,1,1,1,1
3623,1,0,0,1,0,0,1,1,1,1,1,1
3624,1,0,0,0,1,1,1,1,1,1,1,0
3625,1,0,0,0,1,1,1,1,1,1,0,1
3626,1,0,0,0,1,1,1,1,1,0,1,1
3627,1,0,0,0,1,1,1,1,0,1,1,1
3628,1,0,0,0,1,1,1,0,1,1,1,1
3629,1,0,0,0,1,1,0,1,1,1,1,1
3630,1,0,0,0,1,0,1,1,1,1,1,1
3631,1,0,0,0,0,1,1,1,1,1,1,1
3632,0,1,1,1,1,1,1,1,1,0,0,0
3633,0,1,1,1,1,1,1,1,0,1,0,0
3634,0,1,1,1,1,1,1,1,0,0,1,0
3635,0,1,1,1,1,1,1,1,0,0,0,1
3636,0,1,1,1,1,1,1,0,1,1,0,0
3637,0,1,1,1,1,1,1,0,1,0,1,0
3638,0,1,1,1,1,1,1,0,1,0,0,1
3639,0,1,1,1,1,1,1,0,0,1,1,0
3640,0,1,1,1,1,1,1,0,0,1,0,1
3641,0,1,1,1,1,1,1,0,0,0,1,1
3642,0,1,1,1,1,1,0,1,1,1,0,0
3643,0,1,1,1,1,1,0,1,1,0,1,0
3644,0,1,1,1,1,1,0,1,1,0,0,1
3645,0,1,1,1,1,1,0,1,0,1,1,0
3646,0,1,1,1,1,1,0,1,0,1,0,1
3647,0,1,1,1,1,1,0,1,0,0,1,1
3648,0,1,1,1,1,1,0,0,1,1,1,0
3649,0,1,1,1,1,1,0,0,1,1,0,1
3650,0,1,1,1,1,1,0,0,1,0,1,1
3651,0,1,1,1,1,1,0,0,0,1,1,1
3652,0,1,1,1,1,0,1,1,1,1,0,0
3653,0,1,1,1,1,0,1,1,1,0,1,0
3654,0,1,1,1,1,0,1,1,1,0,0,1
3655,0,1,1,1,1,0,1,1,0,1,1,0
3656,0,1,1,1,1,0,1,1,0,1,0,1
3657,0,1,1,1,1,0,1,1,0,0,1,1
3658,0,1,1,1,1,0,1,0,1,1,1,0
3659,0,1,1,1,1,0,1,0,1,1,0,1
3660,0,1,1,1,1,0,1,0,1,0,1,1
3661,0,1,1,1,1,0,1,0,0,1,1,1
3662,0,1,1,1,1,0,0,1,1,1,1,0
3663,0,1,1,1,1,0,0,1,1,1,0,1
3664,0,1,1,1,1,0,0,1,1,0,1,1
3665,0,1,1,1,1,0,0,1,0,1,1,1
3666,0,1,1,1,1,0,0,0,1,1,1,1
3667,0,1,1,1,0,1,1,1,1,1,0,0
3668,0,1,1,1,0,1,1,1,1,0,1,0
3669,0,1,1,1,0,1,1,1,1,0,0,1
3670,0,1,1,1,0,1,1,1,0,1,1,0
3671,0,1,1,1,0,1,1,1,0,1,0,1
3672,0,1,1,1,0,1,1,1,0,0,1,1
3673,0,1,1,1,0,1,1,0,1,1,1,0
3674,0,1,1,1,0,1,1,0,1,1,0,1
3675,0,1,1,1,0,1,1,0,1,0,1,1
3676,0,1,1,1,0,1,1,0,0,1,1,1
3677,0,1,1,1,0,1,0,1,1,1,1,0
3678,0,1,1,1,0,1,0,1,1,1,0,1
3679,0,1,1,1,0,1,0,1,1,0,1,1
3680,0,1,1,1,0,1,0,1,0,1,1,1
3681,0,1,1,1,0,1,0,0,1,1,1,1
3682,0,1,1,1,0,0,1,1,1,1,1,0
3683,0,1,1,1,0,0,1,1,1,1,0,1
3684,0,1,1,1,0,0,1,1,1,0,1,1
3685,0,1,1,1,0,0,1,1,0,1,1,1
3686,0,1,1,1,0,0,1,0,1,1,1,1
3687,0,1,1,1,0,0,0,1,1,1,1,1
3688,0,1,1,0,1,1,1,1,1,1,0,0
3689,0,1,1,0,1,1,1,1,1,0,1,0
3690,0,1,1,0,1,1,1,1,1,0,0,1
3691,0,1,1,0,1,1,1,1,0,1,1,0
3692,0,1,1,0,1,1,1,1,0,1,0,1
3693,0,1,1,0,1,1,1,1,0,0,1,1
3694,0,1,1,0,1,1,1,0,1,1,1,0
3695,0,1,1,0,1,1,1,0,1,1,0,1
3696,0,1,1,0,1,1,1,0,1,0,1,1
3697,0,1,1,0,1,1,1,0,0,1,1,1
3698,0,1,1,0,1,1,0,1,1,1,1,0
3699,0,1,1,0,1,1,0,1,1,1,0,1
3700,0,1,1,0,1,1,0,1,1,0,1,1
3701,0,1,1,0,1,1,0,1,0,1,1,1
3702,0,1,1,0,1,1,0,0,1,1,1,1
3703,0,1,1,0,1,0,1,1,1,1,1,0
3704,0,1,1,0,1,0,1,1,1,1,0,1
3705,0,1,1,0,1,0,1,1,1,0,1,1
3706,0,1,1,0,1,0,1,1,0,1,1,1
3707,0,1,1,0,1,0,1,0,1,1,1,1
3708,0,1,1,0,1,0,0,1,1,1,1,1
3709,0,1,1,0,0,1,1,1,1,1,1,0
3710,0,1,1,0,0,1,1,1,1,1,0,1
3711,0,1,1,0,0,1,1,1,1,0,1,1
3712,0,1,1,0,0,1,1,1,0,1,1,1
3713,0,1,1,0,0,1,1,0,1,1,1,1
3714,0,1,1,0,0,1,0,1,1,1,1,1
3715,0,1,1,0,0,0,1,1,1,1,1,1
3716,0,1,0,1,1,1,1,1,1,1,0,0
3717,0,1,0,1,1,1,1,1,1,0,1,0
3718,0,1,0,1,1,1,1,1,1,0,0,1
3719,0,1,0,1,1,1,1,1,0,1,1,0
3720,0,1,0,1,1,1,1,1,0,1,0,1
3721,0,1,0,1,1,1,1,1,0,0,1,1
3722,0,1,0,1,1,1,1,0,1,1,1,0
3723,0,1,0,1,1,1,1,0,1,1,0,1
3724,0,1,0,1,1,1,1,0,1,0,1,1
3725,0,1,0,1,1,1,1,0,0,1,1,1
3726,0,1,0,1,1,1,0,1,1,1,1,0
3727,0,1,0,1,1,1,0,1,1,1,0,1
3728,0,1,0,1,1,1,0,1,1,0,1,1
3729,0,1,0,1,1,1,0,1,0,1,1,1
3730,0,1,0,1,1,1,0,0,1,1,1,1
3731,0,1,0,1,1,0,1,1,1,1,1,0
3732,0,1,0,1,1,0,1,1,1,1,0,1
3733,0,1,0,1,1,0,1,1,1,0,1,1
3734,0,1,0,1,1,0,1,1,0,1,1,1
3735,0,1,0,1,1,0,1,0,1,1,1,1
3736,0,1,0,1,1,0,0,1,1,1,1,1
3737,0,1,0,1,0,1,1,1,1,1,1,0
3738,0,1,0,1,0,1,1,1,1,1,0,1
3739,0,1,0,1,0,1,1,1,1,0,1,1
3740,0,1,0,1,0,1,1,1,0,1,1,1
3741,0,1,0,1,0,1,1,0,1,1,1,1
3742,0,1,0,1,0,1,0,1,1,1,1,1
3743,0,1,0,1,0,0,1,1,1,1,1,1
3744,0,1,0,0,1,1,1,1,1,1,1,0
3745,0,1,0,0,1,1,1,1,1,1,0,1
3746,0,1,0,0,1,1,1,1,1,0,1,1
3747,0,1,0,0,1,1,1,1,0,1,1,1
3748,0,1,0,0,1,1,1,0,1,1,1,1
3749,0,1,0,0,1,1,0,1,1,1,1,1
3750,0,1,0,0,1,0,1,1,1,1,1,1
3751,0,1,0,0,0,1,1,1,1,1,1,1
3752,0,0,1,1,1,1,1,1,1,1,0,0
3753,0,0,1,1,1,1,1,1,1,0,1,0
3754,0,0,1,1,1,1,1,1,1,0,0,1
3755,0,0,1,1,1,1,1,1,0,1,1,0
3756,0,0,1,1,1,1,1,1,0,1,0,1
3757,0,0,1,1,1,1,1,1,0,0,1,1
3758,0,0,1,1,1,1,1,0,1,1,1,0
3759,0,0,1,1,1,1,1,0,1,1,0,1
3760,0,0,1,1,1,1,1,0,1,0,1,1
3761,0,0,1,1,1,1,1,0,0,1,1,1
3762,0,0,1,1,1,1,0,1,1,1,1,0
3763,0,0,1,1,1,1,0,1,1,1,0,1
3764,0,0,1,1,1,1,0,1,1,0,1,1
3765,0,0,1,1,1,1,0,1,0,1,1,1
3766,0,0,1,1,1,1,0,0,1,1,1,1
3767,0,0,1,1,1,0,1,1,1,1,1,0
3768,0,0,1,1,1,0,1,1,1,1,0,1
3769,0,0,1,1,1,0,1,1,1,0,1,1
3770,0,0,1,1,1,0,1,1,0,1,1,1
3771,0,0,1,1,1,0,1,0,1,1,1,1
3772,0,0,1,1,1,0,0,1,1,1,1,1
3773,0,0,1,1,0,1,1,1,1,1,1,0
3774,0,0,1,1,0,1,1,1,1,1,0,1
3775,0,0,1,1,0,1,1,1,1,0,1,1
3776,0,0,1,1,0,1,1,1,0,1,1,1
3777,0,0,1,1,0,1,1,0,1,1,1,1
3778,0,0,1,1,0,1,0,1,1,1,1,1
3779,0,0,1,1,0,0,1,1,1,1,1,1
3780,0,0,1,0,1,1,1,1,1,1,1,0
3781,0,0,1,0,1,1,1,1,1,1,0,1
3782,0,0,1,0,1,1,1,1,1,0,1,1
3783,0,0,1,0,1,1,1,1,0,1,1,1
3784,0,0,1,0,1,1,1,0,1,1,1,1
3785,0,0,1,0,1,1,0,1,1,1,1,1
3786,0,0,1,0,1,0,1,1,1,1,1,1
3787,0,0,1,0,0,1,1,1,1,1,1,1
3788,0,0,0,1,1,1,1,1,1,1,1,0
3789,0,0,0,1,1,1,1,1,1,1,0,1
3790,0,0,0,1,1,1,1,1,1,0,1,1
3791,0,0,0,1,1,1,1,1,0,1,1,1
3792,0,0,0,1,1,1,1,0,1,1,1,1
3793,0,0,0,1,1,1,0,1,1,1,1,1
3794,0,0,0,1,1,0,1,1,1,1,1,1
3795,0,0,0,1,0,1,1,1,1,1,1,1
3796,0,0,0,0,1,1,1,1,1,1,1,1
3797,1,1,1,1,1,1,1,1,1,0,0,0
3798,1,1,1,1,1,1,1,1,0,1,0,0
3799,1,1,1,1,1,1,1,1,0,0,1,0
3800,1,1,1,1,1,1,1,1,0,0,0,1
3801,1,1,1,1,1,1,1,0,1,1,0,0
3802,1,1,1,1,1,1,1,0,1,0,1,0
3803,1,1,1,1,1,1,1,0,1,0,0,1
3804,1,1,1,1,1,1,1,0,0,1,1,0
3805,1,1,1,1,1,1,1,0,0,1,0,1
3806,1,1,1,1,1,1,1,0,0,0,1,1
3807,1,1,1,1,1,1,0,1,1,1,0,0
3808,1,1,1,1,1,1,0,1,1,0,1,0
3809,1,1,1,1,1,1,0,1,1,0,0,1
3810,1,1,1,1,1,1,0,1,0,1,1,0
3811,1,1,1,1,1,1,0,1,0,1,0,1
3812,1,1,1,1,1,1,0,1,0,0,1,1
3813,1,1,1,1,1,1,0,0,1,1,1,0
3814,1,1,1,1,1,1,0,0,1,1,0,1
3815,1,1,1,1,1,1,0,0,1,0,1,1
3816,1,1,1,1,1,1,0,0,0,1,1,1
3817,1,1,1,1,1,0,1,1,1,1,0,0
3818,1,1,1,1,1,0,1,1,1,0,1,0
3819,1,1,1,1,1,0,1,1,1,0,0,1
3820,1,1,1,1,1,0,1,1,0,1,1,0
3821,1,1,1,1,1,0,1,1,0,1,0,1
3822,1,1,1,1,1,0,1,1,0,0,1,1
3823,1,1,1,1,1,0,1,0,1,1,1,0
3824,1,1,1,1,1,0,1,0,1,1,0,1
3825,1,1,1,1,1,0,1,0,1,0,1,1
3826,1,1,1,1,1,0,1,0,0,1,1,1
3827,1,1,1,1,1,0,0,1,1,1,1,0
3828,1,1,1,1,1,0,0,1,1,1,0,1
3829,1,1,1,1,1,0,0,1,1,0,1,1
3830,1,1,1,1,1,0,0,1,0,1,1,1
3831,1,1,1,1,1,0,0,0,1,1,1,1
3832,1,1,1,1,0,1,1,1,1,1,0,0
3833,1,1,1,1,0,1,1,1,1,0,1,0
3834,1,1,1,1,0,1,1,1,1,0,0,1
3835,1,1,1,1,0,1,1,1,0,1,1,0
3836,1,1,1,1,0,1,1,1,0,1,0,1
3837,1,1,1,1,0,1,1,1,0,0,1,1
3838,1,1,1,1,0,1,1,0,1,1,1,0
3839,1,1,1,1,0,1,1,0,1,1,0,1
3840,1,1,1,1,0,1,1,0,1,0,1,1
3841,1,1,1,1,0,1,1,0,0,1,1,1
3842,1,1,1,1,0,1,0,1,1,1,1,0
3843,1,1,1,1,0,1,0,1,1,1,0,1
3844,1,1,1,1,0,1,0,1,1,0,1,1
3845,1,1,1,1,0,1,0,1,0,1,1,1
3846,1,1,1,1,0,1,0,0,1,1,1,1
3847,1,1,1,1,0,0,1,1,1,1,1,0
3848,1,1,1,1,0,0,1,1,1,1,0,1
3849,1,1,1,1,0,0,1,1,1,0,1,1
3850,1,1,1,1,0,0,1,1,0,1,1,1
3851,1,1,1,1,0,0,1,0,1,1,1,1
3852,1,1,1,1,0,0,0,1,1,1,1,1
3853,1,1,1,0,1,1,1,1,1,1,0,0
3854,1,1,1,0,1,1,1,1,1,0,1,0
3855,1,1,1,0,1,1,1,1,1,0,0,1
3856,1,1,1,0,1,1,1,1,0,1,1,0
3857,1,1,1,0,1,1,1,1,0,1,0,1
3858,1,1,1,0,1,1,1,1,0,0,1,1
3859,1,1,1,0,1,1,1,0,1,1,1,0
3860,1,1,1,0,1,1,1,0,1,1,0,1
3861,1,1,1,0,1,1,1,0,1,0,1,1
3862,1,1,1,0,1,1,1,0,0,1,1,1
3863,1,1,1,0,1,1,0,1,1,1,1,0
3864,1,1,1,0,1,1,0,1,1,1,0,1
3865,1,1,1,0,1,1,0,1,1,0,1,1
3866,1,1,1,0,1,1,0,1,0,1,1,1
3867,1,1,1,0,1,1,0,0,1,1,1,1
3868,1,1,1,0,1,0,1,1,1,1,1,0
3869,1,1,1,0,1,0,1,1,1,1,0,1
3870,1,1,1,0,1,0,1,1,1,0,1,1
3871,1,1,1,0,1,0,1,1,0,1,1,1
3872,1,1,1,0,1,0,1,0,1,1,1,1
3873,1,1,1,0,1,0,0,1,1,1,1,1
3874,1,1,1,0,0,1,1,1,1,1,1,0
3875,1,1,1,0,0,1,1,1,1,1,0,1
3876,1,1,1,0,0,1,1,1,1,0,1,1
3877,1,1,1,0,0,1,1,1,0,1,1,1
3878,1,1,1,0,0,1,1,0,1,1,1,1
3879,1,1,1,0,0,1,0,1,1,1,1,1
3880,1,1,1,0,0,0,1,1,1,1,1,1
3881,1,1,0,1,1,1,1,1,1,1,0,0
3882,1,1,0,1,1,1,1,1,1,0,1,0
3883,1,1,0,1,1,1,1,1,1,0,0,1
3884,1,1,0,1,1,1,1,1,0,1,1,0
3885,1,1,0,1,1,1,1,1,0,1,0,1
3886,1,1,0,1,1,1,1,1,0,0,1,1
3887,1,1,0,1,1,1,1,0,1,1,1,0
3888,1,1,0,1,1,1,1,0,1,1,0,1
3889,1,1,0,1,1,1,1,0,1,0,1,1
3890,1,1,0,1,1,1,1,0,0,1,1,1
3891,1,1,0,1,1,1,0,1,1,1,1,0
3892,1,1,0,1,1,1,0,1,1,1,0,1
3893,1,1,0,1,1,1,0,1,1,0,1,1
3894,1,1,0,1,1,1,0,1,0,1,1,1
3895,1,1,0,1,1,1,0,0,1,1,1,1
3896,1,1,0,1,1,0,1,1,1,1,1,0
3897,1,1,0,1,1,0,1,1,1,1,0,1
3898,1,1,0,1,1,0,1,1,1,0,1,1
3899,1,1,0,1,1,0,1,1,0,1,1,1
3900,1,1,0,1,1,0,1,0,1,1,1,1
3901,1,1,0,1,1,0,0,1,1,1,1,1
3902,1,1,0,1,0,1,1,1,1,1,1,0
3903,1,1,0,1,0,1,1,1,1,1,0,1
3904,1,1,0,1,0,1,1,1,1,0,1,1
3905,1,1,0,1,0,1,1,1,0,1,1,1
3906,1,1,0,1,0,1,1,0,1,1,1,1
3907,1,1,0,1,0,1,0,1,1,1,1,1
3908,1,1,0,1,0,0,1,1,1,1,1,1
3909,1,1,0,0,1,1,1,1,1,1,1,0
3910,1,1,0,0,1,1,1,1,1,1,0,1
3911,1,1,0,0,1,1,1,1,1,0,1,1
3912,1,1,0,0,1,1,1,1,0,1,1,1
3913,1,1,0,0,1,1,1,0,1,1,1,1
3914,1,1,0,0,1,1,0,1,1,1,1,1
3915,1,1,0,0,1,0,1,1,1,1,1,1
3916,1,1,0,0,0,1,1,1,1,1,1,1
3917,1,0,1,1,1,1,1,1,1,1,0,0
3918,1,0,1,1,1,1,1,1,1,0,1,0
3919,1,0,1,1,1,1,1,1,1,0,0,1
3920,1,0,1,1,1,1,1,1,0,1,1,0
3921,1,0,1,1,1,1,1,1,0,1,0,1
3922,1,0,1,1,1,1,1,1,0,0,1,1
3923,1,0,1,1,1,1,1,0,1,1,1,0
3924,1,0,1,1,1,1,1,0,1,1,0,1
3925,1,0,1,1,1,1,1,0,1,0,1,1
3926,1,0,1,1,1,1,1,0,0,1,1,1
3927,1,0,1,1,1,1,0,1,1,1,1,0
3928,1,0,1,1,1,1,0,1,1,1,0,1
3929,1,0,1,1,1,1,0,1,1,0,1,1
3930,1,0,1,1,1,1,0,1,0,1,1,1
3931,1,0,1,1,1,1,0,0,1,1,1,1
3932,1,0,1,1,1,0,1,1,1,1,1,0
3933,1,0,1,1,1,0,1,1,1,1,0,1
3934,1,0,1,1,1,0,1,1,1,0,1,1
3935,1,0,1,1,1,0,1,1,0,1,1,1
3936,1,0,1,1,1,0,1,0,1,1,1,1
3937,1,0,1,1,1,0,0,1,1,1,1,1
3938,1,0,1,1,0,1,1,1,1,1,1,0
3939,1,0,1,1,0,1,1,1,1,1,0,1
3940,1,0,1,1,0,1,1,1,1,0,1,1
3941,1,0,1,1,0,1,1,1,0,1,1,1
3942,1,0,1,1,0,1,1,0,1,1,1,1
3943,1,0,1,1,0,1,0,1,1,1,1,1
3944,1,0,1,1,0,0,1,1,1,1,1,1
3945,1,0,1,0,1,1,1,1,1,1,1,0
3946,1,0,1,0,1,1,1,1,1,1,0,1
3947,1,0,1,0,1,1,1,1,1,0,1,1
3948,1,0,1,0,1,1,1,1,0,1,1,1
3949,1,0,1,0,1,1,1,0,1,1,1,1
3950,1,0,1,0,1,1,0,1,1,1,1,1
3951,1,0,1,0,1,0,1,1,1,1,1,1
3952,1,0,1,0,0,1,1,1,1,1,1,1
3953,1,0,0,1,1,1,1,1,1,1,1,0
3954,1,0,0,1,1,1,1,1,1,1,0,1
3955,1,0,0,1,1,1,1,1,1,0,1,1
3956,1,0,0,1,1,1,1,1,0,1,1,1
3957,1,0,0,1,1,1,1,0,1,1,1,1
3958,1,0,0,1,1,1,0,1,1,1,1,1
3959,1,0,0,1,1,0,1,1,1,1,1,1
3960,1,0,0,1,0,1,1,1,1,1,1,1
3961,1,0,0,0,1,1,1,1,1,1,1,1
3962,0,1,1,1,1,1,1,1,1,1,0,0
3963,0,1,1,1,1,1,1,1,1,0,1,0
3964,0,1,1,1,1,1,1,1,1,0,0,1
3965,0,1,1,1,1,1,1,1,0,1,1,0
3966,0,1,1,1,1,1,1,1,0,1,0,1
3967,0,1,1,1,1,1,1,1,0,0,1,1
3968,0,1,1,1,1,1,1,0,1,1,1,0
3969,0,1,1,1,1,1,1,0,1,1,0,1
3970,0,1,1,1,1,1,1,0,1,0,1,1
3971,0,1,1,1,1,1,1,0,0,1,1,1
3972,0,1,1,1,1,1,0,1,1,1,1,0
3973,0,1,1,1,1,1,0,1,1,1,0,1
3974,0,1,1,1,1,1,0,1,1,0,1,1
3975,0,1,1,1,1,1,0,1,0,1,1,1
3976,0,1,1,1,1,1,0,0,1,1,1,1
3977,0,1,1,1,1,0,1,1,1,1,1,0
3978,0,1,1,1,1,0,1,1,1,1,0,1
3979,0,1,1,1,1,0,1,1,1,0,1,1
3980,0,1,1,1,1,0,1,1,0,1,1,1
3981,0,1,1,1,1,0,1,0,1,1,1,1
3982,0,1,1,1,1,0,0,1,1,1,1,1
3983,0,1,1,1,0,1,1,1,1,1,1,0
3984,0,1,1,1,0,1,1,1,1,1,0,1
3985,0,1,1,1,0,1,1,1,1,0,1,1
3986,0,1,1,1,0,1,1,1,0,1,1,1
3987,0,1,1,1,0,1,1,0,1,1,1,1
3988,0,1,1,1,0,1,0,1,1,1,1,1
3989,0,1,1,1,0,0,1,1,1,1,1,1
3990,0,1,1,0,1,1,1,1,1,1,1,0
3991,0,1,1,0,1,1,1,1,1,1,0,1
3992,0,1,1,0,1,1,1,1,1,0,1,1
3993,0,1,1,0,1,1,1,1,0,1,1,1
3994,0,1,1,0,1,1,1,0,1,1,1,1
3995,0,1,1,0,1,1,0,1,1,1,1,1
3996,0,1,1,0,1,0,1,1,1,1,1,1
3997,0,1,1,0,0,1,1,1,1,1,1,1
3998,0,1,0,1,1,1,1,1,1,1,1,0
3999,0,1,0,1,1,1,1,1,1,1,0,1
4000,0,1,0,1,1,1,1,1,1,0,1,1
4001,0,1,0,1,1,1,1,1,0,1,1,1
4002,0,1,0,1,1,1,1,0,1,1,1,1
4003,0,1,0,1,1,1,0,1,1,1,1,1
4004,0,1,0,1,1,0,1,1,1,1,1,1
4005,0,1,0,1,0,1,1,1,1,1,1,1
4006,0,1,0,0,1,1,1,1,1,1,1,1
4007,0,0,1,1,1,1,1,1,1,1,1,0
4008,0,0,1,1,1,1,1,1,1,1,0,1
4009,0,0,1,1,1,1,1,1,1,0,1,1
4010,0,0,1,1,1,1,1,1,0,1,1,1
4011,0,0,1,1,1,1,1,0,1,1,1,1
4012,0,0,1,1,1,1,0,1,1,1,1,1
4013,0,0,1,1,1,0,1,1,1,1,1,1
4014,0,0,1,1,0,1,1,1,1,1,1,1
4015,0,0,1,0,1,1,1,1,1,1,1,1
4016,0,0,0,1,1,1,1,1,1,1,1,1
4017,1,1,1,1,1,1,1,1,1,1,0,0
4018,1,1,1,1,1,1,1,1,1,0,1,0
4019,1,1,1,1,1,1,1,1,1,0,0,1
4020,1,1,1,1,1,1,1,1,0,1,1,0
4021,1,1,1,1,1,1,1,1,0,1,0,1
4022,1,1,1,1,1,1,1,1,0,0,1,1
4023,1,1,1,1,1,1,1,0,1,1,1,0
4024,1,1,1,1,1,1,1,0,1,1,0,1
4025,1,1,1,1,1,1,1,0,1,0,1,1
4026,1,1,1,1,1,1,1,0,0,1,1,1
4027,1,1,1,1,1,1,0,1,1,1,1,0
4028,1,1,1,1,1,1,0,1,1,1,0,1
4029,1,1,1,1,1,1,0,1,1,0,1,1
4030,1,1,1,1,1,1,0,1,0,1,1,1
4031,1,1,1,1,1,1,0,0,1,1,1,1
4032,1,1,1,1,1,0,1,1,1,1,1,0
4033,1,1,1,1,1,0,1,1,1,1,0,1
4034,1,1,1,1,1,0,1,1,1,0,1,1
4035,1,1,1,1,1,0,1,1,0,1,1,1
4036,1,1,1,1,1,0,1,0,1,1,1,1
4037,1,1,1,1,1,0,0,1,1,1,1,1
4038,1,1,1,1,0,1,1,1,1,1,1,0
4039,1,1,1,1,0,1,1,1,1,1,0,1
4040,1,1,1,1,0,1,1,1,1,0,1,1
4041,1,1,1,1,0,1,1,1,0,1,1,1
4042,1,1,1,1,0,1,1,0,1,1,1,1
4043,1,1,1,1,0,1,0,1,1,1,1,1
4044,1,1,1,1,0,0,1,1,1,1,1,1
4045,1,1,1,0,1,1,1,1,1,1,1,0
4046,1,1,1,0,1,1,1,1,1,1,0,1
4047,1,1,1,0,1,1,1,1,1,0,1,1
4048,1,1,1,0,1,1,1,1,0,1,1,1
4049,1,1,1,0,1,1,1,0,1,1,1,1
4050,1,1,1,0,1,1,0,1,1,1,1,1
4051,1,1,1,0,1,0,1,1,1,1,1,1
4052,1,1,1,0,0,1,1,1,1,1,1,1
4053,1,1,0,1,1,1,1,1,1,1,1,0
4054,1,1,0,1,1,1,1,1,1,1,0,1
4055,1,1,0,1,1,1,1,1,1,0,1,1
4056,1,1,0,1,1,1,1,1,0,1,1,1
4057,1,1,0,1,1,1,1,0,1,1,1,1
4058,1,1,0,1,1,1,0,1,1,1,1,1
4059,1,1,0,1,1,0,1,1,1,1,1,1
4060,1,1,0,1,0,1,1,1,1,1,1,1
4061,1,1,0,0,1,1,1,1,1,1,1,1
4062,1,0,1,1,1,1,1,1,1,1,1,0
4063,1,0,1,1,1,1,1,1,1,1,0,1
4064,1,0,1,1,1,1,1,1,1,0,1,1
4065,1,0,1,1,1,1,1,1,0,1,1,1
4066,1,0,1,1,1,1,1,0,1,1,1,1
4067,1,0,1,1,1,1,0,1,1,1,1,1
4068,1,0,1,1,1,0,1,1,1,1,1,1
4069,1,0,1,1,0,1,1,1,1,1,1,1
4070,1,0,1,0,1,1,1,1,1,1,1,1
4071,1,0,0,1,1,1,1,1,1,1,1,1
4072,0,1,1,1,1,1,1,1,1,1,1,0
4073,0,1,1,1,1,1,1,1,1,1,0,1
4074,0,1,1,1,1,1,1,1,1,0,1,1
4075,0,1,1,1,1,1,1,1,0,1,1,1
4076,0,1,1,1,1,1,1,0,1,1,1,1
4077,0,1,1,1,1,1,0,1,1,1,1,1
4078,0,1,1,1,1,0,1,1,1,1,1,1
4079,0,1,1,1,0,1,1,1,1,1,1,1
4080,0,1,1,0,1,1,1,1,1,1,1,1
4081,0,1,0,1,1,1,1,1,1,1,1,1
4082,0,0,1,1,1,1,1,1,1,1,1,1
4083,1,1,1,1,1,1,1,1,1,1,1,0
4084,1,1,1,1,1,1,1,1,1,1,0,1
4085,1,1,1,1,1,1,1,1,1,0,1,1
4086,1,1,1,1,1,1,1,1,0,1,1,1
4087,1,1,1,1,1,1,1,0,1,1,1,1
4088,1,1,1,1,1,1,0,1,1,1,1,1
4089,1,1,1,1,1,0,1,1,1,1,1,1
4090,1,1,1,1,0,1,1,1,1,1,1,1
4091,1,1,1,0,1,1,1,1,1,1,1,1
4092,1,1,0,1,1,1,1,1,1,1,1,1
4093,1,0,1,1,1,1,1,1,1,1,1,1
4094,0,1,1,1,1,1,1,1,1,1,1,1
4095,1,1,1,1,1,1,1,1,1,1,1,1
